2026-10-02 14:38:40 - coconut_grading_ai - INFO - YOLO model loaded successfully
2026-10-02 14:38:40 - coconut_grading_ai - INFO - OpenVINO model loaded successfully: D:\Project\New folder\finalp\finalp\models\coconut_yolo_v3\weights\best_openvino_model
2026-10-02 14:39:43 - coconut_grading_ai - INFO - YOLO model loaded successfully
2026-10-02 14:39:43 - coconut_grading_ai - INFO - YOLO model loaded successfully
2026-10-02 14:39:43 - coconut_grading_ai - INFO - OpenVINO model loaded successfully: D:\Project\New folder\finalp\finalp\models\coconut_yolo_v3\weights\best_openvino_model
2026-10-02 14:39:43 - coconut_grading_ai - INFO - OpenVINO model loaded successfully: D:\Project\New folder\finalp\finalp\models\coconut_yolo_v3\weights\best_openvino_model
2026-10-02 14:40:00 - coconut_grading_ai - INFO - YOLO model loaded successfully
2026-10-02 14:40:00 - coconut_grading_ai - INFO - YOLO model loaded successfully
2026-10-02 14:40:00 - coconut_grading_ai - INFO - YOLO model loaded successfully
2026-10-02 14:40:00 - coconut_grading_ai - INFO - OpenVINO model loaded successfully: D:\Project\New folder\finalp\finalp\models\coconut_yolo_v3\weights\best_openvino_model
2026-10-02 14:40:00 - coconut_grading_ai - INFO - OpenVINO model loaded successfully: D:\Project\New folder\finalp\finalp\models\coconut_yolo_v3\weights\best_openvino_model
2026-10-02 14:40:00 - coconut_grading_ai - INFO - OpenVINO model loaded successfully: D:\Project\New folder\finalp\finalp\models\coconut_yolo_v3\weights\best_openvino_model
2026-10-02 14:40:18 - coconut_grading_ai - INFO - YOLO model loaded successfully
2026-10-02 14:40:18 - coconut_grading_ai - INFO - YOLO model loaded successfully
2026-10-02 14:40:18 - coconut_grading_ai - INFO - YOLO model loaded successfully
2026-10-02 14:40:18 - coconut_grading_ai - INFO - YOLO model loaded successfully
2026-10-02 14:40:18 - coconut_grading_ai - INFO - OpenVINO model loaded successfully: D:\Project\New folder\finalp\finalp\models\coconut_yolo_v3\weights\best_openvino_model
2026-10-02 14:40:18 - coconut_grading_ai - INFO - OpenVINO model loaded successfully: D:\Project\New folder\finalp\finalp\models\coconut_yolo_v3\weights\best_openvino_model
2026-10-02 14:40:18 - coconut_grading_ai - INFO - OpenVINO model loaded successfully: D:\Project\New folder\finalp\finalp\models\coconut_yolo_v3\weights\best_openvino_model
2026-10-02 14:40:18 - coconut_grading_ai - INFO - OpenVINO model loaded successfully: D:\Project\New folder\finalp\finalp\models\coconut_yolo_v3\weights\best_openvino_model
2026-10-02 14:40:25 - coconut_grading_ai - INFO - YOLO model loaded successfully
2026-10-02 14:40:25 - coconut_grading_ai - INFO - YOLO model loaded successfully
2026-10-02 14:40:25 - coconut_grading_ai - INFO - YOLO model loaded successfully
2026-10-02 14:40:25 - coconut_grading_ai - INFO - YOLO model loaded successfully
2026-10-02 14:40:25 - coconut_grading_ai - INFO - YOLO model loaded successfully
2026-10-02 14:40:25 - coconut_grading_ai - INFO - OpenVINO model loaded successfully: D:\Project\New folder\finalp\finalp\models\coconut_yolo_v3\weights\best_openvino_model
2026-10-02 14:40:25 - coconut_grading_ai - INFO - OpenVINO model loaded successfully: D:\Project\New folder\finalp\finalp\models\coconut_yolo_v3\weights\best_openvino_model
2026-10-02 14:40:25 - coconut_grading_ai - INFO - OpenVINO model loaded successfully: D:\Project\New folder\finalp\finalp\models\coconut_yolo_v3\weights\best_openvino_model
2026-10-02 14:40:25 - coconut_grading_ai - INFO - OpenVINO model loaded successfully: D:\Project\New folder\finalp\finalp\models\coconut_yolo_v3\weights\best_openvino_model
2026-10-02 14:40:25 - coconut_grading_ai - INFO - OpenVINO model loaded successfully: D:\Project\New folder\finalp\finalp\models\coconut_yolo_v3\weights\best_openvino_model
2026-10-02 14:40:31 - coconut_grading_ai - INFO - YOLO model loaded successfully
2026-10-02 14:40:31 - coconut_grading_ai - INFO - YOLO model loaded successfully
2026-10-02 14:40:31 - coconut_grading_ai - INFO - YOLO model loaded successfully
2026-10-02 14:40:31 - coconut_grading_ai - INFO - YOLO model loaded successfully
2026-10-02 14:40:31 - coconut_grading_ai - INFO - YOLO model loaded successfully
2026-10-02 14:40:31 - coconut_grading_ai - INFO - YOLO model loaded successfully
2026-10-02 14:40:31 - coconut_grading_ai - INFO - OpenVINO model loaded successfully: D:\Project\New folder\finalp\finalp\models\coconut_yolo_v3\weights\best_openvino_model
2026-10-02 14:40:31 - coconut_grading_ai - INFO - OpenVINO model loaded successfully: D:\Project\New folder\finalp\finalp\models\coconut_yolo_v3\weights\best_openvino_model
2026-10-02 14:40:31 - coconut_grading_ai - INFO - OpenVINO model loaded successfully: D:\Project\New folder\finalp\finalp\models\coconut_yolo_v3\weights\best_openvino_model
2026-10-02 14:40:31 - coconut_grading_ai - INFO - OpenVINO model loaded successfully: D:\Project\New folder\finalp\finalp\models\coconut_yolo_v3\weights\best_openvino_model
2026-10-02 14:40:31 - coconut_grading_ai - INFO - OpenVINO model loaded successfully: D:\Project\New folder\finalp\finalp\models\coconut_yolo_v3\weights\best_openvino_model
2026-10-02 14:40:31 - coconut_grading_ai - INFO - OpenVINO model loaded successfully: D:\Project\New folder\finalp\finalp\models\coconut_yolo_v3\weights\best_openvino_model
2026-10-02 14:40:41 - coconut_grading_ai - INFO - YOLO model loaded successfully
2026-10-02 14:40:41 - coconut_grading_ai - INFO - YOLO model loaded successfully
2026-10-02 14:40:41 - coconut_grading_ai - INFO - YOLO model loaded successfully
2026-10-02 14:40:41 - coconut_grading_ai - INFO - YOLO model loaded successfully
2026-10-02 14:40:41 - coconut_grading_ai - INFO - YOLO model loaded successfully
2026-10-02 14:40:41 - coconut_grading_ai - INFO - YOLO model loaded successfully
2026-10-02 14:40:41 - coconut_grading_ai - INFO - YOLO model loaded successfully
2026-10-02 14:40:41 - coconut_grading_ai - INFO - OpenVINO model loaded successfully: D:\Project\New folder\finalp\finalp\models\coconut_yolo_v3\weights\best_openvino_model
2026-10-02 14:40:41 - coconut_grading_ai - INFO - OpenVINO model loaded successfully: D:\Project\New folder\finalp\finalp\models\coconut_yolo_v3\weights\best_openvino_model
2026-10-02 14:40:41 - coconut_grading_ai - INFO - OpenVINO model loaded successfully: D:\Project\New folder\finalp\finalp\models\coconut_yolo_v3\weights\best_openvino_model
2026-10-02 14:40:41 - coconut_grading_ai - INFO - OpenVINO model loaded successfully: D:\Project\New folder\finalp\finalp\models\coconut_yolo_v3\weights\best_openvino_model
2026-10-02 14:40:41 - coconut_grading_ai - INFO - OpenVINO model loaded successfully: D:\Project\New folder\finalp\finalp\models\coconut_yolo_v3\weights\best_openvino_model
2026-10-02 14:40:41 - coconut_grading_ai - INFO - OpenVINO model loaded successfully: D:\Project\New folder\finalp\finalp\models\coconut_yolo_v3\weights\best_openvino_model
2026-10-02 14:40:41 - coconut_grading_ai - INFO - OpenVINO model loaded successfully: D:\Project\New folder\finalp\finalp\models\coconut_yolo_v3\weights\best_openvino_model
2026-10-02 14:40:41 - coconut_grading_ai - INFO - YOLO model loaded successfully
2026-10-02 14:40:41 - coconut_grading_ai - INFO - YOLO model loaded successfully
2026-10-02 14:40:41 - coconut_grading_ai - INFO - YOLO model loaded successfully
2026-10-02 14:40:41 - coconut_grading_ai - INFO - YOLO model loaded successfully
2026-10-02 14:40:41 - coconut_grading_ai - INFO - YOLO model loaded successfully
2026-10-02 14:40:41 - coconut_grading_ai - INFO - YOLO model loaded successfully
2026-10-02 14:40:41 - coconut_grading_ai - INFO - YOLO model loaded successfully
2026-10-02 14:40:41 - coconut_grading_ai - INFO - YOLO model loaded successfully
2026-10-02 14:40:41 - coconut_grading_ai - INFO - OpenVINO model loaded successfully: D:\Project\New folder\finalp\finalp\models\coconut_yolo_v3\weights\best_openvino_model
2026-10-02 14:40:41 - coconut_grading_ai - INFO - OpenVINO model loaded successfully: D:\Project\New folder\finalp\finalp\models\coconut_yolo_v3\weights\best_openvino_model
2026-10-02 14:40:41 - coconut_grading_ai - INFO - OpenVINO model loaded successfully: D:\Project\New folder\finalp\finalp\models\coconut_yolo_v3\weights\best_openvino_model
2026-10-02 14:40:41 - coconut_grading_ai - INFO - OpenVINO model loaded successfully: D:\Project\New folder\finalp\finalp\models\coconut_yolo_v3\weights\best_openvino_model
2026-10-02 14:40:41 - coconut_grading_ai - INFO - OpenVINO model loaded successfully: D:\Project\New folder\finalp\finalp\models\coconut_yolo_v3\weights\best_openvino_model
2026-10-02 14:40:41 - coconut_grading_ai - INFO - OpenVINO model loaded successfully: D:\Project\New folder\finalp\finalp\models\coconut_yolo_v3\weights\best_openvino_model
2026-10-02 14:40:41 - coconut_grading_ai - INFO - OpenVINO model loaded successfully: D:\Project\New folder\finalp\finalp\models\coconut_yolo_v3\weights\best_openvino_model
2026-10-02 14:40:41 - coconut_grading_ai - INFO - OpenVINO model loaded successfully: D:\Project\New folder\finalp\finalp\models\coconut_yolo_v3\weights\best_openvino_model
2026-10-02 14:40:42 - coconut_grading_ai - INFO - User Action: user=vishnu, action=register, details=role=farmer
2026-10-02 14:40:42 - coconut_grading_ai - INFO - User Action: user=vishnu, action=register, details=role=farmer
2026-10-02 14:40:42 - coconut_grading_ai - INFO - User Action: user=vishnu, action=register, details=role=farmer
2026-10-02 14:40:42 - coconut_grading_ai - INFO - User Action: user=vishnu, action=register, details=role=farmer
2026-10-02 14:40:42 - coconut_grading_ai - INFO - User Action: user=vishnu, action=register, details=role=farmer
2026-10-02 14:40:42 - coconut_grading_ai - INFO - User Action: user=vishnu, action=register, details=role=farmer
2026-10-02 14:40:42 - coconut_grading_ai - INFO - User Action: user=vishnu, action=register, details=role=farmer
2026-10-02 14:40:42 - coconut_grading_ai - INFO - User Action: user=vishnu, action=register, details=role=farmer
2026-10-02 14:40:53 - coconut_grading_ai - INFO - YOLO model loaded successfully
2026-10-02 14:40:53 - coconut_grading_ai - INFO - YOLO model loaded successfully
2026-10-02 14:40:53 - coconut_grading_ai - INFO - YOLO model loaded successfully
2026-10-02 14:40:53 - coconut_grading_ai - INFO - YOLO model loaded successfully
2026-10-02 14:40:53 - coconut_grading_ai - INFO - YOLO model loaded successfully
2026-10-02 14:40:53 - coconut_grading_ai - INFO - YOLO model loaded successfully
2026-10-02 14:40:53 - coconut_grading_ai - INFO - YOLO model loaded successfully
2026-10-02 14:40:53 - coconut_grading_ai - INFO - YOLO model loaded successfully
2026-10-02 14:40:53 - coconut_grading_ai - INFO - YOLO model loaded successfully
2026-10-02 14:40:53 - coconut_grading_ai - INFO - OpenVINO model loaded successfully: D:\Project\New folder\finalp\finalp\models\coconut_yolo_v3\weights\best_openvino_model
2026-10-02 14:40:53 - coconut_grading_ai - INFO - OpenVINO model loaded successfully: D:\Project\New folder\finalp\finalp\models\coconut_yolo_v3\weights\best_openvino_model
2026-10-02 14:40:53 - coconut_grading_ai - INFO - OpenVINO model loaded successfully: D:\Project\New folder\finalp\finalp\models\coconut_yolo_v3\weights\best_openvino_model
2026-10-02 14:40:53 - coconut_grading_ai - INFO - OpenVINO model loaded successfully: D:\Project\New folder\finalp\finalp\models\coconut_yolo_v3\weights\best_openvino_model
2026-10-02 14:40:53 - coconut_grading_ai - INFO - OpenVINO model loaded successfully: D:\Project\New folder\finalp\finalp\models\coconut_yolo_v3\weights\best_openvino_model
2026-10-02 14:40:53 - coconut_grading_ai - INFO - OpenVINO model loaded successfully: D:\Project\New folder\finalp\finalp\models\coconut_yolo_v3\weights\best_openvino_model
2026-10-02 14:40:53 - coconut_grading_ai - INFO - OpenVINO model loaded successfully: D:\Project\New folder\finalp\finalp\models\coconut_yolo_v3\weights\best_openvino_model
2026-10-02 14:40:53 - coconut_grading_ai - INFO - OpenVINO model loaded successfully: D:\Project\New folder\finalp\finalp\models\coconut_yolo_v3\weights\best_openvino_model
2026-10-02 14:40:53 - coconut_grading_ai - INFO - OpenVINO model loaded successfully: D:\Project\New folder\finalp\finalp\models\coconut_yolo_v3\weights\best_openvino_model
2026-10-02 14:40:55 - coconut_grading_ai - INFO - YOLO model loaded successfully
2026-10-02 14:40:55 - coconut_grading_ai - INFO - YOLO model loaded successfully
2026-10-02 14:40:55 - coconut_grading_ai - INFO - YOLO model loaded successfully
2026-10-02 14:40:55 - coconut_grading_ai - INFO - YOLO model loaded successfully
2026-10-02 14:40:55 - coconut_grading_ai - INFO - YOLO model loaded successfully
2026-10-02 14:40:55 - coconut_grading_ai - INFO - YOLO model loaded successfully
2026-10-02 14:40:55 - coconut_grading_ai - INFO - YOLO model loaded successfully
2026-10-02 14:40:55 - coconut_grading_ai - INFO - YOLO model loaded successfully
2026-10-02 14:40:55 - coconut_grading_ai - INFO - YOLO model loaded successfully
2026-10-02 14:40:55 - coconut_grading_ai - INFO - YOLO model loaded successfully
2026-10-02 14:40:55 - coconut_grading_ai - INFO - OpenVINO model loaded successfully: D:\Project\New folder\finalp\finalp\models\coconut_yolo_v3\weights\best_openvino_model
2026-10-02 14:40:55 - coconut_grading_ai - INFO - OpenVINO model loaded successfully: D:\Project\New folder\finalp\finalp\models\coconut_yolo_v3\weights\best_openvino_model
2026-10-02 14:40:55 - coconut_grading_ai - INFO - OpenVINO model loaded successfully: D:\Project\New folder\finalp\finalp\models\coconut_yolo_v3\weights\best_openvino_model
2026-10-02 14:40:55 - coconut_grading_ai - INFO - OpenVINO model loaded successfully: D:\Project\New folder\finalp\finalp\models\coconut_yolo_v3\weights\best_openvino_model
2026-10-02 14:40:55 - coconut_grading_ai - INFO - OpenVINO model loaded successfully: D:\Project\New folder\finalp\finalp\models\coconut_yolo_v3\weights\best_openvino_model
2026-10-02 14:40:55 - coconut_grading_ai - INFO - OpenVINO model loaded successfully: D:\Project\New folder\finalp\finalp\models\coconut_yolo_v3\weights\best_openvino_model
2026-10-02 14:40:55 - coconut_grading_ai - INFO - OpenVINO model loaded successfully: D:\Project\New folder\finalp\finalp\models\coconut_yolo_v3\weights\best_openvino_model
2026-10-02 14:40:55 - coconut_grading_ai - INFO - OpenVINO model loaded successfully: D:\Project\New folder\finalp\finalp\models\coconut_yolo_v3\weights\best_openvino_model
2026-10-02 14:40:55 - coconut_grading_ai - INFO - OpenVINO model loaded successfully: D:\Project\New folder\finalp\finalp\models\coconut_yolo_v3\weights\best_openvino_model
2026-10-02 14:40:55 - coconut_grading_ai - INFO - OpenVINO model loaded successfully: D:\Project\New folder\finalp\finalp\models\coconut_yolo_v3\weights\best_openvino_model
2026-10-02 14:40:57 - coconut_grading_ai - INFO - YOLO model loaded successfully
2026-10-02 14:40:57 - coconut_grading_ai - INFO - YOLO model loaded successfully
2026-10-02 14:40:57 - coconut_grading_ai - INFO - YOLO model loaded successfully
2026-10-02 14:40:57 - coconut_grading_ai - INFO - YOLO model loaded successfully
2026-10-02 14:40:57 - coconut_grading_ai - INFO - YOLO model loaded successfully
2026-10-02 14:40:57 - coconut_grading_ai - INFO - YOLO model loaded successfully
2026-10-02 14:40:57 - coconut_grading_ai - INFO - YOLO model loaded successfully
2026-10-02 14:40:57 - coconut_grading_ai - INFO - YOLO model loaded successfully
2026-10-02 14:40:57 - coconut_grading_ai - INFO - YOLO model loaded successfully
2026-10-02 14:40:57 - coconut_grading_ai - INFO - YOLO model loaded successfully
2026-10-02 14:40:57 - coconut_grading_ai - INFO - YOLO model loaded successfully
2026-10-02 14:40:57 - coconut_grading_ai - INFO - OpenVINO model loaded successfully: D:\Project\New folder\finalp\finalp\models\coconut_yolo_v3\weights\best_openvino_model
2026-10-02 14:40:57 - coconut_grading_ai - INFO - OpenVINO model loaded successfully: D:\Project\New folder\finalp\finalp\models\coconut_yolo_v3\weights\best_openvino_model
2026-10-02 14:40:57 - coconut_grading_ai - INFO - OpenVINO model loaded successfully: D:\Project\New folder\finalp\finalp\models\coconut_yolo_v3\weights\best_openvino_model
2026-10-02 14:40:57 - coconut_grading_ai - INFO - OpenVINO model loaded successfully: D:\Project\New folder\finalp\finalp\models\coconut_yolo_v3\weights\best_openvino_model
2026-10-02 14:40:57 - coconut_grading_ai - INFO - OpenVINO model loaded successfully: D:\Project\New folder\finalp\finalp\models\coconut_yolo_v3\weights\best_openvino_model
2026-10-02 14:40:57 - coconut_grading_ai - INFO - OpenVINO model loaded successfully: D:\Project\New folder\finalp\finalp\models\coconut_yolo_v3\weights\best_openvino_model
2026-10-02 14:40:57 - coconut_grading_ai - INFO - OpenVINO model loaded successfully: D:\Project\New folder\finalp\finalp\models\coconut_yolo_v3\weights\best_openvino_model
2026-10-02 14:40:57 - coconut_grading_ai - INFO - OpenVINO model loaded successfully: D:\Project\New folder\finalp\finalp\models\coconut_yolo_v3\weights\best_openvino_model
2026-10-02 14:40:57 - coconut_grading_ai - INFO - OpenVINO model loaded successfully: D:\Project\New folder\finalp\finalp\models\coconut_yolo_v3\weights\best_openvino_model
2026-10-02 14:40:57 - coconut_grading_ai - INFO - OpenVINO model loaded successfully: D:\Project\New folder\finalp\finalp\models\coconut_yolo_v3\weights\best_openvino_model
2026-10-02 14:40:57 - coconut_grading_ai - INFO - OpenVINO model loaded successfully: D:\Project\New folder\finalp\finalp\models\coconut_yolo_v3\weights\best_openvino_model
2026-10-02 14:40:58 - coconut_grading_ai - INFO - User Action: user=vishnu, action=login, details=successful
2026-10-02 14:40:58 - coconut_grading_ai - INFO - User Action: user=vishnu, action=login, details=successful
2026-10-02 14:40:58 - coconut_grading_ai - INFO - User Action: user=vishnu, action=login, details=successful
2026-10-02 14:40:58 - coconut_grading_ai - INFO - User Action: user=vishnu, action=login, details=successful
2026-10-02 14:40:58 - coconut_grading_ai - INFO - User Action: user=vishnu, action=login, details=successful
2026-10-02 14:40:58 - coconut_grading_ai - INFO - User Action: user=vishnu, action=login, details=successful
2026-10-02 14:40:58 - coconut_grading_ai - INFO - User Action: user=vishnu, action=login, details=successful
2026-10-02 14:40:58 - coconut_grading_ai - INFO - User Action: user=vishnu, action=login, details=successful
2026-10-02 14:40:58 - coconut_grading_ai - INFO - User Action: user=vishnu, action=login, details=successful
2026-10-02 14:40:58 - coconut_grading_ai - INFO - User Action: user=vishnu, action=login, details=successful
2026-10-02 14:40:58 - coconut_grading_ai - INFO - User Action: user=vishnu, action=login, details=successful
2026-10-02 14:40:59 - coconut_grading_ai - INFO - YOLO model loaded successfully
2026-10-02 14:40:59 - coconut_grading_ai - INFO - YOLO model loaded successfully
2026-10-02 14:40:59 - coconut_grading_ai - INFO - YOLO model loaded successfully
2026-10-02 14:40:59 - coconut_grading_ai - INFO - YOLO model loaded successfully
2026-10-02 14:40:59 - coconut_grading_ai - INFO - YOLO model loaded successfully
2026-10-02 14:40:59 - coconut_grading_ai - INFO - YOLO model loaded successfully
2026-10-02 14:40:59 - coconut_grading_ai - INFO - YOLO model loaded successfully
2026-10-02 14:40:59 - coconut_grading_ai - INFO - YOLO model loaded successfully
2026-10-02 14:40:59 - coconut_grading_ai - INFO - YOLO model loaded successfully
2026-10-02 14:40:59 - coconut_grading_ai - INFO - YOLO model loaded successfully
2026-10-02 14:40:59 - coconut_grading_ai - INFO - YOLO model loaded successfully
2026-10-02 14:40:59 - coconut_grading_ai - INFO - YOLO model loaded successfully
2026-10-02 14:40:59 - coconut_grading_ai - INFO - OpenVINO model loaded successfully: D:\Project\New folder\finalp\finalp\models\coconut_yolo_v3\weights\best_openvino_model
2026-10-02 14:40:59 - coconut_grading_ai - INFO - OpenVINO model loaded successfully: D:\Project\New folder\finalp\finalp\models\coconut_yolo_v3\weights\best_openvino_model
2026-10-02 14:40:59 - coconut_grading_ai - INFO - OpenVINO model loaded successfully: D:\Project\New folder\finalp\finalp\models\coconut_yolo_v3\weights\best_openvino_model
2026-10-02 14:40:59 - coconut_grading_ai - INFO - OpenVINO model loaded successfully: D:\Project\New folder\finalp\finalp\models\coconut_yolo_v3\weights\best_openvino_model
2026-10-02 14:40:59 - coconut_grading_ai - INFO - OpenVINO model loaded successfully: D:\Project\New folder\finalp\finalp\models\coconut_yolo_v3\weights\best_openvino_model
2026-10-02 14:40:59 - coconut_grading_ai - INFO - OpenVINO model loaded successfully: D:\Project\New folder\finalp\finalp\models\coconut_yolo_v3\weights\best_openvino_model
2026-10-02 14:40:59 - coconut_grading_ai - INFO - OpenVINO model loaded successfully: D:\Project\New folder\finalp\finalp\models\coconut_yolo_v3\weights\best_openvino_model
2026-10-02 14:40:59 - coconut_grading_ai - INFO - OpenVINO model loaded successfully: D:\Project\New folder\finalp\finalp\models\coconut_yolo_v3\weights\best_openvino_model
2026-10-02 14:40:59 - coconut_grading_ai - INFO - OpenVINO model loaded successfully: D:\Project\New folder\finalp\finalp\models\coconut_yolo_v3\weights\best_openvino_model
2026-10-02 14:40:59 - coconut_grading_ai - INFO - OpenVINO model loaded successfully: D:\Project\New folder\finalp\finalp\models\coconut_yolo_v3\weights\best_openvino_model
2026-10-02 14:40:59 - coconut_grading_ai - INFO - OpenVINO model loaded successfully: D:\Project\New folder\finalp\finalp\models\coconut_yolo_v3\weights\best_openvino_model
2026-10-02 14:40:59 - coconut_grading_ai - INFO - OpenVINO model loaded successfully: D:\Project\New folder\finalp\finalp\models\coconut_yolo_v3\weights\best_openvino_model
2026-10-02 14:41:34 - coconut_grading_ai - INFO - YOLO model loaded successfully
2026-10-02 14:41:34 - coconut_grading_ai - INFO - YOLO model loaded successfully
2026-10-02 14:41:34 - coconut_grading_ai - INFO - YOLO model loaded successfully
2026-10-02 14:41:34 - coconut_grading_ai - INFO - YOLO model loaded successfully
2026-10-02 14:41:34 - coconut_grading_ai - INFO - YOLO model loaded successfully
2026-10-02 14:41:34 - coconut_grading_ai - INFO - YOLO model loaded successfully
2026-10-02 14:41:34 - coconut_grading_ai - INFO - YOLO model loaded successfully
2026-10-02 14:41:34 - coconut_grading_ai - INFO - YOLO model loaded successfully
2026-10-02 14:41:34 - coconut_grading_ai - INFO - YOLO model loaded successfully
2026-10-02 14:41:34 - coconut_grading_ai - INFO - YOLO model loaded successfully
2026-10-02 14:41:34 - coconut_grading_ai - INFO - YOLO model loaded successfully
2026-10-02 14:41:34 - coconut_grading_ai - INFO - YOLO model loaded successfully
2026-10-02 14:41:34 - coconut_grading_ai - INFO - YOLO model loaded successfully
2026-10-02 14:41:34 - coconut_grading_ai - INFO - OpenVINO model loaded successfully: D:\Project\New folder\finalp\finalp\models\coconut_yolo_v3\weights\best_openvino_model
2026-10-02 14:41:34 - coconut_grading_ai - INFO - OpenVINO model loaded successfully: D:\Project\New folder\finalp\finalp\models\coconut_yolo_v3\weights\best_openvino_model
2026-10-02 14:41:34 - coconut_grading_ai - INFO - OpenVINO model loaded successfully: D:\Project\New folder\finalp\finalp\models\coconut_yolo_v3\weights\best_openvino_model
2026-10-02 14:41:34 - coconut_grading_ai - INFO - OpenVINO model loaded successfully: D:\Project\New folder\finalp\finalp\models\coconut_yolo_v3\weights\best_openvino_model
2026-10-02 14:41:34 - coconut_grading_ai - INFO - OpenVINO model loaded successfully: D:\Project\New folder\finalp\finalp\models\coconut_yolo_v3\weights\best_openvino_model
2026-10-02 14:41:34 - coconut_grading_ai - INFO - OpenVINO model loaded successfully: D:\Project\New folder\finalp\finalp\models\coconut_yolo_v3\weights\best_openvino_model
2026-10-02 14:41:34 - coconut_grading_ai - INFO - OpenVINO model loaded successfully: D:\Project\New folder\finalp\finalp\models\coconut_yolo_v3\weights\best_openvino_model
2026-10-02 14:41:34 - coconut_grading_ai - INFO - OpenVINO model loaded successfully: D:\Project\New folder\finalp\finalp\models\coconut_yolo_v3\weights\best_openvino_model
2026-10-02 14:41:34 - coconut_grading_ai - INFO - OpenVINO model loaded successfully: D:\Project\New folder\finalp\finalp\models\coconut_yolo_v3\weights\best_openvino_model
2026-10-02 14:41:34 - coconut_grading_ai - INFO - OpenVINO model loaded successfully: D:\Project\New folder\finalp\finalp\models\coconut_yolo_v3\weights\best_openvino_model
2026-10-02 14:41:34 - coconut_grading_ai - INFO - OpenVINO model loaded successfully: D:\Project\New folder\finalp\finalp\models\coconut_yolo_v3\weights\best_openvino_model
2026-10-02 14:41:34 - coconut_grading_ai - INFO - OpenVINO model loaded successfully: D:\Project\New folder\finalp\finalp\models\coconut_yolo_v3\weights\best_openvino_model
2026-10-02 14:41:34 - coconut_grading_ai - INFO - OpenVINO model loaded successfully: D:\Project\New folder\finalp\finalp\models\coconut_yolo_v3\weights\best_openvino_model
2026-10-02 14:41:41 - coconut_grading_ai - INFO - YOLO model loaded successfully
2026-10-02 14:41:41 - coconut_grading_ai - INFO - YOLO model loaded successfully
2026-10-02 14:41:41 - coconut_grading_ai - INFO - YOLO model loaded successfully
2026-10-02 14:41:41 - coconut_grading_ai - INFO - YOLO model loaded successfully
2026-10-02 14:41:41 - coconut_grading_ai - INFO - YOLO model loaded successfully
2026-10-02 14:41:41 - coconut_grading_ai - INFO - YOLO model loaded successfully
2026-10-02 14:41:41 - coconut_grading_ai - INFO - YOLO model loaded successfully
2026-10-02 14:41:41 - coconut_grading_ai - INFO - YOLO model loaded successfully
2026-10-02 14:41:41 - coconut_grading_ai - INFO - YOLO model loaded successfully
2026-10-02 14:41:41 - coconut_grading_ai - INFO - YOLO model loaded successfully
2026-10-02 14:41:41 - coconut_grading_ai - INFO - YOLO model loaded successfully
2026-10-02 14:41:41 - coconut_grading_ai - INFO - YOLO model loaded successfully
2026-10-02 14:41:41 - coconut_grading_ai - INFO - YOLO model loaded successfully
2026-10-02 14:41:41 - coconut_grading_ai - INFO - YOLO model loaded successfully
2026-10-02 14:41:41 - coconut_grading_ai - INFO - OpenVINO model loaded successfully: D:\Project\New folder\finalp\finalp\models\coconut_yolo_v3\weights\best_openvino_model
2026-10-02 14:41:41 - coconut_grading_ai - INFO - OpenVINO model loaded successfully: D:\Project\New folder\finalp\finalp\models\coconut_yolo_v3\weights\best_openvino_model
2026-10-02 14:41:41 - coconut_grading_ai - INFO - OpenVINO model loaded successfully: D:\Project\New folder\finalp\finalp\models\coconut_yolo_v3\weights\best_openvino_model
2026-10-02 14:41:41 - coconut_grading_ai - INFO - OpenVINO model loaded successfully: D:\Project\New folder\finalp\finalp\models\coconut_yolo_v3\weights\best_openvino_model
2026-10-02 14:41:41 - coconut_grading_ai - INFO - OpenVINO model loaded successfully: D:\Project\New folder\finalp\finalp\models\coconut_yolo_v3\weights\best_openvino_model
2026-10-02 14:41:41 - coconut_grading_ai - INFO - OpenVINO model loaded successfully: D:\Project\New folder\finalp\finalp\models\coconut_yolo_v3\weights\best_openvino_model
2026-10-02 14:41:41 - coconut_grading_ai - INFO - OpenVINO model loaded successfully: D:\Project\New folder\finalp\finalp\models\coconut_yolo_v3\weights\best_openvino_model
2026-10-02 14:41:41 - coconut_grading_ai - INFO - OpenVINO model loaded successfully: D:\Project\New folder\finalp\finalp\models\coconut_yolo_v3\weights\best_openvino_model
2026-10-02 14:41:41 - coconut_grading_ai - INFO - OpenVINO model loaded successfully: D:\Project\New folder\finalp\finalp\models\coconut_yolo_v3\weights\best_openvino_model
2026-10-02 14:41:41 - coconut_grading_ai - INFO - OpenVINO model loaded successfully: D:\Project\New folder\finalp\finalp\models\coconut_yolo_v3\weights\best_openvino_model
2026-10-02 14:41:41 - coconut_grading_ai - INFO - OpenVINO model loaded successfully: D:\Project\New folder\finalp\finalp\models\coconut_yolo_v3\weights\best_openvino_model
2026-10-02 14:41:41 - coconut_grading_ai - INFO - OpenVINO model loaded successfully: D:\Project\New folder\finalp\finalp\models\coconut_yolo_v3\weights\best_openvino_model
2026-10-02 14:41:41 - coconut_grading_ai - INFO - OpenVINO model loaded successfully: D:\Project\New folder\finalp\finalp\models\coconut_yolo_v3\weights\best_openvino_model
2026-10-02 14:41:41 - coconut_grading_ai - INFO - OpenVINO model loaded successfully: D:\Project\New folder\finalp\finalp\models\coconut_yolo_v3\weights\best_openvino_model
2026-10-02 14:41:55 - coconut_grading_ai - INFO - Analysis: user=vishnu, file=6_jpg.rf.ae02ac081a2915e3957d00f91e3fa905.jpg, coconuts=1, grade=Grade B (Fresh Green), time=14.05s
2026-10-02 14:41:55 - coconut_grading_ai - INFO - Analysis: user=vishnu, file=6_jpg.rf.ae02ac081a2915e3957d00f91e3fa905.jpg, coconuts=1, grade=Grade B (Fresh Green), time=14.05s
2026-10-02 14:41:55 - coconut_grading_ai - INFO - Analysis: user=vishnu, file=6_jpg.rf.ae02ac081a2915e3957d00f91e3fa905.jpg, coconuts=1, grade=Grade B (Fresh Green), time=14.05s
2026-10-02 14:41:55 - coconut_grading_ai - INFO - Analysis: user=vishnu, file=6_jpg.rf.ae02ac081a2915e3957d00f91e3fa905.jpg, coconuts=1, grade=Grade B (Fresh Green), time=14.05s
2026-10-02 14:41:55 - coconut_grading_ai - INFO - Analysis: user=vishnu, file=6_jpg.rf.ae02ac081a2915e3957d00f91e3fa905.jpg, coconuts=1, grade=Grade B (Fresh Green), time=14.05s
2026-10-02 14:41:55 - coconut_grading_ai - INFO - Analysis: user=vishnu, file=6_jpg.rf.ae02ac081a2915e3957d00f91e3fa905.jpg, coconuts=1, grade=Grade B (Fresh Green), time=14.05s
2026-10-02 14:41:55 - coconut_grading_ai - INFO - Analysis: user=vishnu, file=6_jpg.rf.ae02ac081a2915e3957d00f91e3fa905.jpg, coconuts=1, grade=Grade B (Fresh Green), time=14.05s
2026-10-02 14:41:55 - coconut_grading_ai - INFO - Analysis: user=vishnu, file=6_jpg.rf.ae02ac081a2915e3957d00f91e3fa905.jpg, coconuts=1, grade=Grade B (Fresh Green), time=14.05s
2026-10-02 14:41:55 - coconut_grading_ai - INFO - Analysis: user=vishnu, file=6_jpg.rf.ae02ac081a2915e3957d00f91e3fa905.jpg, coconuts=1, grade=Grade B (Fresh Green), time=14.05s
2026-10-02 14:41:55 - coconut_grading_ai - INFO - Analysis: user=vishnu, file=6_jpg.rf.ae02ac081a2915e3957d00f91e3fa905.jpg, coconuts=1, grade=Grade B (Fresh Green), time=14.05s
2026-10-02 14:41:55 - coconut_grading_ai - INFO - Analysis: user=vishnu, file=6_jpg.rf.ae02ac081a2915e3957d00f91e3fa905.jpg, coconuts=1, grade=Grade B (Fresh Green), time=14.05s
2026-10-02 14:41:55 - coconut_grading_ai - INFO - Analysis: user=vishnu, file=6_jpg.rf.ae02ac081a2915e3957d00f91e3fa905.jpg, coconuts=1, grade=Grade B (Fresh Green), time=14.05s
2026-10-02 14:41:55 - coconut_grading_ai - INFO - Analysis: user=vishnu, file=6_jpg.rf.ae02ac081a2915e3957d00f91e3fa905.jpg, coconuts=1, grade=Grade B (Fresh Green), time=14.05s
2026-10-02 14:41:55 - coconut_grading_ai - INFO - Analysis: user=vishnu, file=6_jpg.rf.ae02ac081a2915e3957d00f91e3fa905.jpg, coconuts=1, grade=Grade B (Fresh Green), time=14.05s
2026-10-02 14:42:20 - coconut_grading_ai - INFO - YOLO model loaded successfully
2026-10-02 14:42:20 - coconut_grading_ai - INFO - YOLO model loaded successfully
2026-10-02 14:42:20 - coconut_grading_ai - INFO - YOLO model loaded successfully
2026-10-02 14:42:20 - coconut_grading_ai - INFO - YOLO model loaded successfully
2026-10-02 14:42:20 - coconut_grading_ai - INFO - YOLO model loaded successfully
2026-10-02 14:42:20 - coconut_grading_ai - INFO - YOLO model loaded successfully
2026-10-02 14:42:20 - coconut_grading_ai - INFO - YOLO model loaded successfully
2026-10-02 14:42:20 - coconut_grading_ai - INFO - YOLO model loaded successfully
2026-10-02 14:42:20 - coconut_grading_ai - INFO - YOLO model loaded successfully
2026-10-02 14:42:20 - coconut_grading_ai - INFO - YOLO model loaded successfully
2026-10-02 14:42:20 - coconut_grading_ai - INFO - YOLO model loaded successfully
2026-10-02 14:42:20 - coconut_grading_ai - INFO - YOLO model loaded successfully
2026-10-02 14:42:20 - coconut_grading_ai - INFO - YOLO model loaded successfully
2026-10-02 14:42:20 - coconut_grading_ai - INFO - YOLO model loaded successfully
2026-10-02 14:42:20 - coconut_grading_ai - INFO - YOLO model loaded successfully
2026-10-02 14:42:20 - coconut_grading_ai - INFO - OpenVINO model loaded successfully: D:\Project\New folder\finalp\finalp\models\coconut_yolo_v3\weights\best_openvino_model
2026-10-02 14:42:20 - coconut_grading_ai - INFO - OpenVINO model loaded successfully: D:\Project\New folder\finalp\finalp\models\coconut_yolo_v3\weights\best_openvino_model
2026-10-02 14:42:20 - coconut_grading_ai - INFO - OpenVINO model loaded successfully: D:\Project\New folder\finalp\finalp\models\coconut_yolo_v3\weights\best_openvino_model
2026-10-02 14:42:20 - coconut_grading_ai - INFO - OpenVINO model loaded successfully: D:\Project\New folder\finalp\finalp\models\coconut_yolo_v3\weights\best_openvino_model
2026-10-02 14:42:20 - coconut_grading_ai - INFO - OpenVINO model loaded successfully: D:\Project\New folder\finalp\finalp\models\coconut_yolo_v3\weights\best_openvino_model
2026-10-02 14:42:20 - coconut_grading_ai - INFO - OpenVINO model loaded successfully: D:\Project\New folder\finalp\finalp\models\coconut_yolo_v3\weights\best_openvino_model
2026-10-02 14:42:20 - coconut_grading_ai - INFO - OpenVINO model loaded successfully: D:\Project\New folder\finalp\finalp\models\coconut_yolo_v3\weights\best_openvino_model
2026-10-02 14:42:20 - coconut_grading_ai - INFO - OpenVINO model loaded successfully: D:\Project\New folder\finalp\finalp\models\coconut_yolo_v3\weights\best_openvino_model
2026-10-02 14:42:20 - coconut_grading_ai - INFO - OpenVINO model loaded successfully: D:\Project\New folder\finalp\finalp\models\coconut_yolo_v3\weights\best_openvino_model
2026-10-02 14:42:20 - coconut_grading_ai - INFO - OpenVINO model loaded successfully: D:\Project\New folder\finalp\finalp\models\coconut_yolo_v3\weights\best_openvino_model
2026-10-02 14:42:20 - coconut_grading_ai - INFO - OpenVINO model loaded successfully: D:\Project\New folder\finalp\finalp\models\coconut_yolo_v3\weights\best_openvino_model
2026-10-02 14:42:20 - coconut_grading_ai - INFO - OpenVINO model loaded successfully: D:\Project\New folder\finalp\finalp\models\coconut_yolo_v3\weights\best_openvino_model
2026-10-02 14:42:20 - coconut_grading_ai - INFO - OpenVINO model loaded successfully: D:\Project\New folder\finalp\finalp\models\coconut_yolo_v3\weights\best_openvino_model
2026-10-02 14:42:20 - coconut_grading_ai - INFO - OpenVINO model loaded successfully: D:\Project\New folder\finalp\finalp\models\coconut_yolo_v3\weights\best_openvino_model
2026-10-02 14:42:20 - coconut_grading_ai - INFO - OpenVINO model loaded successfully: D:\Project\New folder\finalp\finalp\models\coconut_yolo_v3\weights\best_openvino_model
2026-10-02 14:42:23 - coconut_grading_ai - INFO - YOLO model loaded successfully
2026-10-02 14:42:23 - coconut_grading_ai - INFO - YOLO model loaded successfully
2026-10-02 14:42:23 - coconut_grading_ai - INFO - YOLO model loaded successfully
2026-10-02 14:42:23 - coconut_grading_ai - INFO - YOLO model loaded successfully
2026-10-02 14:42:23 - coconut_grading_ai - INFO - YOLO model loaded successfully
2026-10-02 14:42:23 - coconut_grading_ai - INFO - YOLO model loaded successfully
2026-10-02 14:42:23 - coconut_grading_ai - INFO - YOLO model loaded successfully
2026-10-02 14:42:23 - coconut_grading_ai - INFO - YOLO model loaded successfully
2026-10-02 14:42:23 - coconut_grading_ai - INFO - YOLO model loaded successfully
2026-10-02 14:42:23 - coconut_grading_ai - INFO - YOLO model loaded successfully
2026-10-02 14:42:23 - coconut_grading_ai - INFO - YOLO model loaded successfully
2026-10-02 14:42:23 - coconut_grading_ai - INFO - YOLO model loaded successfully
2026-10-02 14:42:23 - coconut_grading_ai - INFO - YOLO model loaded successfully
2026-10-02 14:42:23 - coconut_grading_ai - INFO - YOLO model loaded successfully
2026-10-02 14:42:23 - coconut_grading_ai - INFO - YOLO model loaded successfully
2026-10-02 14:42:23 - coconut_grading_ai - INFO - YOLO model loaded successfully
2026-10-02 14:42:23 - coconut_grading_ai - INFO - OpenVINO model loaded successfully: D:\Project\New folder\finalp\finalp\models\coconut_yolo_v3\weights\best_openvino_model
2026-10-02 14:42:23 - coconut_grading_ai - INFO - OpenVINO model loaded successfully: D:\Project\New folder\finalp\finalp\models\coconut_yolo_v3\weights\best_openvino_model
2026-10-02 14:42:23 - coconut_grading_ai - INFO - OpenVINO model loaded successfully: D:\Project\New folder\finalp\finalp\models\coconut_yolo_v3\weights\best_openvino_model
2026-10-02 14:42:23 - coconut_grading_ai - INFO - OpenVINO model loaded successfully: D:\Project\New folder\finalp\finalp\models\coconut_yolo_v3\weights\best_openvino_model
2026-10-02 14:42:23 - coconut_grading_ai - INFO - OpenVINO model loaded successfully: D:\Project\New folder\finalp\finalp\models\coconut_yolo_v3\weights\best_openvino_model
2026-10-02 14:42:23 - coconut_grading_ai - INFO - OpenVINO model loaded successfully: D:\Project\New folder\finalp\finalp\models\coconut_yolo_v3\weights\best_openvino_model
2026-10-02 14:42:23 - coconut_grading_ai - INFO - OpenVINO model loaded successfully: D:\Project\New folder\finalp\finalp\models\coconut_yolo_v3\weights\best_openvino_model
2026-10-02 14:42:23 - coconut_grading_ai - INFO - OpenVINO model loaded successfully: D:\Project\New folder\finalp\finalp\models\coconut_yolo_v3\weights\best_openvino_model
2026-10-02 14:42:23 - coconut_grading_ai - INFO - OpenVINO model loaded successfully: D:\Project\New folder\finalp\finalp\models\coconut_yolo_v3\weights\best_openvino_model
2026-10-02 14:42:23 - coconut_grading_ai - INFO - OpenVINO model loaded successfully: D:\Project\New folder\finalp\finalp\models\coconut_yolo_v3\weights\best_openvino_model
2026-10-02 14:42:23 - coconut_grading_ai - INFO - OpenVINO model loaded successfully: D:\Project\New folder\finalp\finalp\models\coconut_yolo_v3\weights\best_openvino_model
2026-10-02 14:42:23 - coconut_grading_ai - INFO - OpenVINO model loaded successfully: D:\Project\New folder\finalp\finalp\models\coconut_yolo_v3\weights\best_openvino_model
2026-10-02 14:42:23 - coconut_grading_ai - INFO - OpenVINO model loaded successfully: D:\Project\New folder\finalp\finalp\models\coconut_yolo_v3\weights\best_openvino_model
2026-10-02 14:42:23 - coconut_grading_ai - INFO - OpenVINO model loaded successfully: D:\Project\New folder\finalp\finalp\models\coconut_yolo_v3\weights\best_openvino_model
2026-10-02 14:42:23 - coconut_grading_ai - INFO - OpenVINO model loaded successfully: D:\Project\New folder\finalp\finalp\models\coconut_yolo_v3\weights\best_openvino_model
2026-10-02 14:42:23 - coconut_grading_ai - INFO - OpenVINO model loaded successfully: D:\Project\New folder\finalp\finalp\models\coconut_yolo_v3\weights\best_openvino_model
2026-10-02 14:42:24 - coconut_grading_ai - INFO - Analysis: user=vishnu, file=6_jpg.rf.ae02ac081a2915e3957d00f91e3fa905.jpg, coconuts=1, grade=Grade B (Fresh Green), time=0.55s
2026-10-02 14:42:24 - coconut_grading_ai - INFO - Analysis: user=vishnu, file=6_jpg.rf.ae02ac081a2915e3957d00f91e3fa905.jpg, coconuts=1, grade=Grade B (Fresh Green), time=0.55s
2026-10-02 14:42:24 - coconut_grading_ai - INFO - Analysis: user=vishnu, file=6_jpg.rf.ae02ac081a2915e3957d00f91e3fa905.jpg, coconuts=1, grade=Grade B (Fresh Green), time=0.55s
2026-10-02 14:42:24 - coconut_grading_ai - INFO - Analysis: user=vishnu, file=6_jpg.rf.ae02ac081a2915e3957d00f91e3fa905.jpg, coconuts=1, grade=Grade B (Fresh Green), time=0.55s
2026-10-02 14:42:24 - coconut_grading_ai - INFO - Analysis: user=vishnu, file=6_jpg.rf.ae02ac081a2915e3957d00f91e3fa905.jpg, coconuts=1, grade=Grade B (Fresh Green), time=0.55s
2026-10-02 14:42:24 - coconut_grading_ai - INFO - Analysis: user=vishnu, file=6_jpg.rf.ae02ac081a2915e3957d00f91e3fa905.jpg, coconuts=1, grade=Grade B (Fresh Green), time=0.55s
2026-10-02 14:42:24 - coconut_grading_ai - INFO - Analysis: user=vishnu, file=6_jpg.rf.ae02ac081a2915e3957d00f91e3fa905.jpg, coconuts=1, grade=Grade B (Fresh Green), time=0.55s
2026-10-02 14:42:24 - coconut_grading_ai - INFO - Analysis: user=vishnu, file=6_jpg.rf.ae02ac081a2915e3957d00f91e3fa905.jpg, coconuts=1, grade=Grade B (Fresh Green), time=0.55s
2026-10-02 14:42:24 - coconut_grading_ai - INFO - Analysis: user=vishnu, file=6_jpg.rf.ae02ac081a2915e3957d00f91e3fa905.jpg, coconuts=1, grade=Grade B (Fresh Green), time=0.55s
2026-10-02 14:42:24 - coconut_grading_ai - INFO - Analysis: user=vishnu, file=6_jpg.rf.ae02ac081a2915e3957d00f91e3fa905.jpg, coconuts=1, grade=Grade B (Fresh Green), time=0.55s
2026-10-02 14:42:24 - coconut_grading_ai - INFO - Analysis: user=vishnu, file=6_jpg.rf.ae02ac081a2915e3957d00f91e3fa905.jpg, coconuts=1, grade=Grade B (Fresh Green), time=0.55s
2026-10-02 14:42:24 - coconut_grading_ai - INFO - Analysis: user=vishnu, file=6_jpg.rf.ae02ac081a2915e3957d00f91e3fa905.jpg, coconuts=1, grade=Grade B (Fresh Green), time=0.55s
2026-10-02 14:42:24 - coconut_grading_ai - INFO - Analysis: user=vishnu, file=6_jpg.rf.ae02ac081a2915e3957d00f91e3fa905.jpg, coconuts=1, grade=Grade B (Fresh Green), time=0.55s
2026-10-02 14:42:24 - coconut_grading_ai - INFO - Analysis: user=vishnu, file=6_jpg.rf.ae02ac081a2915e3957d00f91e3fa905.jpg, coconuts=1, grade=Grade B (Fresh Green), time=0.55s
2026-10-02 14:42:24 - coconut_grading_ai - INFO - Analysis: user=vishnu, file=6_jpg.rf.ae02ac081a2915e3957d00f91e3fa905.jpg, coconuts=1, grade=Grade B (Fresh Green), time=0.55s
2026-10-02 14:42:24 - coconut_grading_ai - INFO - Analysis: user=vishnu, file=6_jpg.rf.ae02ac081a2915e3957d00f91e3fa905.jpg, coconuts=1, grade=Grade B (Fresh Green), time=0.55s
2026-10-02 14:51:44 - coconut_grading_ai - INFO - YOLO model loaded successfully
2026-10-02 14:51:44 - coconut_grading_ai - INFO - OpenVINO model loaded successfully: D:\Project\New folder\finalp\finalp\models\coconut_yolo_v3\weights\best_openvino_model
2026-10-02 14:51:59 - coconut_grading_ai - INFO - YOLO model loaded successfully
2026-10-02 14:51:59 - coconut_grading_ai - INFO - YOLO model loaded successfully
2026-10-02 14:51:59 - coconut_grading_ai - INFO - OpenVINO model loaded successfully: D:\Project\New folder\finalp\finalp\models\coconut_yolo_v3\weights\best_openvino_model
2026-10-02 14:51:59 - coconut_grading_ai - INFO - OpenVINO model loaded successfully: D:\Project\New folder\finalp\finalp\models\coconut_yolo_v3\weights\best_openvino_model
2026-10-02 14:52:01 - coconut_grading_ai - INFO - YOLO model loaded successfully
2026-10-02 14:52:01 - coconut_grading_ai - INFO - YOLO model loaded successfully
2026-10-02 14:52:01 - coconut_grading_ai - INFO - YOLO model loaded successfully
2026-10-02 14:52:01 - coconut_grading_ai - INFO - OpenVINO model loaded successfully: D:\Project\New folder\finalp\finalp\models\coconut_yolo_v3\weights\best_openvino_model
2026-10-02 14:52:01 - coconut_grading_ai - INFO - OpenVINO model loaded successfully: D:\Project\New folder\finalp\finalp\models\coconut_yolo_v3\weights\best_openvino_model
2026-10-02 14:52:01 - coconut_grading_ai - INFO - OpenVINO model loaded successfully: D:\Project\New folder\finalp\finalp\models\coconut_yolo_v3\weights\best_openvino_model
2026-10-02 14:52:03 - coconut_grading_ai - INFO - YOLO model loaded successfully
2026-10-02 14:52:03 - coconut_grading_ai - INFO - YOLO model loaded successfully
2026-10-02 14:52:03 - coconut_grading_ai - INFO - YOLO model loaded successfully
2026-10-02 14:52:03 - coconut_grading_ai - INFO - YOLO model loaded successfully
2026-10-02 14:52:03 - coconut_grading_ai - INFO - OpenVINO model loaded successfully: D:\Project\New folder\finalp\finalp\models\coconut_yolo_v3\weights\best_openvino_model
2026-10-02 14:52:03 - coconut_grading_ai - INFO - OpenVINO model loaded successfully: D:\Project\New folder\finalp\finalp\models\coconut_yolo_v3\weights\best_openvino_model
2026-10-02 14:52:03 - coconut_grading_ai - INFO - OpenVINO model loaded successfully: D:\Project\New folder\finalp\finalp\models\coconut_yolo_v3\weights\best_openvino_model
2026-10-02 14:52:03 - coconut_grading_ai - INFO - OpenVINO model loaded successfully: D:\Project\New folder\finalp\finalp\models\coconut_yolo_v3\weights\best_openvino_model
2026-10-02 14:52:04 - coconut_grading_ai - INFO - User Action: user=vishnu, action=login, details=successful
2026-10-02 14:52:04 - coconut_grading_ai - INFO - User Action: user=vishnu, action=login, details=successful
2026-10-02 14:52:04 - coconut_grading_ai - INFO - User Action: user=vishnu, action=login, details=successful
2026-10-02 14:52:04 - coconut_grading_ai - INFO - User Action: user=vishnu, action=login, details=successful
2026-10-02 14:52:04 - coconut_grading_ai - INFO - YOLO model loaded successfully
2026-10-02 14:52:04 - coconut_grading_ai - INFO - YOLO model loaded successfully
2026-10-02 14:52:04 - coconut_grading_ai - INFO - YOLO model loaded successfully
2026-10-02 14:52:04 - coconut_grading_ai - INFO - YOLO model loaded successfully
2026-10-02 14:52:04 - coconut_grading_ai - INFO - YOLO model loaded successfully
2026-10-02 14:52:04 - coconut_grading_ai - INFO - OpenVINO model loaded successfully: D:\Project\New folder\finalp\finalp\models\coconut_yolo_v3\weights\best_openvino_model
2026-10-02 14:52:04 - coconut_grading_ai - INFO - OpenVINO model loaded successfully: D:\Project\New folder\finalp\finalp\models\coconut_yolo_v3\weights\best_openvino_model
2026-10-02 14:52:04 - coconut_grading_ai - INFO - OpenVINO model loaded successfully: D:\Project\New folder\finalp\finalp\models\coconut_yolo_v3\weights\best_openvino_model
2026-10-02 14:52:04 - coconut_grading_ai - INFO - OpenVINO model loaded successfully: D:\Project\New folder\finalp\finalp\models\coconut_yolo_v3\weights\best_openvino_model
2026-10-02 14:52:04 - coconut_grading_ai - INFO - OpenVINO model loaded successfully: D:\Project\New folder\finalp\finalp\models\coconut_yolo_v3\weights\best_openvino_model
2026-10-02 14:52:12 - coconut_grading_ai - INFO - YOLO model loaded successfully
2026-10-02 14:52:12 - coconut_grading_ai - INFO - YOLO model loaded successfully
2026-10-02 14:52:12 - coconut_grading_ai - INFO - YOLO model loaded successfully
2026-10-02 14:52:12 - coconut_grading_ai - INFO - YOLO model loaded successfully
2026-10-02 14:52:12 - coconut_grading_ai - INFO - YOLO model loaded successfully
2026-10-02 14:52:12 - coconut_grading_ai - INFO - YOLO model loaded successfully
2026-10-02 14:52:12 - coconut_grading_ai - INFO - OpenVINO model loaded successfully: D:\Project\New folder\finalp\finalp\models\coconut_yolo_v3\weights\best_openvino_model
2026-10-02 14:52:12 - coconut_grading_ai - INFO - OpenVINO model loaded successfully: D:\Project\New folder\finalp\finalp\models\coconut_yolo_v3\weights\best_openvino_model
2026-10-02 14:52:12 - coconut_grading_ai - INFO - OpenVINO model loaded successfully: D:\Project\New folder\finalp\finalp\models\coconut_yolo_v3\weights\best_openvino_model
2026-10-02 14:52:12 - coconut_grading_ai - INFO - OpenVINO model loaded successfully: D:\Project\New folder\finalp\finalp\models\coconut_yolo_v3\weights\best_openvino_model
2026-10-02 14:52:12 - coconut_grading_ai - INFO - OpenVINO model loaded successfully: D:\Project\New folder\finalp\finalp\models\coconut_yolo_v3\weights\best_openvino_model
2026-10-02 14:52:12 - coconut_grading_ai - INFO - OpenVINO model loaded successfully: D:\Project\New folder\finalp\finalp\models\coconut_yolo_v3\weights\best_openvino_model
2026-10-02 14:52:18 - coconut_grading_ai - INFO - YOLO model loaded successfully
2026-10-02 14:52:18 - coconut_grading_ai - INFO - YOLO model loaded successfully
2026-10-02 14:52:18 - coconut_grading_ai - INFO - YOLO model loaded successfully
2026-10-02 14:52:18 - coconut_grading_ai - INFO - YOLO model loaded successfully
2026-10-02 14:52:18 - coconut_grading_ai - INFO - YOLO model loaded successfully
2026-10-02 14:52:18 - coconut_grading_ai - INFO - YOLO model loaded successfully
2026-10-02 14:52:18 - coconut_grading_ai - INFO - YOLO model loaded successfully
2026-10-02 14:52:18 - coconut_grading_ai - INFO - OpenVINO model loaded successfully: D:\Project\New folder\finalp\finalp\models\coconut_yolo_v3\weights\best_openvino_model
2026-10-02 14:52:18 - coconut_grading_ai - INFO - OpenVINO model loaded successfully: D:\Project\New folder\finalp\finalp\models\coconut_yolo_v3\weights\best_openvino_model
2026-10-02 14:52:18 - coconut_grading_ai - INFO - OpenVINO model loaded successfully: D:\Project\New folder\finalp\finalp\models\coconut_yolo_v3\weights\best_openvino_model
2026-10-02 14:52:18 - coconut_grading_ai - INFO - OpenVINO model loaded successfully: D:\Project\New folder\finalp\finalp\models\coconut_yolo_v3\weights\best_openvino_model
2026-10-02 14:52:18 - coconut_grading_ai - INFO - OpenVINO model loaded successfully: D:\Project\New folder\finalp\finalp\models\coconut_yolo_v3\weights\best_openvino_model
2026-10-02 14:52:18 - coconut_grading_ai - INFO - OpenVINO model loaded successfully: D:\Project\New folder\finalp\finalp\models\coconut_yolo_v3\weights\best_openvino_model
2026-10-02 14:52:18 - coconut_grading_ai - INFO - OpenVINO model loaded successfully: D:\Project\New folder\finalp\finalp\models\coconut_yolo_v3\weights\best_openvino_model
2026-10-02 14:52:26 - coconut_grading_ai - INFO - Analysis: user=vishnu, file=37_jpg.rf.b92f665dd9512191e24147028a02a957.jpg, coconuts=1, grade=Grade B (Fresh Green), time=7.45s
2026-10-02 14:52:26 - coconut_grading_ai - INFO - Analysis: user=vishnu, file=37_jpg.rf.b92f665dd9512191e24147028a02a957.jpg, coconuts=1, grade=Grade B (Fresh Green), time=7.45s
2026-10-02 14:52:26 - coconut_grading_ai - INFO - Analysis: user=vishnu, file=37_jpg.rf.b92f665dd9512191e24147028a02a957.jpg, coconuts=1, grade=Grade B (Fresh Green), time=7.45s
2026-10-02 14:52:26 - coconut_grading_ai - INFO - Analysis: user=vishnu, file=37_jpg.rf.b92f665dd9512191e24147028a02a957.jpg, coconuts=1, grade=Grade B (Fresh Green), time=7.45s
2026-10-02 14:52:26 - coconut_grading_ai - INFO - Analysis: user=vishnu, file=37_jpg.rf.b92f665dd9512191e24147028a02a957.jpg, coconuts=1, grade=Grade B (Fresh Green), time=7.45s
2026-10-02 14:52:26 - coconut_grading_ai - INFO - Analysis: user=vishnu, file=37_jpg.rf.b92f665dd9512191e24147028a02a957.jpg, coconuts=1, grade=Grade B (Fresh Green), time=7.45s
2026-10-02 14:52:26 - coconut_grading_ai - INFO - Analysis: user=vishnu, file=37_jpg.rf.b92f665dd9512191e24147028a02a957.jpg, coconuts=1, grade=Grade B (Fresh Green), time=7.45s
2026-10-02 14:52:38 - coconut_grading_ai - INFO - YOLO model loaded successfully
2026-10-02 14:52:38 - coconut_grading_ai - INFO - YOLO model loaded successfully
2026-10-02 14:52:38 - coconut_grading_ai - INFO - YOLO model loaded successfully
2026-10-02 14:52:38 - coconut_grading_ai - INFO - YOLO model loaded successfully
2026-10-02 14:52:38 - coconut_grading_ai - INFO - YOLO model loaded successfully
2026-10-02 14:52:38 - coconut_grading_ai - INFO - YOLO model loaded successfully
2026-10-02 14:52:38 - coconut_grading_ai - INFO - YOLO model loaded successfully
2026-10-02 14:52:38 - coconut_grading_ai - INFO - YOLO model loaded successfully
2026-10-02 14:52:38 - coconut_grading_ai - INFO - OpenVINO model loaded successfully: D:\Project\New folder\finalp\finalp\models\coconut_yolo_v3\weights\best_openvino_model
2026-10-02 14:52:38 - coconut_grading_ai - INFO - OpenVINO model loaded successfully: D:\Project\New folder\finalp\finalp\models\coconut_yolo_v3\weights\best_openvino_model
2026-10-02 14:52:38 - coconut_grading_ai - INFO - OpenVINO model loaded successfully: D:\Project\New folder\finalp\finalp\models\coconut_yolo_v3\weights\best_openvino_model
2026-10-02 14:52:38 - coconut_grading_ai - INFO - OpenVINO model loaded successfully: D:\Project\New folder\finalp\finalp\models\coconut_yolo_v3\weights\best_openvino_model
2026-10-02 14:52:38 - coconut_grading_ai - INFO - OpenVINO model loaded successfully: D:\Project\New folder\finalp\finalp\models\coconut_yolo_v3\weights\best_openvino_model
2026-10-02 14:52:38 - coconut_grading_ai - INFO - OpenVINO model loaded successfully: D:\Project\New folder\finalp\finalp\models\coconut_yolo_v3\weights\best_openvino_model
2026-10-02 14:52:38 - coconut_grading_ai - INFO - OpenVINO model loaded successfully: D:\Project\New folder\finalp\finalp\models\coconut_yolo_v3\weights\best_openvino_model
2026-10-02 14:52:38 - coconut_grading_ai - INFO - OpenVINO model loaded successfully: D:\Project\New folder\finalp\finalp\models\coconut_yolo_v3\weights\best_openvino_model
2026-10-02 14:52:45 - coconut_grading_ai - INFO - YOLO model loaded successfully
2026-10-02 14:52:45 - coconut_grading_ai - INFO - YOLO model loaded successfully
2026-10-02 14:52:45 - coconut_grading_ai - INFO - YOLO model loaded successfully
2026-10-02 14:52:45 - coconut_grading_ai - INFO - YOLO model loaded successfully
2026-10-02 14:52:45 - coconut_grading_ai - INFO - YOLO model loaded successfully
2026-10-02 14:52:45 - coconut_grading_ai - INFO - YOLO model loaded successfully
2026-10-02 14:52:45 - coconut_grading_ai - INFO - YOLO model loaded successfully
2026-10-02 14:52:45 - coconut_grading_ai - INFO - YOLO model loaded successfully
2026-10-02 14:52:45 - coconut_grading_ai - INFO - YOLO model loaded successfully
2026-10-02 14:52:45 - coconut_grading_ai - INFO - OpenVINO model loaded successfully: D:\Project\New folder\finalp\finalp\models\coconut_yolo_v3\weights\best_openvino_model
2026-10-02 14:52:45 - coconut_grading_ai - INFO - OpenVINO model loaded successfully: D:\Project\New folder\finalp\finalp\models\coconut_yolo_v3\weights\best_openvino_model
2026-10-02 14:52:45 - coconut_grading_ai - INFO - OpenVINO model loaded successfully: D:\Project\New folder\finalp\finalp\models\coconut_yolo_v3\weights\best_openvino_model
2026-10-02 14:52:45 - coconut_grading_ai - INFO - OpenVINO model loaded successfully: D:\Project\New folder\finalp\finalp\models\coconut_yolo_v3\weights\best_openvino_model
2026-10-02 14:52:45 - coconut_grading_ai - INFO - OpenVINO model loaded successfully: D:\Project\New folder\finalp\finalp\models\coconut_yolo_v3\weights\best_openvino_model
2026-10-02 14:52:45 - coconut_grading_ai - INFO - OpenVINO model loaded successfully: D:\Project\New folder\finalp\finalp\models\coconut_yolo_v3\weights\best_openvino_model
2026-10-02 14:52:45 - coconut_grading_ai - INFO - OpenVINO model loaded successfully: D:\Project\New folder\finalp\finalp\models\coconut_yolo_v3\weights\best_openvino_model
2026-10-02 14:52:45 - coconut_grading_ai - INFO - OpenVINO model loaded successfully: D:\Project\New folder\finalp\finalp\models\coconut_yolo_v3\weights\best_openvino_model
2026-10-02 14:52:45 - coconut_grading_ai - INFO - OpenVINO model loaded successfully: D:\Project\New folder\finalp\finalp\models\coconut_yolo_v3\weights\best_openvino_model
2026-10-02 14:52:48 - coconut_grading_ai - INFO - YOLO model loaded successfully
2026-10-02 14:52:48 - coconut_grading_ai - INFO - YOLO model loaded successfully
2026-10-02 14:52:48 - coconut_grading_ai - INFO - YOLO model loaded successfully
2026-10-02 14:52:48 - coconut_grading_ai - INFO - YOLO model loaded successfully
2026-10-02 14:52:48 - coconut_grading_ai - INFO - YOLO model loaded successfully
2026-10-02 14:52:48 - coconut_grading_ai - INFO - YOLO model loaded successfully
2026-10-02 14:52:48 - coconut_grading_ai - INFO - YOLO model loaded successfully
2026-10-02 14:52:48 - coconut_grading_ai - INFO - YOLO model loaded successfully
2026-10-02 14:52:48 - coconut_grading_ai - INFO - YOLO model loaded successfully
2026-10-02 14:52:48 - coconut_grading_ai - INFO - YOLO model loaded successfully
2026-10-02 14:52:48 - coconut_grading_ai - INFO - OpenVINO model loaded successfully: D:\Project\New folder\finalp\finalp\models\coconut_yolo_v3\weights\best_openvino_model
2026-10-02 14:52:48 - coconut_grading_ai - INFO - OpenVINO model loaded successfully: D:\Project\New folder\finalp\finalp\models\coconut_yolo_v3\weights\best_openvino_model
2026-10-02 14:52:48 - coconut_grading_ai - INFO - OpenVINO model loaded successfully: D:\Project\New folder\finalp\finalp\models\coconut_yolo_v3\weights\best_openvino_model
2026-10-02 14:52:48 - coconut_grading_ai - INFO - OpenVINO model loaded successfully: D:\Project\New folder\finalp\finalp\models\coconut_yolo_v3\weights\best_openvino_model
2026-10-02 14:52:48 - coconut_grading_ai - INFO - OpenVINO model loaded successfully: D:\Project\New folder\finalp\finalp\models\coconut_yolo_v3\weights\best_openvino_model
2026-10-02 14:52:48 - coconut_grading_ai - INFO - OpenVINO model loaded successfully: D:\Project\New folder\finalp\finalp\models\coconut_yolo_v3\weights\best_openvino_model
2026-10-02 14:52:48 - coconut_grading_ai - INFO - OpenVINO model loaded successfully: D:\Project\New folder\finalp\finalp\models\coconut_yolo_v3\weights\best_openvino_model
2026-10-02 14:52:48 - coconut_grading_ai - INFO - OpenVINO model loaded successfully: D:\Project\New folder\finalp\finalp\models\coconut_yolo_v3\weights\best_openvino_model
2026-10-02 14:52:48 - coconut_grading_ai - INFO - OpenVINO model loaded successfully: D:\Project\New folder\finalp\finalp\models\coconut_yolo_v3\weights\best_openvino_model
2026-10-02 14:52:48 - coconut_grading_ai - INFO - OpenVINO model loaded successfully: D:\Project\New folder\finalp\finalp\models\coconut_yolo_v3\weights\best_openvino_model
2026-10-02 14:52:48 - coconut_grading_ai - INFO - Analysis: user=vishnu, file=6_jpg.rf.ae02ac081a2915e3957d00f91e3fa905.jpg, coconuts=1, grade=Grade B (Fresh Green), time=0.26s
2026-10-02 14:52:48 - coconut_grading_ai - INFO - Analysis: user=vishnu, file=6_jpg.rf.ae02ac081a2915e3957d00f91e3fa905.jpg, coconuts=1, grade=Grade B (Fresh Green), time=0.26s
2026-10-02 14:52:48 - coconut_grading_ai - INFO - Analysis: user=vishnu, file=6_jpg.rf.ae02ac081a2915e3957d00f91e3fa905.jpg, coconuts=1, grade=Grade B (Fresh Green), time=0.26s
2026-10-02 14:52:48 - coconut_grading_ai - INFO - Analysis: user=vishnu, file=6_jpg.rf.ae02ac081a2915e3957d00f91e3fa905.jpg, coconuts=1, grade=Grade B (Fresh Green), time=0.26s
2026-10-02 14:52:48 - coconut_grading_ai - INFO - Analysis: user=vishnu, file=6_jpg.rf.ae02ac081a2915e3957d00f91e3fa905.jpg, coconuts=1, grade=Grade B (Fresh Green), time=0.26s
2026-10-02 14:52:48 - coconut_grading_ai - INFO - Analysis: user=vishnu, file=6_jpg.rf.ae02ac081a2915e3957d00f91e3fa905.jpg, coconuts=1, grade=Grade B (Fresh Green), time=0.26s
2026-10-02 14:52:48 - coconut_grading_ai - INFO - Analysis: user=vishnu, file=6_jpg.rf.ae02ac081a2915e3957d00f91e3fa905.jpg, coconuts=1, grade=Grade B (Fresh Green), time=0.26s
2026-10-02 14:52:48 - coconut_grading_ai - INFO - Analysis: user=vishnu, file=6_jpg.rf.ae02ac081a2915e3957d00f91e3fa905.jpg, coconuts=1, grade=Grade B (Fresh Green), time=0.26s
2026-10-02 14:52:48 - coconut_grading_ai - INFO - Analysis: user=vishnu, file=6_jpg.rf.ae02ac081a2915e3957d00f91e3fa905.jpg, coconuts=1, grade=Grade B (Fresh Green), time=0.26s
2026-10-02 14:52:48 - coconut_grading_ai - INFO - Analysis: user=vishnu, file=6_jpg.rf.ae02ac081a2915e3957d00f91e3fa905.jpg, coconuts=1, grade=Grade B (Fresh Green), time=0.26s
2026-10-02 15:00:12 - coconut_grading_ai - INFO - YOLO model loaded successfully
2026-10-02 15:00:12 - coconut_grading_ai - INFO - YOLO model loaded successfully
2026-10-02 15:00:12 - coconut_grading_ai - INFO - YOLO model loaded successfully
2026-10-02 15:00:12 - coconut_grading_ai - INFO - YOLO model loaded successfully
2026-10-02 15:00:12 - coconut_grading_ai - INFO - YOLO model loaded successfully
2026-10-02 15:00:12 - coconut_grading_ai - INFO - YOLO model loaded successfully
2026-10-02 15:00:12 - coconut_grading_ai - INFO - YOLO model loaded successfully
2026-10-02 15:00:12 - coconut_grading_ai - INFO - YOLO model loaded successfully
2026-10-02 15:00:12 - coconut_grading_ai - INFO - YOLO model loaded successfully
2026-10-02 15:00:12 - coconut_grading_ai - INFO - YOLO model loaded successfully
2026-10-02 15:00:12 - coconut_grading_ai - INFO - YOLO model loaded successfully
2026-10-02 15:00:12 - coconut_grading_ai - INFO - OpenVINO model loaded successfully: D:\Project\New folder\finalp\finalp\models\coconut_yolo_v3\weights\best_openvino_model
2026-10-02 15:00:12 - coconut_grading_ai - INFO - OpenVINO model loaded successfully: D:\Project\New folder\finalp\finalp\models\coconut_yolo_v3\weights\best_openvino_model
2026-10-02 15:00:12 - coconut_grading_ai - INFO - OpenVINO model loaded successfully: D:\Project\New folder\finalp\finalp\models\coconut_yolo_v3\weights\best_openvino_model
2026-10-02 15:00:12 - coconut_grading_ai - INFO - OpenVINO model loaded successfully: D:\Project\New folder\finalp\finalp\models\coconut_yolo_v3\weights\best_openvino_model
2026-10-02 15:00:12 - coconut_grading_ai - INFO - OpenVINO model loaded successfully: D:\Project\New folder\finalp\finalp\models\coconut_yolo_v3\weights\best_openvino_model
2026-10-02 15:00:12 - coconut_grading_ai - INFO - OpenVINO model loaded successfully: D:\Project\New folder\finalp\finalp\models\coconut_yolo_v3\weights\best_openvino_model
2026-10-02 15:00:12 - coconut_grading_ai - INFO - OpenVINO model loaded successfully: D:\Project\New folder\finalp\finalp\models\coconut_yolo_v3\weights\best_openvino_model
2026-10-02 15:00:12 - coconut_grading_ai - INFO - OpenVINO model loaded successfully: D:\Project\New folder\finalp\finalp\models\coconut_yolo_v3\weights\best_openvino_model
2026-10-02 15:00:12 - coconut_grading_ai - INFO - OpenVINO model loaded successfully: D:\Project\New folder\finalp\finalp\models\coconut_yolo_v3\weights\best_openvino_model
2026-10-02 15:00:12 - coconut_grading_ai - INFO - OpenVINO model loaded successfully: D:\Project\New folder\finalp\finalp\models\coconut_yolo_v3\weights\best_openvino_model
2026-10-02 15:00:12 - coconut_grading_ai - INFO - OpenVINO model loaded successfully: D:\Project\New folder\finalp\finalp\models\coconut_yolo_v3\weights\best_openvino_model
2026-10-02 15:00:37 - coconut_grading_ai - INFO - YOLO model loaded successfully
2026-10-02 15:00:37 - coconut_grading_ai - INFO - YOLO model loaded successfully
2026-10-02 15:00:37 - coconut_grading_ai - INFO - YOLO model loaded successfully
2026-10-02 15:00:37 - coconut_grading_ai - INFO - YOLO model loaded successfully
2026-10-02 15:00:37 - coconut_grading_ai - INFO - YOLO model loaded successfully
2026-10-02 15:00:37 - coconut_grading_ai - INFO - YOLO model loaded successfully
2026-10-02 15:00:37 - coconut_grading_ai - INFO - YOLO model loaded successfully
2026-10-02 15:00:37 - coconut_grading_ai - INFO - YOLO model loaded successfully
2026-10-02 15:00:37 - coconut_grading_ai - INFO - YOLO model loaded successfully
2026-10-02 15:00:37 - coconut_grading_ai - INFO - YOLO model loaded successfully
2026-10-02 15:00:37 - coconut_grading_ai - INFO - YOLO model loaded successfully
2026-10-02 15:00:37 - coconut_grading_ai - INFO - YOLO model loaded successfully
2026-10-02 15:00:37 - coconut_grading_ai - INFO - OpenVINO model loaded successfully: D:\Project\New folder\finalp\finalp\models\coconut_yolo_v3\weights\best_openvino_model
2026-10-02 15:00:37 - coconut_grading_ai - INFO - OpenVINO model loaded successfully: D:\Project\New folder\finalp\finalp\models\coconut_yolo_v3\weights\best_openvino_model
2026-10-02 15:00:37 - coconut_grading_ai - INFO - OpenVINO model loaded successfully: D:\Project\New folder\finalp\finalp\models\coconut_yolo_v3\weights\best_openvino_model
2026-10-02 15:00:37 - coconut_grading_ai - INFO - OpenVINO model loaded successfully: D:\Project\New folder\finalp\finalp\models\coconut_yolo_v3\weights\best_openvino_model
2026-10-02 15:00:37 - coconut_grading_ai - INFO - OpenVINO model loaded successfully: D:\Project\New folder\finalp\finalp\models\coconut_yolo_v3\weights\best_openvino_model
2026-10-02 15:00:37 - coconut_grading_ai - INFO - OpenVINO model loaded successfully: D:\Project\New folder\finalp\finalp\models\coconut_yolo_v3\weights\best_openvino_model
2026-10-02 15:00:37 - coconut_grading_ai - INFO - OpenVINO model loaded successfully: D:\Project\New folder\finalp\finalp\models\coconut_yolo_v3\weights\best_openvino_model
2026-10-02 15:00:37 - coconut_grading_ai - INFO - OpenVINO model loaded successfully: D:\Project\New folder\finalp\finalp\models\coconut_yolo_v3\weights\best_openvino_model
2026-10-02 15:00:37 - coconut_grading_ai - INFO - OpenVINO model loaded successfully: D:\Project\New folder\finalp\finalp\models\coconut_yolo_v3\weights\best_openvino_model
2026-10-02 15:00:37 - coconut_grading_ai - INFO - OpenVINO model loaded successfully: D:\Project\New folder\finalp\finalp\models\coconut_yolo_v3\weights\best_openvino_model
2026-10-02 15:00:37 - coconut_grading_ai - INFO - OpenVINO model loaded successfully: D:\Project\New folder\finalp\finalp\models\coconut_yolo_v3\weights\best_openvino_model
2026-10-02 15:00:37 - coconut_grading_ai - INFO - OpenVINO model loaded successfully: D:\Project\New folder\finalp\finalp\models\coconut_yolo_v3\weights\best_openvino_model
2026-10-02 15:00:41 - coconut_grading_ai - INFO - YOLO model loaded successfully
2026-10-02 15:00:41 - coconut_grading_ai - INFO - YOLO model loaded successfully
2026-10-02 15:00:41 - coconut_grading_ai - INFO - YOLO model loaded successfully
2026-10-02 15:00:41 - coconut_grading_ai - INFO - YOLO model loaded successfully
2026-10-02 15:00:41 - coconut_grading_ai - INFO - YOLO model loaded successfully
2026-10-02 15:00:41 - coconut_grading_ai - INFO - YOLO model loaded successfully
2026-10-02 15:00:41 - coconut_grading_ai - INFO - YOLO model loaded successfully
2026-10-02 15:00:41 - coconut_grading_ai - INFO - YOLO model loaded successfully
2026-10-02 15:00:41 - coconut_grading_ai - INFO - YOLO model loaded successfully
2026-10-02 15:00:41 - coconut_grading_ai - INFO - YOLO model loaded successfully
2026-10-02 15:00:41 - coconut_grading_ai - INFO - YOLO model loaded successfully
2026-10-02 15:00:41 - coconut_grading_ai - INFO - YOLO model loaded successfully
2026-10-02 15:00:41 - coconut_grading_ai - INFO - YOLO model loaded successfully
2026-10-02 15:00:41 - coconut_grading_ai - INFO - OpenVINO model loaded successfully: D:\Project\New folder\finalp\finalp\models\coconut_yolo_v3\weights\best_openvino_model
2026-10-02 15:00:41 - coconut_grading_ai - INFO - OpenVINO model loaded successfully: D:\Project\New folder\finalp\finalp\models\coconut_yolo_v3\weights\best_openvino_model
2026-10-02 15:00:41 - coconut_grading_ai - INFO - OpenVINO model loaded successfully: D:\Project\New folder\finalp\finalp\models\coconut_yolo_v3\weights\best_openvino_model
2026-10-02 15:00:41 - coconut_grading_ai - INFO - OpenVINO model loaded successfully: D:\Project\New folder\finalp\finalp\models\coconut_yolo_v3\weights\best_openvino_model
2026-10-02 15:00:41 - coconut_grading_ai - INFO - OpenVINO model loaded successfully: D:\Project\New folder\finalp\finalp\models\coconut_yolo_v3\weights\best_openvino_model
2026-10-02 15:00:41 - coconut_grading_ai - INFO - OpenVINO model loaded successfully: D:\Project\New folder\finalp\finalp\models\coconut_yolo_v3\weights\best_openvino_model
2026-10-02 15:00:41 - coconut_grading_ai - INFO - OpenVINO model loaded successfully: D:\Project\New folder\finalp\finalp\models\coconut_yolo_v3\weights\best_openvino_model
2026-10-02 15:00:41 - coconut_grading_ai - INFO - OpenVINO model loaded successfully: D:\Project\New folder\finalp\finalp\models\coconut_yolo_v3\weights\best_openvino_model
2026-10-02 15:00:41 - coconut_grading_ai - INFO - OpenVINO model loaded successfully: D:\Project\New folder\finalp\finalp\models\coconut_yolo_v3\weights\best_openvino_model
2026-10-02 15:00:41 - coconut_grading_ai - INFO - OpenVINO model loaded successfully: D:\Project\New folder\finalp\finalp\models\coconut_yolo_v3\weights\best_openvino_model
2026-10-02 15:00:41 - coconut_grading_ai - INFO - OpenVINO model loaded successfully: D:\Project\New folder\finalp\finalp\models\coconut_yolo_v3\weights\best_openvino_model
2026-10-02 15:00:41 - coconut_grading_ai - INFO - OpenVINO model loaded successfully: D:\Project\New folder\finalp\finalp\models\coconut_yolo_v3\weights\best_openvino_model
2026-10-02 15:00:41 - coconut_grading_ai - INFO - OpenVINO model loaded successfully: D:\Project\New folder\finalp\finalp\models\coconut_yolo_v3\weights\best_openvino_model
2026-10-02 15:00:48 - coconut_grading_ai - INFO - YOLO model loaded successfully
2026-10-02 15:00:48 - coconut_grading_ai - INFO - YOLO model loaded successfully
2026-10-02 15:00:48 - coconut_grading_ai - INFO - YOLO model loaded successfully
2026-10-02 15:00:48 - coconut_grading_ai - INFO - YOLO model loaded successfully
2026-10-02 15:00:48 - coconut_grading_ai - INFO - YOLO model loaded successfully
2026-10-02 15:00:48 - coconut_grading_ai - INFO - YOLO model loaded successfully
2026-10-02 15:00:48 - coconut_grading_ai - INFO - YOLO model loaded successfully
2026-10-02 15:00:48 - coconut_grading_ai - INFO - YOLO model loaded successfully
2026-10-02 15:00:48 - coconut_grading_ai - INFO - YOLO model loaded successfully
2026-10-02 15:00:48 - coconut_grading_ai - INFO - YOLO model loaded successfully
2026-10-02 15:00:48 - coconut_grading_ai - INFO - YOLO model loaded successfully
2026-10-02 15:00:48 - coconut_grading_ai - INFO - YOLO model loaded successfully
2026-10-02 15:00:48 - coconut_grading_ai - INFO - YOLO model loaded successfully
2026-10-02 15:00:48 - coconut_grading_ai - INFO - YOLO model loaded successfully
2026-10-02 15:00:48 - coconut_grading_ai - INFO - OpenVINO model loaded successfully: D:\Project\New folder\finalp\finalp\models\coconut_yolo_v3\weights\best_openvino_model
2026-10-02 15:00:48 - coconut_grading_ai - INFO - OpenVINO model loaded successfully: D:\Project\New folder\finalp\finalp\models\coconut_yolo_v3\weights\best_openvino_model
2026-10-02 15:00:48 - coconut_grading_ai - INFO - OpenVINO model loaded successfully: D:\Project\New folder\finalp\finalp\models\coconut_yolo_v3\weights\best_openvino_model
2026-10-02 15:00:48 - coconut_grading_ai - INFO - OpenVINO model loaded successfully: D:\Project\New folder\finalp\finalp\models\coconut_yolo_v3\weights\best_openvino_model
2026-10-02 15:00:48 - coconut_grading_ai - INFO - OpenVINO model loaded successfully: D:\Project\New folder\finalp\finalp\models\coconut_yolo_v3\weights\best_openvino_model
2026-10-02 15:00:48 - coconut_grading_ai - INFO - OpenVINO model loaded successfully: D:\Project\New folder\finalp\finalp\models\coconut_yolo_v3\weights\best_openvino_model
2026-10-02 15:00:48 - coconut_grading_ai - INFO - OpenVINO model loaded successfully: D:\Project\New folder\finalp\finalp\models\coconut_yolo_v3\weights\best_openvino_model
2026-10-02 15:00:48 - coconut_grading_ai - INFO - OpenVINO model loaded successfully: D:\Project\New folder\finalp\finalp\models\coconut_yolo_v3\weights\best_openvino_model
2026-10-02 15:00:48 - coconut_grading_ai - INFO - OpenVINO model loaded successfully: D:\Project\New folder\finalp\finalp\models\coconut_yolo_v3\weights\best_openvino_model
2026-10-02 15:00:48 - coconut_grading_ai - INFO - OpenVINO model loaded successfully: D:\Project\New folder\finalp\finalp\models\coconut_yolo_v3\weights\best_openvino_model
2026-10-02 15:00:48 - coconut_grading_ai - INFO - OpenVINO model loaded successfully: D:\Project\New folder\finalp\finalp\models\coconut_yolo_v3\weights\best_openvino_model
2026-10-02 15:00:48 - coconut_grading_ai - INFO - OpenVINO model loaded successfully: D:\Project\New folder\finalp\finalp\models\coconut_yolo_v3\weights\best_openvino_model
2026-10-02 15:00:48 - coconut_grading_ai - INFO - OpenVINO model loaded successfully: D:\Project\New folder\finalp\finalp\models\coconut_yolo_v3\weights\best_openvino_model
2026-10-02 15:00:48 - coconut_grading_ai - INFO - OpenVINO model loaded successfully: D:\Project\New folder\finalp\finalp\models\coconut_yolo_v3\weights\best_openvino_model
2026-10-02 15:00:48 - coconut_grading_ai - INFO - User Action: user= vishnu, action=login, details=failed
2026-10-02 15:00:48 - coconut_grading_ai - INFO - User Action: user= vishnu, action=login, details=failed
2026-10-02 15:00:48 - coconut_grading_ai - INFO - User Action: user= vishnu, action=login, details=failed
2026-10-02 15:00:48 - coconut_grading_ai - INFO - User Action: user= vishnu, action=login, details=failed
2026-10-02 15:00:48 - coconut_grading_ai - INFO - User Action: user= vishnu, action=login, details=failed
2026-10-02 15:00:48 - coconut_grading_ai - INFO - User Action: user= vishnu, action=login, details=failed
2026-10-02 15:00:48 - coconut_grading_ai - INFO - User Action: user= vishnu, action=login, details=failed
2026-10-02 15:00:48 - coconut_grading_ai - INFO - User Action: user= vishnu, action=login, details=failed
2026-10-02 15:00:48 - coconut_grading_ai - INFO - User Action: user= vishnu, action=login, details=failed
2026-10-02 15:00:48 - coconut_grading_ai - INFO - User Action: user= vishnu, action=login, details=failed
2026-10-02 15:00:48 - coconut_grading_ai - INFO - User Action: user= vishnu, action=login, details=failed
2026-10-02 15:00:48 - coconut_grading_ai - INFO - User Action: user= vishnu, action=login, details=failed
2026-10-02 15:00:48 - coconut_grading_ai - INFO - User Action: user= vishnu, action=login, details=failed
2026-10-02 15:00:48 - coconut_grading_ai - INFO - User Action: user= vishnu, action=login, details=failed
2026-10-02 15:00:57 - coconut_grading_ai - INFO - YOLO model loaded successfully
2026-10-02 15:00:57 - coconut_grading_ai - INFO - YOLO model loaded successfully
2026-10-02 15:00:57 - coconut_grading_ai - INFO - YOLO model loaded successfully
2026-10-02 15:00:57 - coconut_grading_ai - INFO - YOLO model loaded successfully
2026-10-02 15:00:57 - coconut_grading_ai - INFO - YOLO model loaded successfully
2026-10-02 15:00:57 - coconut_grading_ai - INFO - YOLO model loaded successfully
2026-10-02 15:00:57 - coconut_grading_ai - INFO - YOLO model loaded successfully
2026-10-02 15:00:57 - coconut_grading_ai - INFO - YOLO model loaded successfully
2026-10-02 15:00:57 - coconut_grading_ai - INFO - YOLO model loaded successfully
2026-10-02 15:00:57 - coconut_grading_ai - INFO - YOLO model loaded successfully
2026-10-02 15:00:57 - coconut_grading_ai - INFO - YOLO model loaded successfully
2026-10-02 15:00:57 - coconut_grading_ai - INFO - YOLO model loaded successfully
2026-10-02 15:00:57 - coconut_grading_ai - INFO - YOLO model loaded successfully
2026-10-02 15:00:57 - coconut_grading_ai - INFO - YOLO model loaded successfully
2026-10-02 15:00:57 - coconut_grading_ai - INFO - YOLO model loaded successfully
2026-10-02 15:00:57 - coconut_grading_ai - INFO - OpenVINO model loaded successfully: D:\Project\New folder\finalp\finalp\models\coconut_yolo_v3\weights\best_openvino_model
2026-10-02 15:00:57 - coconut_grading_ai - INFO - OpenVINO model loaded successfully: D:\Project\New folder\finalp\finalp\models\coconut_yolo_v3\weights\best_openvino_model
2026-10-02 15:00:57 - coconut_grading_ai - INFO - OpenVINO model loaded successfully: D:\Project\New folder\finalp\finalp\models\coconut_yolo_v3\weights\best_openvino_model
2026-10-02 15:00:57 - coconut_grading_ai - INFO - OpenVINO model loaded successfully: D:\Project\New folder\finalp\finalp\models\coconut_yolo_v3\weights\best_openvino_model
2026-10-02 15:00:57 - coconut_grading_ai - INFO - OpenVINO model loaded successfully: D:\Project\New folder\finalp\finalp\models\coconut_yolo_v3\weights\best_openvino_model
2026-10-02 15:00:57 - coconut_grading_ai - INFO - OpenVINO model loaded successfully: D:\Project\New folder\finalp\finalp\models\coconut_yolo_v3\weights\best_openvino_model
2026-10-02 15:00:57 - coconut_grading_ai - INFO - OpenVINO model loaded successfully: D:\Project\New folder\finalp\finalp\models\coconut_yolo_v3\weights\best_openvino_model
2026-10-02 15:00:57 - coconut_grading_ai - INFO - OpenVINO model loaded successfully: D:\Project\New folder\finalp\finalp\models\coconut_yolo_v3\weights\best_openvino_model
2026-10-02 15:00:57 - coconut_grading_ai - INFO - OpenVINO model loaded successfully: D:\Project\New folder\finalp\finalp\models\coconut_yolo_v3\weights\best_openvino_model
2026-10-02 15:00:57 - coconut_grading_ai - INFO - OpenVINO model loaded successfully: D:\Project\New folder\finalp\finalp\models\coconut_yolo_v3\weights\best_openvino_model
2026-10-02 15:00:57 - coconut_grading_ai - INFO - OpenVINO model loaded successfully: D:\Project\New folder\finalp\finalp\models\coconut_yolo_v3\weights\best_openvino_model
2026-10-02 15:00:57 - coconut_grading_ai - INFO - OpenVINO model loaded successfully: D:\Project\New folder\finalp\finalp\models\coconut_yolo_v3\weights\best_openvino_model
2026-10-02 15:00:57 - coconut_grading_ai - INFO - OpenVINO model loaded successfully: D:\Project\New folder\finalp\finalp\models\coconut_yolo_v3\weights\best_openvino_model
2026-10-02 15:00:57 - coconut_grading_ai - INFO - OpenVINO model loaded successfully: D:\Project\New folder\finalp\finalp\models\coconut_yolo_v3\weights\best_openvino_model
2026-10-02 15:00:57 - coconut_grading_ai - INFO - OpenVINO model loaded successfully: D:\Project\New folder\finalp\finalp\models\coconut_yolo_v3\weights\best_openvino_model
2026-10-02 15:00:57 - coconut_grading_ai - INFO - User Action: user= vishnu, action=login, details=failed
2026-10-02 15:00:57 - coconut_grading_ai - INFO - User Action: user= vishnu, action=login, details=failed
2026-10-02 15:00:57 - coconut_grading_ai - INFO - User Action: user= vishnu, action=login, details=failed
2026-10-02 15:00:57 - coconut_grading_ai - INFO - User Action: user= vishnu, action=login, details=failed
2026-10-02 15:00:57 - coconut_grading_ai - INFO - User Action: user= vishnu, action=login, details=failed
2026-10-02 15:00:57 - coconut_grading_ai - INFO - User Action: user= vishnu, action=login, details=failed
2026-10-02 15:00:57 - coconut_grading_ai - INFO - User Action: user= vishnu, action=login, details=failed
2026-10-02 15:00:57 - coconut_grading_ai - INFO - User Action: user= vishnu, action=login, details=failed
2026-10-02 15:00:57 - coconut_grading_ai - INFO - User Action: user= vishnu, action=login, details=failed
2026-10-02 15:00:57 - coconut_grading_ai - INFO - User Action: user= vishnu, action=login, details=failed
2026-10-02 15:00:57 - coconut_grading_ai - INFO - User Action: user= vishnu, action=login, details=failed
2026-10-02 15:00:57 - coconut_grading_ai - INFO - User Action: user= vishnu, action=login, details=failed
2026-10-02 15:00:57 - coconut_grading_ai - INFO - User Action: user= vishnu, action=login, details=failed
2026-10-02 15:00:57 - coconut_grading_ai - INFO - User Action: user= vishnu, action=login, details=failed
2026-10-02 15:00:57 - coconut_grading_ai - INFO - User Action: user= vishnu, action=login, details=failed
2026-10-02 15:01:04 - coconut_grading_ai - INFO - YOLO model loaded successfully
2026-10-02 15:01:04 - coconut_grading_ai - INFO - YOLO model loaded successfully
2026-10-02 15:01:04 - coconut_grading_ai - INFO - YOLO model loaded successfully
2026-10-02 15:01:04 - coconut_grading_ai - INFO - YOLO model loaded successfully
2026-10-02 15:01:04 - coconut_grading_ai - INFO - YOLO model loaded successfully
2026-10-02 15:01:04 - coconut_grading_ai - INFO - YOLO model loaded successfully
2026-10-02 15:01:04 - coconut_grading_ai - INFO - YOLO model loaded successfully
2026-10-02 15:01:04 - coconut_grading_ai - INFO - YOLO model loaded successfully
2026-10-02 15:01:04 - coconut_grading_ai - INFO - YOLO model loaded successfully
2026-10-02 15:01:04 - coconut_grading_ai - INFO - YOLO model loaded successfully
2026-10-02 15:01:04 - coconut_grading_ai - INFO - YOLO model loaded successfully
2026-10-02 15:01:04 - coconut_grading_ai - INFO - YOLO model loaded successfully
2026-10-02 15:01:04 - coconut_grading_ai - INFO - YOLO model loaded successfully
2026-10-02 15:01:04 - coconut_grading_ai - INFO - YOLO model loaded successfully
2026-10-02 15:01:04 - coconut_grading_ai - INFO - YOLO model loaded successfully
2026-10-02 15:01:04 - coconut_grading_ai - INFO - YOLO model loaded successfully
2026-10-02 15:01:04 - coconut_grading_ai - INFO - OpenVINO model loaded successfully: D:\Project\New folder\finalp\finalp\models\coconut_yolo_v3\weights\best_openvino_model
2026-10-02 15:01:04 - coconut_grading_ai - INFO - OpenVINO model loaded successfully: D:\Project\New folder\finalp\finalp\models\coconut_yolo_v3\weights\best_openvino_model
2026-10-02 15:01:04 - coconut_grading_ai - INFO - OpenVINO model loaded successfully: D:\Project\New folder\finalp\finalp\models\coconut_yolo_v3\weights\best_openvino_model
2026-10-02 15:01:04 - coconut_grading_ai - INFO - OpenVINO model loaded successfully: D:\Project\New folder\finalp\finalp\models\coconut_yolo_v3\weights\best_openvino_model
2026-10-02 15:01:04 - coconut_grading_ai - INFO - OpenVINO model loaded successfully: D:\Project\New folder\finalp\finalp\models\coconut_yolo_v3\weights\best_openvino_model
2026-10-02 15:01:04 - coconut_grading_ai - INFO - OpenVINO model loaded successfully: D:\Project\New folder\finalp\finalp\models\coconut_yolo_v3\weights\best_openvino_model
2026-10-02 15:01:04 - coconut_grading_ai - INFO - OpenVINO model loaded successfully: D:\Project\New folder\finalp\finalp\models\coconut_yolo_v3\weights\best_openvino_model
2026-10-02 15:01:04 - coconut_grading_ai - INFO - OpenVINO model loaded successfully: D:\Project\New folder\finalp\finalp\models\coconut_yolo_v3\weights\best_openvino_model
2026-10-02 15:01:04 - coconut_grading_ai - INFO - OpenVINO model loaded successfully: D:\Project\New folder\finalp\finalp\models\coconut_yolo_v3\weights\best_openvino_model
2026-10-02 15:01:04 - coconut_grading_ai - INFO - OpenVINO model loaded successfully: D:\Project\New folder\finalp\finalp\models\coconut_yolo_v3\weights\best_openvino_model
2026-10-02 15:01:04 - coconut_grading_ai - INFO - OpenVINO model loaded successfully: D:\Project\New folder\finalp\finalp\models\coconut_yolo_v3\weights\best_openvino_model
2026-10-02 15:01:04 - coconut_grading_ai - INFO - OpenVINO model loaded successfully: D:\Project\New folder\finalp\finalp\models\coconut_yolo_v3\weights\best_openvino_model
2026-10-02 15:01:04 - coconut_grading_ai - INFO - OpenVINO model loaded successfully: D:\Project\New folder\finalp\finalp\models\coconut_yolo_v3\weights\best_openvino_model
2026-10-02 15:01:04 - coconut_grading_ai - INFO - OpenVINO model loaded successfully: D:\Project\New folder\finalp\finalp\models\coconut_yolo_v3\weights\best_openvino_model
2026-10-02 15:01:04 - coconut_grading_ai - INFO - OpenVINO model loaded successfully: D:\Project\New folder\finalp\finalp\models\coconut_yolo_v3\weights\best_openvino_model
2026-10-02 15:01:04 - coconut_grading_ai - INFO - OpenVINO model loaded successfully: D:\Project\New folder\finalp\finalp\models\coconut_yolo_v3\weights\best_openvino_model
2026-10-02 15:01:12 - coconut_grading_ai - INFO - YOLO model loaded successfully
2026-10-02 15:01:12 - coconut_grading_ai - INFO - YOLO model loaded successfully
2026-10-02 15:01:12 - coconut_grading_ai - INFO - YOLO model loaded successfully
2026-10-02 15:01:12 - coconut_grading_ai - INFO - YOLO model loaded successfully
2026-10-02 15:01:12 - coconut_grading_ai - INFO - YOLO model loaded successfully
2026-10-02 15:01:12 - coconut_grading_ai - INFO - YOLO model loaded successfully
2026-10-02 15:01:12 - coconut_grading_ai - INFO - YOLO model loaded successfully
2026-10-02 15:01:12 - coconut_grading_ai - INFO - YOLO model loaded successfully
2026-10-02 15:01:12 - coconut_grading_ai - INFO - YOLO model loaded successfully
2026-10-02 15:01:12 - coconut_grading_ai - INFO - YOLO model loaded successfully
2026-10-02 15:01:12 - coconut_grading_ai - INFO - YOLO model loaded successfully
2026-10-02 15:01:12 - coconut_grading_ai - INFO - YOLO model loaded successfully
2026-10-02 15:01:12 - coconut_grading_ai - INFO - YOLO model loaded successfully
2026-10-02 15:01:12 - coconut_grading_ai - INFO - YOLO model loaded successfully
2026-10-02 15:01:12 - coconut_grading_ai - INFO - YOLO model loaded successfully
2026-10-02 15:01:12 - coconut_grading_ai - INFO - YOLO model loaded successfully
2026-10-02 15:01:12 - coconut_grading_ai - INFO - YOLO model loaded successfully
2026-10-02 15:01:12 - coconut_grading_ai - INFO - OpenVINO model loaded successfully: D:\Project\New folder\finalp\finalp\models\coconut_yolo_v3\weights\best_openvino_model
2026-10-02 15:01:12 - coconut_grading_ai - INFO - OpenVINO model loaded successfully: D:\Project\New folder\finalp\finalp\models\coconut_yolo_v3\weights\best_openvino_model
2026-10-02 15:01:12 - coconut_grading_ai - INFO - OpenVINO model loaded successfully: D:\Project\New folder\finalp\finalp\models\coconut_yolo_v3\weights\best_openvino_model
2026-10-02 15:01:12 - coconut_grading_ai - INFO - OpenVINO model loaded successfully: D:\Project\New folder\finalp\finalp\models\coconut_yolo_v3\weights\best_openvino_model
2026-10-02 15:01:12 - coconut_grading_ai - INFO - OpenVINO model loaded successfully: D:\Project\New folder\finalp\finalp\models\coconut_yolo_v3\weights\best_openvino_model
2026-10-02 15:01:12 - coconut_grading_ai - INFO - OpenVINO model loaded successfully: D:\Project\New folder\finalp\finalp\models\coconut_yolo_v3\weights\best_openvino_model
2026-10-02 15:01:12 - coconut_grading_ai - INFO - OpenVINO model loaded successfully: D:\Project\New folder\finalp\finalp\models\coconut_yolo_v3\weights\best_openvino_model
2026-10-02 15:01:12 - coconut_grading_ai - INFO - OpenVINO model loaded successfully: D:\Project\New folder\finalp\finalp\models\coconut_yolo_v3\weights\best_openvino_model
2026-10-02 15:01:12 - coconut_grading_ai - INFO - OpenVINO model loaded successfully: D:\Project\New folder\finalp\finalp\models\coconut_yolo_v3\weights\best_openvino_model
2026-10-02 15:01:12 - coconut_grading_ai - INFO - OpenVINO model loaded successfully: D:\Project\New folder\finalp\finalp\models\coconut_yolo_v3\weights\best_openvino_model
2026-10-02 15:01:12 - coconut_grading_ai - INFO - OpenVINO model loaded successfully: D:\Project\New folder\finalp\finalp\models\coconut_yolo_v3\weights\best_openvino_model
2026-10-02 15:01:12 - coconut_grading_ai - INFO - OpenVINO model loaded successfully: D:\Project\New folder\finalp\finalp\models\coconut_yolo_v3\weights\best_openvino_model
2026-10-02 15:01:12 - coconut_grading_ai - INFO - OpenVINO model loaded successfully: D:\Project\New folder\finalp\finalp\models\coconut_yolo_v3\weights\best_openvino_model
2026-10-02 15:01:12 - coconut_grading_ai - INFO - OpenVINO model loaded successfully: D:\Project\New folder\finalp\finalp\models\coconut_yolo_v3\weights\best_openvino_model
2026-10-02 15:01:12 - coconut_grading_ai - INFO - OpenVINO model loaded successfully: D:\Project\New folder\finalp\finalp\models\coconut_yolo_v3\weights\best_openvino_model
2026-10-02 15:01:12 - coconut_grading_ai - INFO - OpenVINO model loaded successfully: D:\Project\New folder\finalp\finalp\models\coconut_yolo_v3\weights\best_openvino_model
2026-10-02 15:01:12 - coconut_grading_ai - INFO - OpenVINO model loaded successfully: D:\Project\New folder\finalp\finalp\models\coconut_yolo_v3\weights\best_openvino_model
2026-10-02 15:01:15 - coconut_grading_ai - INFO - YOLO model loaded successfully
2026-10-02 15:01:15 - coconut_grading_ai - INFO - YOLO model loaded successfully
2026-10-02 15:01:15 - coconut_grading_ai - INFO - YOLO model loaded successfully
2026-10-02 15:01:15 - coconut_grading_ai - INFO - YOLO model loaded successfully
2026-10-02 15:01:15 - coconut_grading_ai - INFO - YOLO model loaded successfully
2026-10-02 15:01:15 - coconut_grading_ai - INFO - YOLO model loaded successfully
2026-10-02 15:01:15 - coconut_grading_ai - INFO - YOLO model loaded successfully
2026-10-02 15:01:15 - coconut_grading_ai - INFO - YOLO model loaded successfully
2026-10-02 15:01:15 - coconut_grading_ai - INFO - YOLO model loaded successfully
2026-10-02 15:01:15 - coconut_grading_ai - INFO - YOLO model loaded successfully
2026-10-02 15:01:15 - coconut_grading_ai - INFO - YOLO model loaded successfully
2026-10-02 15:01:15 - coconut_grading_ai - INFO - YOLO model loaded successfully
2026-10-02 15:01:15 - coconut_grading_ai - INFO - YOLO model loaded successfully
2026-10-02 15:01:15 - coconut_grading_ai - INFO - YOLO model loaded successfully
2026-10-02 15:01:15 - coconut_grading_ai - INFO - YOLO model loaded successfully
2026-10-02 15:01:15 - coconut_grading_ai - INFO - YOLO model loaded successfully
2026-10-02 15:01:15 - coconut_grading_ai - INFO - YOLO model loaded successfully
2026-10-02 15:01:15 - coconut_grading_ai - INFO - YOLO model loaded successfully
2026-10-02 15:01:15 - coconut_grading_ai - INFO - OpenVINO model loaded successfully: D:\Project\New folder\finalp\finalp\models\coconut_yolo_v3\weights\best_openvino_model
2026-10-02 15:01:15 - coconut_grading_ai - INFO - OpenVINO model loaded successfully: D:\Project\New folder\finalp\finalp\models\coconut_yolo_v3\weights\best_openvino_model
2026-10-02 15:01:15 - coconut_grading_ai - INFO - OpenVINO model loaded successfully: D:\Project\New folder\finalp\finalp\models\coconut_yolo_v3\weights\best_openvino_model
2026-10-02 15:01:15 - coconut_grading_ai - INFO - OpenVINO model loaded successfully: D:\Project\New folder\finalp\finalp\models\coconut_yolo_v3\weights\best_openvino_model
2026-10-02 15:01:15 - coconut_grading_ai - INFO - OpenVINO model loaded successfully: D:\Project\New folder\finalp\finalp\models\coconut_yolo_v3\weights\best_openvino_model
2026-10-02 15:01:15 - coconut_grading_ai - INFO - OpenVINO model loaded successfully: D:\Project\New folder\finalp\finalp\models\coconut_yolo_v3\weights\best_openvino_model
2026-10-02 15:01:15 - coconut_grading_ai - INFO - OpenVINO model loaded successfully: D:\Project\New folder\finalp\finalp\models\coconut_yolo_v3\weights\best_openvino_model
2026-10-02 15:01:15 - coconut_grading_ai - INFO - OpenVINO model loaded successfully: D:\Project\New folder\finalp\finalp\models\coconut_yolo_v3\weights\best_openvino_model
2026-10-02 15:01:15 - coconut_grading_ai - INFO - OpenVINO model loaded successfully: D:\Project\New folder\finalp\finalp\models\coconut_yolo_v3\weights\best_openvino_model
2026-10-02 15:01:15 - coconut_grading_ai - INFO - OpenVINO model loaded successfully: D:\Project\New folder\finalp\finalp\models\coconut_yolo_v3\weights\best_openvino_model
2026-10-02 15:01:15 - coconut_grading_ai - INFO - OpenVINO model loaded successfully: D:\Project\New folder\finalp\finalp\models\coconut_yolo_v3\weights\best_openvino_model
2026-10-02 15:01:15 - coconut_grading_ai - INFO - OpenVINO model loaded successfully: D:\Project\New folder\finalp\finalp\models\coconut_yolo_v3\weights\best_openvino_model
2026-10-02 15:01:15 - coconut_grading_ai - INFO - OpenVINO model loaded successfully: D:\Project\New folder\finalp\finalp\models\coconut_yolo_v3\weights\best_openvino_model
2026-10-02 15:01:15 - coconut_grading_ai - INFO - OpenVINO model loaded successfully: D:\Project\New folder\finalp\finalp\models\coconut_yolo_v3\weights\best_openvino_model
2026-10-02 15:01:15 - coconut_grading_ai - INFO - OpenVINO model loaded successfully: D:\Project\New folder\finalp\finalp\models\coconut_yolo_v3\weights\best_openvino_model
2026-10-02 15:01:15 - coconut_grading_ai - INFO - OpenVINO model loaded successfully: D:\Project\New folder\finalp\finalp\models\coconut_yolo_v3\weights\best_openvino_model
2026-10-02 15:01:15 - coconut_grading_ai - INFO - OpenVINO model loaded successfully: D:\Project\New folder\finalp\finalp\models\coconut_yolo_v3\weights\best_openvino_model
2026-10-02 15:01:15 - coconut_grading_ai - INFO - OpenVINO model loaded successfully: D:\Project\New folder\finalp\finalp\models\coconut_yolo_v3\weights\best_openvino_model
2026-10-02 15:01:18 - coconut_grading_ai - INFO - YOLO model loaded successfully
2026-10-02 15:01:18 - coconut_grading_ai - INFO - YOLO model loaded successfully
2026-10-02 15:01:18 - coconut_grading_ai - INFO - YOLO model loaded successfully
2026-10-02 15:01:18 - coconut_grading_ai - INFO - YOLO model loaded successfully
2026-10-02 15:01:18 - coconut_grading_ai - INFO - YOLO model loaded successfully
2026-10-02 15:01:18 - coconut_grading_ai - INFO - YOLO model loaded successfully
2026-10-02 15:01:18 - coconut_grading_ai - INFO - YOLO model loaded successfully
2026-10-02 15:01:18 - coconut_grading_ai - INFO - YOLO model loaded successfully
2026-10-02 15:01:18 - coconut_grading_ai - INFO - YOLO model loaded successfully
2026-10-02 15:01:18 - coconut_grading_ai - INFO - YOLO model loaded successfully
2026-10-02 15:01:18 - coconut_grading_ai - INFO - YOLO model loaded successfully
2026-10-02 15:01:18 - coconut_grading_ai - INFO - YOLO model loaded successfully
2026-10-02 15:01:18 - coconut_grading_ai - INFO - YOLO model loaded successfully
2026-10-02 15:01:18 - coconut_grading_ai - INFO - YOLO model loaded successfully
2026-10-02 15:01:18 - coconut_grading_ai - INFO - YOLO model loaded successfully
2026-10-02 15:01:18 - coconut_grading_ai - INFO - YOLO model loaded successfully
2026-10-02 15:01:18 - coconut_grading_ai - INFO - YOLO model loaded successfully
2026-10-02 15:01:18 - coconut_grading_ai - INFO - YOLO model loaded successfully
2026-10-02 15:01:18 - coconut_grading_ai - INFO - YOLO model loaded successfully
2026-10-02 15:01:18 - coconut_grading_ai - INFO - OpenVINO model loaded successfully: D:\Project\New folder\finalp\finalp\models\coconut_yolo_v3\weights\best_openvino_model
2026-10-02 15:01:18 - coconut_grading_ai - INFO - OpenVINO model loaded successfully: D:\Project\New folder\finalp\finalp\models\coconut_yolo_v3\weights\best_openvino_model
2026-10-02 15:01:18 - coconut_grading_ai - INFO - OpenVINO model loaded successfully: D:\Project\New folder\finalp\finalp\models\coconut_yolo_v3\weights\best_openvino_model
2026-10-02 15:01:18 - coconut_grading_ai - INFO - OpenVINO model loaded successfully: D:\Project\New folder\finalp\finalp\models\coconut_yolo_v3\weights\best_openvino_model
2026-10-02 15:01:18 - coconut_grading_ai - INFO - OpenVINO model loaded successfully: D:\Project\New folder\finalp\finalp\models\coconut_yolo_v3\weights\best_openvino_model
2026-10-02 15:01:18 - coconut_grading_ai - INFO - OpenVINO model loaded successfully: D:\Project\New folder\finalp\finalp\models\coconut_yolo_v3\weights\best_openvino_model
2026-10-02 15:01:18 - coconut_grading_ai - INFO - OpenVINO model loaded successfully: D:\Project\New folder\finalp\finalp\models\coconut_yolo_v3\weights\best_openvino_model
2026-10-02 15:01:18 - coconut_grading_ai - INFO - OpenVINO model loaded successfully: D:\Project\New folder\finalp\finalp\models\coconut_yolo_v3\weights\best_openvino_model
2026-10-02 15:01:18 - coconut_grading_ai - INFO - OpenVINO model loaded successfully: D:\Project\New folder\finalp\finalp\models\coconut_yolo_v3\weights\best_openvino_model
2026-10-02 15:01:18 - coconut_grading_ai - INFO - OpenVINO model loaded successfully: D:\Project\New folder\finalp\finalp\models\coconut_yolo_v3\weights\best_openvino_model
2026-10-02 15:01:18 - coconut_grading_ai - INFO - OpenVINO model loaded successfully: D:\Project\New folder\finalp\finalp\models\coconut_yolo_v3\weights\best_openvino_model
2026-10-02 15:01:18 - coconut_grading_ai - INFO - OpenVINO model loaded successfully: D:\Project\New folder\finalp\finalp\models\coconut_yolo_v3\weights\best_openvino_model
2026-10-02 15:01:18 - coconut_grading_ai - INFO - OpenVINO model loaded successfully: D:\Project\New folder\finalp\finalp\models\coconut_yolo_v3\weights\best_openvino_model
2026-10-02 15:01:18 - coconut_grading_ai - INFO - OpenVINO model loaded successfully: D:\Project\New folder\finalp\finalp\models\coconut_yolo_v3\weights\best_openvino_model
2026-10-02 15:01:18 - coconut_grading_ai - INFO - OpenVINO model loaded successfully: D:\Project\New folder\finalp\finalp\models\coconut_yolo_v3\weights\best_openvino_model
2026-10-02 15:01:18 - coconut_grading_ai - INFO - OpenVINO model loaded successfully: D:\Project\New folder\finalp\finalp\models\coconut_yolo_v3\weights\best_openvino_model
2026-10-02 15:01:18 - coconut_grading_ai - INFO - OpenVINO model loaded successfully: D:\Project\New folder\finalp\finalp\models\coconut_yolo_v3\weights\best_openvino_model
2026-10-02 15:01:18 - coconut_grading_ai - INFO - OpenVINO model loaded successfully: D:\Project\New folder\finalp\finalp\models\coconut_yolo_v3\weights\best_openvino_model
2026-10-02 15:01:18 - coconut_grading_ai - INFO - OpenVINO model loaded successfully: D:\Project\New folder\finalp\finalp\models\coconut_yolo_v3\weights\best_openvino_model
2026-10-02 15:01:19 - coconut_grading_ai - INFO - YOLO model loaded successfully
2026-10-02 15:01:19 - coconut_grading_ai - INFO - YOLO model loaded successfully
2026-10-02 15:01:19 - coconut_grading_ai - INFO - YOLO model loaded successfully
2026-10-02 15:01:19 - coconut_grading_ai - INFO - YOLO model loaded successfully
2026-10-02 15:01:19 - coconut_grading_ai - INFO - YOLO model loaded successfully
2026-10-02 15:01:19 - coconut_grading_ai - INFO - YOLO model loaded successfully
2026-10-02 15:01:19 - coconut_grading_ai - INFO - YOLO model loaded successfully
2026-10-02 15:01:19 - coconut_grading_ai - INFO - YOLO model loaded successfully
2026-10-02 15:01:19 - coconut_grading_ai - INFO - YOLO model loaded successfully
2026-10-02 15:01:19 - coconut_grading_ai - INFO - YOLO model loaded successfully
2026-10-02 15:01:19 - coconut_grading_ai - INFO - YOLO model loaded successfully
2026-10-02 15:01:19 - coconut_grading_ai - INFO - YOLO model loaded successfully
2026-10-02 15:01:19 - coconut_grading_ai - INFO - YOLO model loaded successfully
2026-10-02 15:01:19 - coconut_grading_ai - INFO - YOLO model loaded successfully
2026-10-02 15:01:19 - coconut_grading_ai - INFO - YOLO model loaded successfully
2026-10-02 15:01:19 - coconut_grading_ai - INFO - YOLO model loaded successfully
2026-10-02 15:01:19 - coconut_grading_ai - INFO - YOLO model loaded successfully
2026-10-02 15:01:19 - coconut_grading_ai - INFO - YOLO model loaded successfully
2026-10-02 15:01:19 - coconut_grading_ai - INFO - YOLO model loaded successfully
2026-10-02 15:01:19 - coconut_grading_ai - INFO - YOLO model loaded successfully
2026-10-02 15:01:19 - coconut_grading_ai - INFO - OpenVINO model loaded successfully: D:\Project\New folder\finalp\finalp\models\coconut_yolo_v3\weights\best_openvino_model
2026-10-02 15:01:19 - coconut_grading_ai - INFO - OpenVINO model loaded successfully: D:\Project\New folder\finalp\finalp\models\coconut_yolo_v3\weights\best_openvino_model
2026-10-02 15:01:19 - coconut_grading_ai - INFO - OpenVINO model loaded successfully: D:\Project\New folder\finalp\finalp\models\coconut_yolo_v3\weights\best_openvino_model
2026-10-02 15:01:19 - coconut_grading_ai - INFO - OpenVINO model loaded successfully: D:\Project\New folder\finalp\finalp\models\coconut_yolo_v3\weights\best_openvino_model
2026-10-02 15:01:19 - coconut_grading_ai - INFO - OpenVINO model loaded successfully: D:\Project\New folder\finalp\finalp\models\coconut_yolo_v3\weights\best_openvino_model
2026-10-02 15:01:19 - coconut_grading_ai - INFO - OpenVINO model loaded successfully: D:\Project\New folder\finalp\finalp\models\coconut_yolo_v3\weights\best_openvino_model
2026-10-02 15:01:19 - coconut_grading_ai - INFO - OpenVINO model loaded successfully: D:\Project\New folder\finalp\finalp\models\coconut_yolo_v3\weights\best_openvino_model
2026-10-02 15:01:19 - coconut_grading_ai - INFO - OpenVINO model loaded successfully: D:\Project\New folder\finalp\finalp\models\coconut_yolo_v3\weights\best_openvino_model
2026-10-02 15:01:19 - coconut_grading_ai - INFO - OpenVINO model loaded successfully: D:\Project\New folder\finalp\finalp\models\coconut_yolo_v3\weights\best_openvino_model
2026-10-02 15:01:19 - coconut_grading_ai - INFO - OpenVINO model loaded successfully: D:\Project\New folder\finalp\finalp\models\coconut_yolo_v3\weights\best_openvino_model
2026-10-02 15:01:19 - coconut_grading_ai - INFO - OpenVINO model loaded successfully: D:\Project\New folder\finalp\finalp\models\coconut_yolo_v3\weights\best_openvino_model
2026-10-02 15:01:19 - coconut_grading_ai - INFO - OpenVINO model loaded successfully: D:\Project\New folder\finalp\finalp\models\coconut_yolo_v3\weights\best_openvino_model
2026-10-02 15:01:19 - coconut_grading_ai - INFO - OpenVINO model loaded successfully: D:\Project\New folder\finalp\finalp\models\coconut_yolo_v3\weights\best_openvino_model
2026-10-02 15:01:19 - coconut_grading_ai - INFO - OpenVINO model loaded successfully: D:\Project\New folder\finalp\finalp\models\coconut_yolo_v3\weights\best_openvino_model
2026-10-02 15:01:19 - coconut_grading_ai - INFO - OpenVINO model loaded successfully: D:\Project\New folder\finalp\finalp\models\coconut_yolo_v3\weights\best_openvino_model
2026-10-02 15:01:19 - coconut_grading_ai - INFO - OpenVINO model loaded successfully: D:\Project\New folder\finalp\finalp\models\coconut_yolo_v3\weights\best_openvino_model
2026-10-02 15:01:19 - coconut_grading_ai - INFO - OpenVINO model loaded successfully: D:\Project\New folder\finalp\finalp\models\coconut_yolo_v3\weights\best_openvino_model
2026-10-02 15:01:19 - coconut_grading_ai - INFO - OpenVINO model loaded successfully: D:\Project\New folder\finalp\finalp\models\coconut_yolo_v3\weights\best_openvino_model
2026-10-02 15:01:19 - coconut_grading_ai - INFO - OpenVINO model loaded successfully: D:\Project\New folder\finalp\finalp\models\coconut_yolo_v3\weights\best_openvino_model
2026-10-02 15:01:19 - coconut_grading_ai - INFO - OpenVINO model loaded successfully: D:\Project\New folder\finalp\finalp\models\coconut_yolo_v3\weights\best_openvino_model
2026-10-02 15:01:25 - coconut_grading_ai - INFO - YOLO model loaded successfully
2026-10-02 15:01:25 - coconut_grading_ai - INFO - YOLO model loaded successfully
2026-10-02 15:01:25 - coconut_grading_ai - INFO - YOLO model loaded successfully
2026-10-02 15:01:25 - coconut_grading_ai - INFO - YOLO model loaded successfully
2026-10-02 15:01:25 - coconut_grading_ai - INFO - YOLO model loaded successfully
2026-10-02 15:01:25 - coconut_grading_ai - INFO - YOLO model loaded successfully
2026-10-02 15:01:25 - coconut_grading_ai - INFO - YOLO model loaded successfully
2026-10-02 15:01:25 - coconut_grading_ai - INFO - YOLO model loaded successfully
2026-10-02 15:01:25 - coconut_grading_ai - INFO - YOLO model loaded successfully
2026-10-02 15:01:25 - coconut_grading_ai - INFO - YOLO model loaded successfully
2026-10-02 15:01:25 - coconut_grading_ai - INFO - YOLO model loaded successfully
2026-10-02 15:01:25 - coconut_grading_ai - INFO - YOLO model loaded successfully
2026-10-02 15:01:25 - coconut_grading_ai - INFO - YOLO model loaded successfully
2026-10-02 15:01:25 - coconut_grading_ai - INFO - YOLO model loaded successfully
2026-10-02 15:01:25 - coconut_grading_ai - INFO - YOLO model loaded successfully
2026-10-02 15:01:25 - coconut_grading_ai - INFO - YOLO model loaded successfully
2026-10-02 15:01:25 - coconut_grading_ai - INFO - YOLO model loaded successfully
2026-10-02 15:01:25 - coconut_grading_ai - INFO - YOLO model loaded successfully
2026-10-02 15:01:25 - coconut_grading_ai - INFO - YOLO model loaded successfully
2026-10-02 15:01:25 - coconut_grading_ai - INFO - YOLO model loaded successfully
2026-10-02 15:01:25 - coconut_grading_ai - INFO - YOLO model loaded successfully
2026-10-02 15:01:25 - coconut_grading_ai - INFO - OpenVINO model loaded successfully: D:\Project\New folder\finalp\finalp\models\coconut_yolo_v3\weights\best_openvino_model
2026-10-02 15:01:25 - coconut_grading_ai - INFO - OpenVINO model loaded successfully: D:\Project\New folder\finalp\finalp\models\coconut_yolo_v3\weights\best_openvino_model
2026-10-02 15:01:25 - coconut_grading_ai - INFO - OpenVINO model loaded successfully: D:\Project\New folder\finalp\finalp\models\coconut_yolo_v3\weights\best_openvino_model
2026-10-02 15:01:25 - coconut_grading_ai - INFO - OpenVINO model loaded successfully: D:\Project\New folder\finalp\finalp\models\coconut_yolo_v3\weights\best_openvino_model
2026-10-02 15:01:25 - coconut_grading_ai - INFO - OpenVINO model loaded successfully: D:\Project\New folder\finalp\finalp\models\coconut_yolo_v3\weights\best_openvino_model
2026-10-02 15:01:25 - coconut_grading_ai - INFO - OpenVINO model loaded successfully: D:\Project\New folder\finalp\finalp\models\coconut_yolo_v3\weights\best_openvino_model
2026-10-02 15:01:25 - coconut_grading_ai - INFO - OpenVINO model loaded successfully: D:\Project\New folder\finalp\finalp\models\coconut_yolo_v3\weights\best_openvino_model
2026-10-02 15:01:25 - coconut_grading_ai - INFO - OpenVINO model loaded successfully: D:\Project\New folder\finalp\finalp\models\coconut_yolo_v3\weights\best_openvino_model
2026-10-02 15:01:25 - coconut_grading_ai - INFO - OpenVINO model loaded successfully: D:\Project\New folder\finalp\finalp\models\coconut_yolo_v3\weights\best_openvino_model
2026-10-02 15:01:25 - coconut_grading_ai - INFO - OpenVINO model loaded successfully: D:\Project\New folder\finalp\finalp\models\coconut_yolo_v3\weights\best_openvino_model
2026-10-02 15:01:25 - coconut_grading_ai - INFO - OpenVINO model loaded successfully: D:\Project\New folder\finalp\finalp\models\coconut_yolo_v3\weights\best_openvino_model
2026-10-02 15:01:25 - coconut_grading_ai - INFO - OpenVINO model loaded successfully: D:\Project\New folder\finalp\finalp\models\coconut_yolo_v3\weights\best_openvino_model
2026-10-02 15:01:25 - coconut_grading_ai - INFO - OpenVINO model loaded successfully: D:\Project\New folder\finalp\finalp\models\coconut_yolo_v3\weights\best_openvino_model
2026-10-02 15:01:25 - coconut_grading_ai - INFO - OpenVINO model loaded successfully: D:\Project\New folder\finalp\finalp\models\coconut_yolo_v3\weights\best_openvino_model
2026-10-02 15:01:25 - coconut_grading_ai - INFO - OpenVINO model loaded successfully: D:\Project\New folder\finalp\finalp\models\coconut_yolo_v3\weights\best_openvino_model
2026-10-02 15:01:25 - coconut_grading_ai - INFO - OpenVINO model loaded successfully: D:\Project\New folder\finalp\finalp\models\coconut_yolo_v3\weights\best_openvino_model
2026-10-02 15:01:25 - coconut_grading_ai - INFO - OpenVINO model loaded successfully: D:\Project\New folder\finalp\finalp\models\coconut_yolo_v3\weights\best_openvino_model
2026-10-02 15:01:25 - coconut_grading_ai - INFO - OpenVINO model loaded successfully: D:\Project\New folder\finalp\finalp\models\coconut_yolo_v3\weights\best_openvino_model
2026-10-02 15:01:25 - coconut_grading_ai - INFO - OpenVINO model loaded successfully: D:\Project\New folder\finalp\finalp\models\coconut_yolo_v3\weights\best_openvino_model
2026-10-02 15:01:25 - coconut_grading_ai - INFO - OpenVINO model loaded successfully: D:\Project\New folder\finalp\finalp\models\coconut_yolo_v3\weights\best_openvino_model
2026-10-02 15:01:25 - coconut_grading_ai - INFO - OpenVINO model loaded successfully: D:\Project\New folder\finalp\finalp\models\coconut_yolo_v3\weights\best_openvino_model
2026-10-02 15:01:27 - coconut_grading_ai - INFO - YOLO model loaded successfully
2026-10-02 15:01:27 - coconut_grading_ai - INFO - YOLO model loaded successfully
2026-10-02 15:01:27 - coconut_grading_ai - INFO - YOLO model loaded successfully
2026-10-02 15:01:27 - coconut_grading_ai - INFO - YOLO model loaded successfully
2026-10-02 15:01:27 - coconut_grading_ai - INFO - YOLO model loaded successfully
2026-10-02 15:01:27 - coconut_grading_ai - INFO - YOLO model loaded successfully
2026-10-02 15:01:27 - coconut_grading_ai - INFO - YOLO model loaded successfully
2026-10-02 15:01:27 - coconut_grading_ai - INFO - YOLO model loaded successfully
2026-10-02 15:01:27 - coconut_grading_ai - INFO - YOLO model loaded successfully
2026-10-02 15:01:27 - coconut_grading_ai - INFO - YOLO model loaded successfully
2026-10-02 15:01:27 - coconut_grading_ai - INFO - YOLO model loaded successfully
2026-10-02 15:01:27 - coconut_grading_ai - INFO - YOLO model loaded successfully
2026-10-02 15:01:27 - coconut_grading_ai - INFO - YOLO model loaded successfully
2026-10-02 15:01:27 - coconut_grading_ai - INFO - YOLO model loaded successfully
2026-10-02 15:01:27 - coconut_grading_ai - INFO - YOLO model loaded successfully
2026-10-02 15:01:27 - coconut_grading_ai - INFO - YOLO model loaded successfully
2026-10-02 15:01:27 - coconut_grading_ai - INFO - YOLO model loaded successfully
2026-10-02 15:01:27 - coconut_grading_ai - INFO - YOLO model loaded successfully
2026-10-02 15:01:27 - coconut_grading_ai - INFO - YOLO model loaded successfully
2026-10-02 15:01:27 - coconut_grading_ai - INFO - YOLO model loaded successfully
2026-10-02 15:01:27 - coconut_grading_ai - INFO - YOLO model loaded successfully
2026-10-02 15:01:27 - coconut_grading_ai - INFO - YOLO model loaded successfully
2026-10-02 15:01:27 - coconut_grading_ai - INFO - OpenVINO model loaded successfully: D:\Project\New folder\finalp\finalp\models\coconut_yolo_v3\weights\best_openvino_model
2026-10-02 15:01:27 - coconut_grading_ai - INFO - OpenVINO model loaded successfully: D:\Project\New folder\finalp\finalp\models\coconut_yolo_v3\weights\best_openvino_model
2026-10-02 15:01:27 - coconut_grading_ai - INFO - OpenVINO model loaded successfully: D:\Project\New folder\finalp\finalp\models\coconut_yolo_v3\weights\best_openvino_model
2026-10-02 15:01:27 - coconut_grading_ai - INFO - OpenVINO model loaded successfully: D:\Project\New folder\finalp\finalp\models\coconut_yolo_v3\weights\best_openvino_model
2026-10-02 15:01:27 - coconut_grading_ai - INFO - OpenVINO model loaded successfully: D:\Project\New folder\finalp\finalp\models\coconut_yolo_v3\weights\best_openvino_model
2026-10-02 15:01:27 - coconut_grading_ai - INFO - OpenVINO model loaded successfully: D:\Project\New folder\finalp\finalp\models\coconut_yolo_v3\weights\best_openvino_model
2026-10-02 15:01:27 - coconut_grading_ai - INFO - OpenVINO model loaded successfully: D:\Project\New folder\finalp\finalp\models\coconut_yolo_v3\weights\best_openvino_model
2026-10-02 15:01:27 - coconut_grading_ai - INFO - OpenVINO model loaded successfully: D:\Project\New folder\finalp\finalp\models\coconut_yolo_v3\weights\best_openvino_model
2026-10-02 15:01:27 - coconut_grading_ai - INFO - OpenVINO model loaded successfully: D:\Project\New folder\finalp\finalp\models\coconut_yolo_v3\weights\best_openvino_model
2026-10-02 15:01:27 - coconut_grading_ai - INFO - OpenVINO model loaded successfully: D:\Project\New folder\finalp\finalp\models\coconut_yolo_v3\weights\best_openvino_model
2026-10-02 15:01:27 - coconut_grading_ai - INFO - OpenVINO model loaded successfully: D:\Project\New folder\finalp\finalp\models\coconut_yolo_v3\weights\best_openvino_model
2026-10-02 15:01:27 - coconut_grading_ai - INFO - OpenVINO model loaded successfully: D:\Project\New folder\finalp\finalp\models\coconut_yolo_v3\weights\best_openvino_model
2026-10-02 15:01:27 - coconut_grading_ai - INFO - OpenVINO model loaded successfully: D:\Project\New folder\finalp\finalp\models\coconut_yolo_v3\weights\best_openvino_model
2026-10-02 15:01:27 - coconut_grading_ai - INFO - OpenVINO model loaded successfully: D:\Project\New folder\finalp\finalp\models\coconut_yolo_v3\weights\best_openvino_model
2026-10-02 15:01:27 - coconut_grading_ai - INFO - OpenVINO model loaded successfully: D:\Project\New folder\finalp\finalp\models\coconut_yolo_v3\weights\best_openvino_model
2026-10-02 15:01:27 - coconut_grading_ai - INFO - OpenVINO model loaded successfully: D:\Project\New folder\finalp\finalp\models\coconut_yolo_v3\weights\best_openvino_model
2026-10-02 15:01:27 - coconut_grading_ai - INFO - OpenVINO model loaded successfully: D:\Project\New folder\finalp\finalp\models\coconut_yolo_v3\weights\best_openvino_model
2026-10-02 15:01:27 - coconut_grading_ai - INFO - OpenVINO model loaded successfully: D:\Project\New folder\finalp\finalp\models\coconut_yolo_v3\weights\best_openvino_model
2026-10-02 15:01:27 - coconut_grading_ai - INFO - OpenVINO model loaded successfully: D:\Project\New folder\finalp\finalp\models\coconut_yolo_v3\weights\best_openvino_model
2026-10-02 15:01:27 - coconut_grading_ai - INFO - OpenVINO model loaded successfully: D:\Project\New folder\finalp\finalp\models\coconut_yolo_v3\weights\best_openvino_model
2026-10-02 15:01:27 - coconut_grading_ai - INFO - OpenVINO model loaded successfully: D:\Project\New folder\finalp\finalp\models\coconut_yolo_v3\weights\best_openvino_model
2026-10-02 15:01:27 - coconut_grading_ai - INFO - OpenVINO model loaded successfully: D:\Project\New folder\finalp\finalp\models\coconut_yolo_v3\weights\best_openvino_model
2026-10-02 15:01:27 - coconut_grading_ai - INFO - YOLO model loaded successfully
2026-10-02 15:01:27 - coconut_grading_ai - INFO - YOLO model loaded successfully
2026-10-02 15:01:27 - coconut_grading_ai - INFO - YOLO model loaded successfully
2026-10-02 15:01:27 - coconut_grading_ai - INFO - YOLO model loaded successfully
2026-10-02 15:01:27 - coconut_grading_ai - INFO - YOLO model loaded successfully
2026-10-02 15:01:27 - coconut_grading_ai - INFO - YOLO model loaded successfully
2026-10-02 15:01:27 - coconut_grading_ai - INFO - YOLO model loaded successfully
2026-10-02 15:01:27 - coconut_grading_ai - INFO - YOLO model loaded successfully
2026-10-02 15:01:27 - coconut_grading_ai - INFO - YOLO model loaded successfully
2026-10-02 15:01:27 - coconut_grading_ai - INFO - YOLO model loaded successfully
2026-10-02 15:01:27 - coconut_grading_ai - INFO - YOLO model loaded successfully
2026-10-02 15:01:27 - coconut_grading_ai - INFO - YOLO model loaded successfully
2026-10-02 15:01:27 - coconut_grading_ai - INFO - YOLO model loaded successfully
2026-10-02 15:01:27 - coconut_grading_ai - INFO - YOLO model loaded successfully
2026-10-02 15:01:27 - coconut_grading_ai - INFO - YOLO model loaded successfully
2026-10-02 15:01:27 - coconut_grading_ai - INFO - YOLO model loaded successfully
2026-10-02 15:01:27 - coconut_grading_ai - INFO - YOLO model loaded successfully
2026-10-02 15:01:27 - coconut_grading_ai - INFO - YOLO model loaded successfully
2026-10-02 15:01:27 - coconut_grading_ai - INFO - YOLO model loaded successfully
2026-10-02 15:01:27 - coconut_grading_ai - INFO - YOLO model loaded successfully
2026-10-02 15:01:27 - coconut_grading_ai - INFO - YOLO model loaded successfully
2026-10-02 15:01:27 - coconut_grading_ai - INFO - YOLO model loaded successfully
2026-10-02 15:01:27 - coconut_grading_ai - INFO - YOLO model loaded successfully
2026-10-02 15:01:27 - coconut_grading_ai - INFO - OpenVINO model loaded successfully: D:\Project\New folder\finalp\finalp\models\coconut_yolo_v3\weights\best_openvino_model
2026-10-02 15:01:27 - coconut_grading_ai - INFO - OpenVINO model loaded successfully: D:\Project\New folder\finalp\finalp\models\coconut_yolo_v3\weights\best_openvino_model
2026-10-02 15:01:27 - coconut_grading_ai - INFO - OpenVINO model loaded successfully: D:\Project\New folder\finalp\finalp\models\coconut_yolo_v3\weights\best_openvino_model
2026-10-02 15:01:27 - coconut_grading_ai - INFO - OpenVINO model loaded successfully: D:\Project\New folder\finalp\finalp\models\coconut_yolo_v3\weights\best_openvino_model
2026-10-02 15:01:27 - coconut_grading_ai - INFO - OpenVINO model loaded successfully: D:\Project\New folder\finalp\finalp\models\coconut_yolo_v3\weights\best_openvino_model
2026-10-02 15:01:27 - coconut_grading_ai - INFO - OpenVINO model loaded successfully: D:\Project\New folder\finalp\finalp\models\coconut_yolo_v3\weights\best_openvino_model
2026-10-02 15:01:27 - coconut_grading_ai - INFO - OpenVINO model loaded successfully: D:\Project\New folder\finalp\finalp\models\coconut_yolo_v3\weights\best_openvino_model
2026-10-02 15:01:27 - coconut_grading_ai - INFO - OpenVINO model loaded successfully: D:\Project\New folder\finalp\finalp\models\coconut_yolo_v3\weights\best_openvino_model
2026-10-02 15:01:27 - coconut_grading_ai - INFO - OpenVINO model loaded successfully: D:\Project\New folder\finalp\finalp\models\coconut_yolo_v3\weights\best_openvino_model
2026-10-02 15:01:27 - coconut_grading_ai - INFO - OpenVINO model loaded successfully: D:\Project\New folder\finalp\finalp\models\coconut_yolo_v3\weights\best_openvino_model
2026-10-02 15:01:27 - coconut_grading_ai - INFO - OpenVINO model loaded successfully: D:\Project\New folder\finalp\finalp\models\coconut_yolo_v3\weights\best_openvino_model
2026-10-02 15:01:27 - coconut_grading_ai - INFO - OpenVINO model loaded successfully: D:\Project\New folder\finalp\finalp\models\coconut_yolo_v3\weights\best_openvino_model
2026-10-02 15:01:27 - coconut_grading_ai - INFO - OpenVINO model loaded successfully: D:\Project\New folder\finalp\finalp\models\coconut_yolo_v3\weights\best_openvino_model
2026-10-02 15:01:27 - coconut_grading_ai - INFO - OpenVINO model loaded successfully: D:\Project\New folder\finalp\finalp\models\coconut_yolo_v3\weights\best_openvino_model
2026-10-02 15:01:27 - coconut_grading_ai - INFO - OpenVINO model loaded successfully: D:\Project\New folder\finalp\finalp\models\coconut_yolo_v3\weights\best_openvino_model
2026-10-02 15:01:27 - coconut_grading_ai - INFO - OpenVINO model loaded successfully: D:\Project\New folder\finalp\finalp\models\coconut_yolo_v3\weights\best_openvino_model
2026-10-02 15:01:27 - coconut_grading_ai - INFO - OpenVINO model loaded successfully: D:\Project\New folder\finalp\finalp\models\coconut_yolo_v3\weights\best_openvino_model
2026-10-02 15:01:27 - coconut_grading_ai - INFO - OpenVINO model loaded successfully: D:\Project\New folder\finalp\finalp\models\coconut_yolo_v3\weights\best_openvino_model
2026-10-02 15:01:27 - coconut_grading_ai - INFO - OpenVINO model loaded successfully: D:\Project\New folder\finalp\finalp\models\coconut_yolo_v3\weights\best_openvino_model
2026-10-02 15:01:27 - coconut_grading_ai - INFO - OpenVINO model loaded successfully: D:\Project\New folder\finalp\finalp\models\coconut_yolo_v3\weights\best_openvino_model
2026-10-02 15:01:27 - coconut_grading_ai - INFO - OpenVINO model loaded successfully: D:\Project\New folder\finalp\finalp\models\coconut_yolo_v3\weights\best_openvino_model
2026-10-02 15:01:27 - coconut_grading_ai - INFO - OpenVINO model loaded successfully: D:\Project\New folder\finalp\finalp\models\coconut_yolo_v3\weights\best_openvino_model
2026-10-02 15:01:27 - coconut_grading_ai - INFO - OpenVINO model loaded successfully: D:\Project\New folder\finalp\finalp\models\coconut_yolo_v3\weights\best_openvino_model
2026-10-02 15:01:34 - coconut_grading_ai - INFO - YOLO model loaded successfully
2026-10-02 15:01:34 - coconut_grading_ai - INFO - YOLO model loaded successfully
2026-10-02 15:01:34 - coconut_grading_ai - INFO - YOLO model loaded successfully
2026-10-02 15:01:34 - coconut_grading_ai - INFO - YOLO model loaded successfully
2026-10-02 15:01:34 - coconut_grading_ai - INFO - YOLO model loaded successfully
2026-10-02 15:01:34 - coconut_grading_ai - INFO - YOLO model loaded successfully
2026-10-02 15:01:34 - coconut_grading_ai - INFO - YOLO model loaded successfully
2026-10-02 15:01:34 - coconut_grading_ai - INFO - YOLO model loaded successfully
2026-10-02 15:01:34 - coconut_grading_ai - INFO - YOLO model loaded successfully
2026-10-02 15:01:34 - coconut_grading_ai - INFO - YOLO model loaded successfully
2026-10-02 15:01:34 - coconut_grading_ai - INFO - YOLO model loaded successfully
2026-10-02 15:01:34 - coconut_grading_ai - INFO - YOLO model loaded successfully
2026-10-02 15:01:34 - coconut_grading_ai - INFO - YOLO model loaded successfully
2026-10-02 15:01:34 - coconut_grading_ai - INFO - YOLO model loaded successfully
2026-10-02 15:01:34 - coconut_grading_ai - INFO - YOLO model loaded successfully
2026-10-02 15:01:34 - coconut_grading_ai - INFO - YOLO model loaded successfully
2026-10-02 15:01:34 - coconut_grading_ai - INFO - YOLO model loaded successfully
2026-10-02 15:01:34 - coconut_grading_ai - INFO - YOLO model loaded successfully
2026-10-02 15:01:34 - coconut_grading_ai - INFO - YOLO model loaded successfully
2026-10-02 15:01:34 - coconut_grading_ai - INFO - YOLO model loaded successfully
2026-10-02 15:01:34 - coconut_grading_ai - INFO - YOLO model loaded successfully
2026-10-02 15:01:34 - coconut_grading_ai - INFO - YOLO model loaded successfully
2026-10-02 15:01:34 - coconut_grading_ai - INFO - YOLO model loaded successfully
2026-10-02 15:01:34 - coconut_grading_ai - INFO - YOLO model loaded successfully
2026-10-02 15:01:34 - coconut_grading_ai - INFO - OpenVINO model loaded successfully: D:\Project\New folder\finalp\finalp\models\coconut_yolo_v3\weights\best_openvino_model
2026-10-02 15:01:34 - coconut_grading_ai - INFO - OpenVINO model loaded successfully: D:\Project\New folder\finalp\finalp\models\coconut_yolo_v3\weights\best_openvino_model
2026-10-02 15:01:34 - coconut_grading_ai - INFO - OpenVINO model loaded successfully: D:\Project\New folder\finalp\finalp\models\coconut_yolo_v3\weights\best_openvino_model
2026-10-02 15:01:34 - coconut_grading_ai - INFO - OpenVINO model loaded successfully: D:\Project\New folder\finalp\finalp\models\coconut_yolo_v3\weights\best_openvino_model
2026-10-02 15:01:34 - coconut_grading_ai - INFO - OpenVINO model loaded successfully: D:\Project\New folder\finalp\finalp\models\coconut_yolo_v3\weights\best_openvino_model
2026-10-02 15:01:34 - coconut_grading_ai - INFO - OpenVINO model loaded successfully: D:\Project\New folder\finalp\finalp\models\coconut_yolo_v3\weights\best_openvino_model
2026-10-02 15:01:34 - coconut_grading_ai - INFO - OpenVINO model loaded successfully: D:\Project\New folder\finalp\finalp\models\coconut_yolo_v3\weights\best_openvino_model
2026-10-02 15:01:34 - coconut_grading_ai - INFO - OpenVINO model loaded successfully: D:\Project\New folder\finalp\finalp\models\coconut_yolo_v3\weights\best_openvino_model
2026-10-02 15:01:34 - coconut_grading_ai - INFO - OpenVINO model loaded successfully: D:\Project\New folder\finalp\finalp\models\coconut_yolo_v3\weights\best_openvino_model
2026-10-02 15:01:34 - coconut_grading_ai - INFO - OpenVINO model loaded successfully: D:\Project\New folder\finalp\finalp\models\coconut_yolo_v3\weights\best_openvino_model
2026-10-02 15:01:34 - coconut_grading_ai - INFO - OpenVINO model loaded successfully: D:\Project\New folder\finalp\finalp\models\coconut_yolo_v3\weights\best_openvino_model
2026-10-02 15:01:34 - coconut_grading_ai - INFO - OpenVINO model loaded successfully: D:\Project\New folder\finalp\finalp\models\coconut_yolo_v3\weights\best_openvino_model
2026-10-02 15:01:34 - coconut_grading_ai - INFO - OpenVINO model loaded successfully: D:\Project\New folder\finalp\finalp\models\coconut_yolo_v3\weights\best_openvino_model
2026-10-02 15:01:34 - coconut_grading_ai - INFO - OpenVINO model loaded successfully: D:\Project\New folder\finalp\finalp\models\coconut_yolo_v3\weights\best_openvino_model
2026-10-02 15:01:34 - coconut_grading_ai - INFO - OpenVINO model loaded successfully: D:\Project\New folder\finalp\finalp\models\coconut_yolo_v3\weights\best_openvino_model
2026-10-02 15:01:34 - coconut_grading_ai - INFO - OpenVINO model loaded successfully: D:\Project\New folder\finalp\finalp\models\coconut_yolo_v3\weights\best_openvino_model
2026-10-02 15:01:34 - coconut_grading_ai - INFO - OpenVINO model loaded successfully: D:\Project\New folder\finalp\finalp\models\coconut_yolo_v3\weights\best_openvino_model
2026-10-02 15:01:34 - coconut_grading_ai - INFO - OpenVINO model loaded successfully: D:\Project\New folder\finalp\finalp\models\coconut_yolo_v3\weights\best_openvino_model
2026-10-02 15:01:34 - coconut_grading_ai - INFO - OpenVINO model loaded successfully: D:\Project\New folder\finalp\finalp\models\coconut_yolo_v3\weights\best_openvino_model
2026-10-02 15:01:34 - coconut_grading_ai - INFO - OpenVINO model loaded successfully: D:\Project\New folder\finalp\finalp\models\coconut_yolo_v3\weights\best_openvino_model
2026-10-02 15:01:34 - coconut_grading_ai - INFO - OpenVINO model loaded successfully: D:\Project\New folder\finalp\finalp\models\coconut_yolo_v3\weights\best_openvino_model
2026-10-02 15:01:34 - coconut_grading_ai - INFO - OpenVINO model loaded successfully: D:\Project\New folder\finalp\finalp\models\coconut_yolo_v3\weights\best_openvino_model
2026-10-02 15:01:34 - coconut_grading_ai - INFO - OpenVINO model loaded successfully: D:\Project\New folder\finalp\finalp\models\coconut_yolo_v3\weights\best_openvino_model
2026-10-02 15:01:34 - coconut_grading_ai - INFO - OpenVINO model loaded successfully: D:\Project\New folder\finalp\finalp\models\coconut_yolo_v3\weights\best_openvino_model
2026-10-02 15:01:34 - coconut_grading_ai - INFO - YOLO model loaded successfully
2026-10-02 15:01:34 - coconut_grading_ai - INFO - YOLO model loaded successfully
2026-10-02 15:01:34 - coconut_grading_ai - INFO - YOLO model loaded successfully
2026-10-02 15:01:34 - coconut_grading_ai - INFO - YOLO model loaded successfully
2026-10-02 15:01:34 - coconut_grading_ai - INFO - YOLO model loaded successfully
2026-10-02 15:01:34 - coconut_grading_ai - INFO - YOLO model loaded successfully
2026-10-02 15:01:34 - coconut_grading_ai - INFO - YOLO model loaded successfully
2026-10-02 15:01:34 - coconut_grading_ai - INFO - YOLO model loaded successfully
2026-10-02 15:01:34 - coconut_grading_ai - INFO - YOLO model loaded successfully
2026-10-02 15:01:34 - coconut_grading_ai - INFO - YOLO model loaded successfully
2026-10-02 15:01:34 - coconut_grading_ai - INFO - YOLO model loaded successfully
2026-10-02 15:01:34 - coconut_grading_ai - INFO - YOLO model loaded successfully
2026-10-02 15:01:34 - coconut_grading_ai - INFO - YOLO model loaded successfully
2026-10-02 15:01:34 - coconut_grading_ai - INFO - YOLO model loaded successfully
2026-10-02 15:01:34 - coconut_grading_ai - INFO - YOLO model loaded successfully
2026-10-02 15:01:34 - coconut_grading_ai - INFO - YOLO model loaded successfully
2026-10-02 15:01:34 - coconut_grading_ai - INFO - YOLO model loaded successfully
2026-10-02 15:01:34 - coconut_grading_ai - INFO - YOLO model loaded successfully
2026-10-02 15:01:34 - coconut_grading_ai - INFO - YOLO model loaded successfully
2026-10-02 15:01:34 - coconut_grading_ai - INFO - YOLO model loaded successfully
2026-10-02 15:01:34 - coconut_grading_ai - INFO - YOLO model loaded successfully
2026-10-02 15:01:34 - coconut_grading_ai - INFO - YOLO model loaded successfully
2026-10-02 15:01:34 - coconut_grading_ai - INFO - YOLO model loaded successfully
2026-10-02 15:01:34 - coconut_grading_ai - INFO - YOLO model loaded successfully
2026-10-02 15:01:34 - coconut_grading_ai - INFO - YOLO model loaded successfully
2026-10-02 15:01:34 - coconut_grading_ai - INFO - OpenVINO model loaded successfully: D:\Project\New folder\finalp\finalp\models\coconut_yolo_v3\weights\best_openvino_model
2026-10-02 15:01:34 - coconut_grading_ai - INFO - OpenVINO model loaded successfully: D:\Project\New folder\finalp\finalp\models\coconut_yolo_v3\weights\best_openvino_model
2026-10-02 15:01:34 - coconut_grading_ai - INFO - OpenVINO model loaded successfully: D:\Project\New folder\finalp\finalp\models\coconut_yolo_v3\weights\best_openvino_model
2026-10-02 15:01:34 - coconut_grading_ai - INFO - OpenVINO model loaded successfully: D:\Project\New folder\finalp\finalp\models\coconut_yolo_v3\weights\best_openvino_model
2026-10-02 15:01:34 - coconut_grading_ai - INFO - OpenVINO model loaded successfully: D:\Project\New folder\finalp\finalp\models\coconut_yolo_v3\weights\best_openvino_model
2026-10-02 15:01:34 - coconut_grading_ai - INFO - OpenVINO model loaded successfully: D:\Project\New folder\finalp\finalp\models\coconut_yolo_v3\weights\best_openvino_model
2026-10-02 15:01:34 - coconut_grading_ai - INFO - OpenVINO model loaded successfully: D:\Project\New folder\finalp\finalp\models\coconut_yolo_v3\weights\best_openvino_model
2026-10-02 15:01:34 - coconut_grading_ai - INFO - OpenVINO model loaded successfully: D:\Project\New folder\finalp\finalp\models\coconut_yolo_v3\weights\best_openvino_model
2026-10-02 15:01:34 - coconut_grading_ai - INFO - OpenVINO model loaded successfully: D:\Project\New folder\finalp\finalp\models\coconut_yolo_v3\weights\best_openvino_model
2026-10-02 15:01:34 - coconut_grading_ai - INFO - OpenVINO model loaded successfully: D:\Project\New folder\finalp\finalp\models\coconut_yolo_v3\weights\best_openvino_model
2026-10-02 15:01:34 - coconut_grading_ai - INFO - OpenVINO model loaded successfully: D:\Project\New folder\finalp\finalp\models\coconut_yolo_v3\weights\best_openvino_model
2026-10-02 15:01:34 - coconut_grading_ai - INFO - OpenVINO model loaded successfully: D:\Project\New folder\finalp\finalp\models\coconut_yolo_v3\weights\best_openvino_model
2026-10-02 15:01:34 - coconut_grading_ai - INFO - OpenVINO model loaded successfully: D:\Project\New folder\finalp\finalp\models\coconut_yolo_v3\weights\best_openvino_model
2026-10-02 15:01:34 - coconut_grading_ai - INFO - OpenVINO model loaded successfully: D:\Project\New folder\finalp\finalp\models\coconut_yolo_v3\weights\best_openvino_model
2026-10-02 15:01:34 - coconut_grading_ai - INFO - OpenVINO model loaded successfully: D:\Project\New folder\finalp\finalp\models\coconut_yolo_v3\weights\best_openvino_model
2026-10-02 15:01:34 - coconut_grading_ai - INFO - OpenVINO model loaded successfully: D:\Project\New folder\finalp\finalp\models\coconut_yolo_v3\weights\best_openvino_model
2026-10-02 15:01:34 - coconut_grading_ai - INFO - OpenVINO model loaded successfully: D:\Project\New folder\finalp\finalp\models\coconut_yolo_v3\weights\best_openvino_model
2026-10-02 15:01:34 - coconut_grading_ai - INFO - OpenVINO model loaded successfully: D:\Project\New folder\finalp\finalp\models\coconut_yolo_v3\weights\best_openvino_model
2026-10-02 15:01:34 - coconut_grading_ai - INFO - OpenVINO model loaded successfully: D:\Project\New folder\finalp\finalp\models\coconut_yolo_v3\weights\best_openvino_model
2026-10-02 15:01:34 - coconut_grading_ai - INFO - OpenVINO model loaded successfully: D:\Project\New folder\finalp\finalp\models\coconut_yolo_v3\weights\best_openvino_model
2026-10-02 15:01:34 - coconut_grading_ai - INFO - OpenVINO model loaded successfully: D:\Project\New folder\finalp\finalp\models\coconut_yolo_v3\weights\best_openvino_model
2026-10-02 15:01:34 - coconut_grading_ai - INFO - OpenVINO model loaded successfully: D:\Project\New folder\finalp\finalp\models\coconut_yolo_v3\weights\best_openvino_model
2026-10-02 15:01:34 - coconut_grading_ai - INFO - OpenVINO model loaded successfully: D:\Project\New folder\finalp\finalp\models\coconut_yolo_v3\weights\best_openvino_model
2026-10-02 15:01:34 - coconut_grading_ai - INFO - OpenVINO model loaded successfully: D:\Project\New folder\finalp\finalp\models\coconut_yolo_v3\weights\best_openvino_model
2026-10-02 15:01:34 - coconut_grading_ai - INFO - OpenVINO model loaded successfully: D:\Project\New folder\finalp\finalp\models\coconut_yolo_v3\weights\best_openvino_model
2026-10-02 15:01:34 - coconut_grading_ai - INFO - YOLO model loaded successfully
2026-10-02 15:01:34 - coconut_grading_ai - INFO - YOLO model loaded successfully
2026-10-02 15:01:34 - coconut_grading_ai - INFO - YOLO model loaded successfully
2026-10-02 15:01:34 - coconut_grading_ai - INFO - YOLO model loaded successfully
2026-10-02 15:01:34 - coconut_grading_ai - INFO - YOLO model loaded successfully
2026-10-02 15:01:34 - coconut_grading_ai - INFO - YOLO model loaded successfully
2026-10-02 15:01:34 - coconut_grading_ai - INFO - YOLO model loaded successfully
2026-10-02 15:01:34 - coconut_grading_ai - INFO - YOLO model loaded successfully
2026-10-02 15:01:34 - coconut_grading_ai - INFO - YOLO model loaded successfully
2026-10-02 15:01:34 - coconut_grading_ai - INFO - YOLO model loaded successfully
2026-10-02 15:01:34 - coconut_grading_ai - INFO - YOLO model loaded successfully
2026-10-02 15:01:34 - coconut_grading_ai - INFO - YOLO model loaded successfully
2026-10-02 15:01:34 - coconut_grading_ai - INFO - YOLO model loaded successfully
2026-10-02 15:01:34 - coconut_grading_ai - INFO - YOLO model loaded successfully
2026-10-02 15:01:34 - coconut_grading_ai - INFO - YOLO model loaded successfully
2026-10-02 15:01:34 - coconut_grading_ai - INFO - YOLO model loaded successfully
2026-10-02 15:01:34 - coconut_grading_ai - INFO - YOLO model loaded successfully
2026-10-02 15:01:34 - coconut_grading_ai - INFO - YOLO model loaded successfully
2026-10-02 15:01:34 - coconut_grading_ai - INFO - YOLO model loaded successfully
2026-10-02 15:01:34 - coconut_grading_ai - INFO - YOLO model loaded successfully
2026-10-02 15:01:34 - coconut_grading_ai - INFO - YOLO model loaded successfully
2026-10-02 15:01:34 - coconut_grading_ai - INFO - YOLO model loaded successfully
2026-10-02 15:01:34 - coconut_grading_ai - INFO - YOLO model loaded successfully
2026-10-02 15:01:34 - coconut_grading_ai - INFO - YOLO model loaded successfully
2026-10-02 15:01:34 - coconut_grading_ai - INFO - YOLO model loaded successfully
2026-10-02 15:01:34 - coconut_grading_ai - INFO - YOLO model loaded successfully
2026-10-02 15:01:34 - coconut_grading_ai - INFO - OpenVINO model loaded successfully: D:\Project\New folder\finalp\finalp\models\coconut_yolo_v3\weights\best_openvino_model
2026-10-02 15:01:34 - coconut_grading_ai - INFO - OpenVINO model loaded successfully: D:\Project\New folder\finalp\finalp\models\coconut_yolo_v3\weights\best_openvino_model
2026-10-02 15:01:34 - coconut_grading_ai - INFO - OpenVINO model loaded successfully: D:\Project\New folder\finalp\finalp\models\coconut_yolo_v3\weights\best_openvino_model
2026-10-02 15:01:34 - coconut_grading_ai - INFO - OpenVINO model loaded successfully: D:\Project\New folder\finalp\finalp\models\coconut_yolo_v3\weights\best_openvino_model
2026-10-02 15:01:34 - coconut_grading_ai - INFO - OpenVINO model loaded successfully: D:\Project\New folder\finalp\finalp\models\coconut_yolo_v3\weights\best_openvino_model
2026-10-02 15:01:34 - coconut_grading_ai - INFO - OpenVINO model loaded successfully: D:\Project\New folder\finalp\finalp\models\coconut_yolo_v3\weights\best_openvino_model
2026-10-02 15:01:34 - coconut_grading_ai - INFO - OpenVINO model loaded successfully: D:\Project\New folder\finalp\finalp\models\coconut_yolo_v3\weights\best_openvino_model
2026-10-02 15:01:34 - coconut_grading_ai - INFO - OpenVINO model loaded successfully: D:\Project\New folder\finalp\finalp\models\coconut_yolo_v3\weights\best_openvino_model
2026-10-02 15:01:34 - coconut_grading_ai - INFO - OpenVINO model loaded successfully: D:\Project\New folder\finalp\finalp\models\coconut_yolo_v3\weights\best_openvino_model
2026-10-02 15:01:34 - coconut_grading_ai - INFO - OpenVINO model loaded successfully: D:\Project\New folder\finalp\finalp\models\coconut_yolo_v3\weights\best_openvino_model
2026-10-02 15:01:34 - coconut_grading_ai - INFO - OpenVINO model loaded successfully: D:\Project\New folder\finalp\finalp\models\coconut_yolo_v3\weights\best_openvino_model
2026-10-02 15:01:34 - coconut_grading_ai - INFO - OpenVINO model loaded successfully: D:\Project\New folder\finalp\finalp\models\coconut_yolo_v3\weights\best_openvino_model
2026-10-02 15:01:34 - coconut_grading_ai - INFO - OpenVINO model loaded successfully: D:\Project\New folder\finalp\finalp\models\coconut_yolo_v3\weights\best_openvino_model
2026-10-02 15:01:34 - coconut_grading_ai - INFO - OpenVINO model loaded successfully: D:\Project\New folder\finalp\finalp\models\coconut_yolo_v3\weights\best_openvino_model
2026-10-02 15:01:34 - coconut_grading_ai - INFO - OpenVINO model loaded successfully: D:\Project\New folder\finalp\finalp\models\coconut_yolo_v3\weights\best_openvino_model
2026-10-02 15:01:34 - coconut_grading_ai - INFO - OpenVINO model loaded successfully: D:\Project\New folder\finalp\finalp\models\coconut_yolo_v3\weights\best_openvino_model
2026-10-02 15:01:34 - coconut_grading_ai - INFO - OpenVINO model loaded successfully: D:\Project\New folder\finalp\finalp\models\coconut_yolo_v3\weights\best_openvino_model
2026-10-02 15:01:34 - coconut_grading_ai - INFO - OpenVINO model loaded successfully: D:\Project\New folder\finalp\finalp\models\coconut_yolo_v3\weights\best_openvino_model
2026-10-02 15:01:34 - coconut_grading_ai - INFO - OpenVINO model loaded successfully: D:\Project\New folder\finalp\finalp\models\coconut_yolo_v3\weights\best_openvino_model
2026-10-02 15:01:34 - coconut_grading_ai - INFO - OpenVINO model loaded successfully: D:\Project\New folder\finalp\finalp\models\coconut_yolo_v3\weights\best_openvino_model
2026-10-02 15:01:34 - coconut_grading_ai - INFO - OpenVINO model loaded successfully: D:\Project\New folder\finalp\finalp\models\coconut_yolo_v3\weights\best_openvino_model
2026-10-02 15:01:34 - coconut_grading_ai - INFO - OpenVINO model loaded successfully: D:\Project\New folder\finalp\finalp\models\coconut_yolo_v3\weights\best_openvino_model
2026-10-02 15:01:34 - coconut_grading_ai - INFO - OpenVINO model loaded successfully: D:\Project\New folder\finalp\finalp\models\coconut_yolo_v3\weights\best_openvino_model
2026-10-02 15:01:34 - coconut_grading_ai - INFO - OpenVINO model loaded successfully: D:\Project\New folder\finalp\finalp\models\coconut_yolo_v3\weights\best_openvino_model
2026-10-02 15:01:34 - coconut_grading_ai - INFO - OpenVINO model loaded successfully: D:\Project\New folder\finalp\finalp\models\coconut_yolo_v3\weights\best_openvino_model
2026-10-02 15:01:34 - coconut_grading_ai - INFO - OpenVINO model loaded successfully: D:\Project\New folder\finalp\finalp\models\coconut_yolo_v3\weights\best_openvino_model
2026-10-02 15:01:48 - coconut_grading_ai - INFO - YOLO model loaded successfully
2026-10-02 15:01:48 - coconut_grading_ai - INFO - YOLO model loaded successfully
2026-10-02 15:01:48 - coconut_grading_ai - INFO - YOLO model loaded successfully
2026-10-02 15:01:48 - coconut_grading_ai - INFO - YOLO model loaded successfully
2026-10-02 15:01:48 - coconut_grading_ai - INFO - YOLO model loaded successfully
2026-10-02 15:01:48 - coconut_grading_ai - INFO - YOLO model loaded successfully
2026-10-02 15:01:48 - coconut_grading_ai - INFO - YOLO model loaded successfully
2026-10-02 15:01:48 - coconut_grading_ai - INFO - YOLO model loaded successfully
2026-10-02 15:01:48 - coconut_grading_ai - INFO - YOLO model loaded successfully
2026-10-02 15:01:48 - coconut_grading_ai - INFO - YOLO model loaded successfully
2026-10-02 15:01:48 - coconut_grading_ai - INFO - YOLO model loaded successfully
2026-10-02 15:01:48 - coconut_grading_ai - INFO - YOLO model loaded successfully
2026-10-02 15:01:48 - coconut_grading_ai - INFO - YOLO model loaded successfully
2026-10-02 15:01:48 - coconut_grading_ai - INFO - YOLO model loaded successfully
2026-10-02 15:01:48 - coconut_grading_ai - INFO - YOLO model loaded successfully
2026-10-02 15:01:48 - coconut_grading_ai - INFO - YOLO model loaded successfully
2026-10-02 15:01:48 - coconut_grading_ai - INFO - YOLO model loaded successfully
2026-10-02 15:01:48 - coconut_grading_ai - INFO - YOLO model loaded successfully
2026-10-02 15:01:48 - coconut_grading_ai - INFO - YOLO model loaded successfully
2026-10-02 15:01:48 - coconut_grading_ai - INFO - YOLO model loaded successfully
2026-10-02 15:01:48 - coconut_grading_ai - INFO - YOLO model loaded successfully
2026-10-02 15:01:48 - coconut_grading_ai - INFO - YOLO model loaded successfully
2026-10-02 15:01:48 - coconut_grading_ai - INFO - YOLO model loaded successfully
2026-10-02 15:01:48 - coconut_grading_ai - INFO - YOLO model loaded successfully
2026-10-02 15:01:48 - coconut_grading_ai - INFO - YOLO model loaded successfully
2026-10-02 15:01:48 - coconut_grading_ai - INFO - YOLO model loaded successfully
2026-10-02 15:01:48 - coconut_grading_ai - INFO - YOLO model loaded successfully
2026-10-02 15:01:48 - coconut_grading_ai - INFO - OpenVINO model loaded successfully: D:\Project\New folder\finalp\finalp\models\coconut_yolo_v3\weights\best_openvino_model
2026-10-02 15:01:48 - coconut_grading_ai - INFO - OpenVINO model loaded successfully: D:\Project\New folder\finalp\finalp\models\coconut_yolo_v3\weights\best_openvino_model
2026-10-02 15:01:48 - coconut_grading_ai - INFO - OpenVINO model loaded successfully: D:\Project\New folder\finalp\finalp\models\coconut_yolo_v3\weights\best_openvino_model
2026-10-02 15:01:48 - coconut_grading_ai - INFO - OpenVINO model loaded successfully: D:\Project\New folder\finalp\finalp\models\coconut_yolo_v3\weights\best_openvino_model
2026-10-02 15:01:48 - coconut_grading_ai - INFO - OpenVINO model loaded successfully: D:\Project\New folder\finalp\finalp\models\coconut_yolo_v3\weights\best_openvino_model
2026-10-02 15:01:48 - coconut_grading_ai - INFO - OpenVINO model loaded successfully: D:\Project\New folder\finalp\finalp\models\coconut_yolo_v3\weights\best_openvino_model
2026-10-02 15:01:48 - coconut_grading_ai - INFO - OpenVINO model loaded successfully: D:\Project\New folder\finalp\finalp\models\coconut_yolo_v3\weights\best_openvino_model
2026-10-02 15:01:48 - coconut_grading_ai - INFO - OpenVINO model loaded successfully: D:\Project\New folder\finalp\finalp\models\coconut_yolo_v3\weights\best_openvino_model
2026-10-02 15:01:48 - coconut_grading_ai - INFO - OpenVINO model loaded successfully: D:\Project\New folder\finalp\finalp\models\coconut_yolo_v3\weights\best_openvino_model
2026-10-02 15:01:48 - coconut_grading_ai - INFO - OpenVINO model loaded successfully: D:\Project\New folder\finalp\finalp\models\coconut_yolo_v3\weights\best_openvino_model
2026-10-02 15:01:48 - coconut_grading_ai - INFO - OpenVINO model loaded successfully: D:\Project\New folder\finalp\finalp\models\coconut_yolo_v3\weights\best_openvino_model
2026-10-02 15:01:48 - coconut_grading_ai - INFO - OpenVINO model loaded successfully: D:\Project\New folder\finalp\finalp\models\coconut_yolo_v3\weights\best_openvino_model
2026-10-02 15:01:48 - coconut_grading_ai - INFO - OpenVINO model loaded successfully: D:\Project\New folder\finalp\finalp\models\coconut_yolo_v3\weights\best_openvino_model
2026-10-02 15:01:48 - coconut_grading_ai - INFO - OpenVINO model loaded successfully: D:\Project\New folder\finalp\finalp\models\coconut_yolo_v3\weights\best_openvino_model
2026-10-02 15:01:48 - coconut_grading_ai - INFO - OpenVINO model loaded successfully: D:\Project\New folder\finalp\finalp\models\coconut_yolo_v3\weights\best_openvino_model
2026-10-02 15:01:48 - coconut_grading_ai - INFO - OpenVINO model loaded successfully: D:\Project\New folder\finalp\finalp\models\coconut_yolo_v3\weights\best_openvino_model
2026-10-02 15:01:48 - coconut_grading_ai - INFO - OpenVINO model loaded successfully: D:\Project\New folder\finalp\finalp\models\coconut_yolo_v3\weights\best_openvino_model
2026-10-02 15:01:48 - coconut_grading_ai - INFO - OpenVINO model loaded successfully: D:\Project\New folder\finalp\finalp\models\coconut_yolo_v3\weights\best_openvino_model
2026-10-02 15:01:48 - coconut_grading_ai - INFO - OpenVINO model loaded successfully: D:\Project\New folder\finalp\finalp\models\coconut_yolo_v3\weights\best_openvino_model
2026-10-02 15:01:48 - coconut_grading_ai - INFO - OpenVINO model loaded successfully: D:\Project\New folder\finalp\finalp\models\coconut_yolo_v3\weights\best_openvino_model
2026-10-02 15:01:48 - coconut_grading_ai - INFO - OpenVINO model loaded successfully: D:\Project\New folder\finalp\finalp\models\coconut_yolo_v3\weights\best_openvino_model
2026-10-02 15:01:48 - coconut_grading_ai - INFO - OpenVINO model loaded successfully: D:\Project\New folder\finalp\finalp\models\coconut_yolo_v3\weights\best_openvino_model
2026-10-02 15:01:48 - coconut_grading_ai - INFO - OpenVINO model loaded successfully: D:\Project\New folder\finalp\finalp\models\coconut_yolo_v3\weights\best_openvino_model
2026-10-02 15:01:48 - coconut_grading_ai - INFO - OpenVINO model loaded successfully: D:\Project\New folder\finalp\finalp\models\coconut_yolo_v3\weights\best_openvino_model
2026-10-02 15:01:48 - coconut_grading_ai - INFO - OpenVINO model loaded successfully: D:\Project\New folder\finalp\finalp\models\coconut_yolo_v3\weights\best_openvino_model
2026-10-02 15:01:48 - coconut_grading_ai - INFO - OpenVINO model loaded successfully: D:\Project\New folder\finalp\finalp\models\coconut_yolo_v3\weights\best_openvino_model
2026-10-02 15:01:48 - coconut_grading_ai - INFO - OpenVINO model loaded successfully: D:\Project\New folder\finalp\finalp\models\coconut_yolo_v3\weights\best_openvino_model
2026-10-02 15:01:54 - coconut_grading_ai - INFO - YOLO model loaded successfully
2026-10-02 15:01:54 - coconut_grading_ai - INFO - YOLO model loaded successfully
2026-10-02 15:01:54 - coconut_grading_ai - INFO - YOLO model loaded successfully
2026-10-02 15:01:54 - coconut_grading_ai - INFO - YOLO model loaded successfully
2026-10-02 15:01:54 - coconut_grading_ai - INFO - YOLO model loaded successfully
2026-10-02 15:01:54 - coconut_grading_ai - INFO - YOLO model loaded successfully
2026-10-02 15:01:54 - coconut_grading_ai - INFO - YOLO model loaded successfully
2026-10-02 15:01:54 - coconut_grading_ai - INFO - YOLO model loaded successfully
2026-10-02 15:01:54 - coconut_grading_ai - INFO - YOLO model loaded successfully
2026-10-02 15:01:54 - coconut_grading_ai - INFO - YOLO model loaded successfully
2026-10-02 15:01:54 - coconut_grading_ai - INFO - YOLO model loaded successfully
2026-10-02 15:01:54 - coconut_grading_ai - INFO - YOLO model loaded successfully
2026-10-02 15:01:54 - coconut_grading_ai - INFO - YOLO model loaded successfully
2026-10-02 15:01:54 - coconut_grading_ai - INFO - YOLO model loaded successfully
2026-10-02 15:01:54 - coconut_grading_ai - INFO - YOLO model loaded successfully
2026-10-02 15:01:54 - coconut_grading_ai - INFO - YOLO model loaded successfully
2026-10-02 15:01:54 - coconut_grading_ai - INFO - YOLO model loaded successfully
2026-10-02 15:01:54 - coconut_grading_ai - INFO - YOLO model loaded successfully
2026-10-02 15:01:54 - coconut_grading_ai - INFO - YOLO model loaded successfully
2026-10-02 15:01:54 - coconut_grading_ai - INFO - YOLO model loaded successfully
2026-10-02 15:01:54 - coconut_grading_ai - INFO - YOLO model loaded successfully
2026-10-02 15:01:54 - coconut_grading_ai - INFO - YOLO model loaded successfully
2026-10-02 15:01:54 - coconut_grading_ai - INFO - YOLO model loaded successfully
2026-10-02 15:01:54 - coconut_grading_ai - INFO - YOLO model loaded successfully
2026-10-02 15:01:54 - coconut_grading_ai - INFO - YOLO model loaded successfully
2026-10-02 15:01:54 - coconut_grading_ai - INFO - YOLO model loaded successfully
2026-10-02 15:01:54 - coconut_grading_ai - INFO - YOLO model loaded successfully
2026-10-02 15:01:54 - coconut_grading_ai - INFO - YOLO model loaded successfully
2026-10-02 15:01:54 - coconut_grading_ai - INFO - OpenVINO model loaded successfully: D:\Project\New folder\finalp\finalp\models\coconut_yolo_v3\weights\best_openvino_model
2026-10-02 15:01:54 - coconut_grading_ai - INFO - OpenVINO model loaded successfully: D:\Project\New folder\finalp\finalp\models\coconut_yolo_v3\weights\best_openvino_model
2026-10-02 15:01:54 - coconut_grading_ai - INFO - OpenVINO model loaded successfully: D:\Project\New folder\finalp\finalp\models\coconut_yolo_v3\weights\best_openvino_model
2026-10-02 15:01:54 - coconut_grading_ai - INFO - OpenVINO model loaded successfully: D:\Project\New folder\finalp\finalp\models\coconut_yolo_v3\weights\best_openvino_model
2026-10-02 15:01:54 - coconut_grading_ai - INFO - OpenVINO model loaded successfully: D:\Project\New folder\finalp\finalp\models\coconut_yolo_v3\weights\best_openvino_model
2026-10-02 15:01:54 - coconut_grading_ai - INFO - OpenVINO model loaded successfully: D:\Project\New folder\finalp\finalp\models\coconut_yolo_v3\weights\best_openvino_model
2026-10-02 15:01:54 - coconut_grading_ai - INFO - OpenVINO model loaded successfully: D:\Project\New folder\finalp\finalp\models\coconut_yolo_v3\weights\best_openvino_model
2026-10-02 15:01:54 - coconut_grading_ai - INFO - OpenVINO model loaded successfully: D:\Project\New folder\finalp\finalp\models\coconut_yolo_v3\weights\best_openvino_model
2026-10-02 15:01:54 - coconut_grading_ai - INFO - OpenVINO model loaded successfully: D:\Project\New folder\finalp\finalp\models\coconut_yolo_v3\weights\best_openvino_model
2026-10-02 15:01:54 - coconut_grading_ai - INFO - OpenVINO model loaded successfully: D:\Project\New folder\finalp\finalp\models\coconut_yolo_v3\weights\best_openvino_model
2026-10-02 15:01:54 - coconut_grading_ai - INFO - OpenVINO model loaded successfully: D:\Project\New folder\finalp\finalp\models\coconut_yolo_v3\weights\best_openvino_model
2026-10-02 15:01:54 - coconut_grading_ai - INFO - OpenVINO model loaded successfully: D:\Project\New folder\finalp\finalp\models\coconut_yolo_v3\weights\best_openvino_model
2026-10-02 15:01:54 - coconut_grading_ai - INFO - OpenVINO model loaded successfully: D:\Project\New folder\finalp\finalp\models\coconut_yolo_v3\weights\best_openvino_model
2026-10-02 15:01:54 - coconut_grading_ai - INFO - OpenVINO model loaded successfully: D:\Project\New folder\finalp\finalp\models\coconut_yolo_v3\weights\best_openvino_model
2026-10-02 15:01:54 - coconut_grading_ai - INFO - OpenVINO model loaded successfully: D:\Project\New folder\finalp\finalp\models\coconut_yolo_v3\weights\best_openvino_model
2026-10-02 15:01:54 - coconut_grading_ai - INFO - OpenVINO model loaded successfully: D:\Project\New folder\finalp\finalp\models\coconut_yolo_v3\weights\best_openvino_model
2026-10-02 15:01:54 - coconut_grading_ai - INFO - OpenVINO model loaded successfully: D:\Project\New folder\finalp\finalp\models\coconut_yolo_v3\weights\best_openvino_model
2026-10-02 15:01:54 - coconut_grading_ai - INFO - OpenVINO model loaded successfully: D:\Project\New folder\finalp\finalp\models\coconut_yolo_v3\weights\best_openvino_model
2026-10-02 15:01:54 - coconut_grading_ai - INFO - OpenVINO model loaded successfully: D:\Project\New folder\finalp\finalp\models\coconut_yolo_v3\weights\best_openvino_model
2026-10-02 15:01:54 - coconut_grading_ai - INFO - OpenVINO model loaded successfully: D:\Project\New folder\finalp\finalp\models\coconut_yolo_v3\weights\best_openvino_model
2026-10-02 15:01:54 - coconut_grading_ai - INFO - OpenVINO model loaded successfully: D:\Project\New folder\finalp\finalp\models\coconut_yolo_v3\weights\best_openvino_model
2026-10-02 15:01:54 - coconut_grading_ai - INFO - OpenVINO model loaded successfully: D:\Project\New folder\finalp\finalp\models\coconut_yolo_v3\weights\best_openvino_model
2026-10-02 15:01:54 - coconut_grading_ai - INFO - OpenVINO model loaded successfully: D:\Project\New folder\finalp\finalp\models\coconut_yolo_v3\weights\best_openvino_model
2026-10-02 15:01:54 - coconut_grading_ai - INFO - OpenVINO model loaded successfully: D:\Project\New folder\finalp\finalp\models\coconut_yolo_v3\weights\best_openvino_model
2026-10-02 15:01:54 - coconut_grading_ai - INFO - OpenVINO model loaded successfully: D:\Project\New folder\finalp\finalp\models\coconut_yolo_v3\weights\best_openvino_model
2026-10-02 15:01:54 - coconut_grading_ai - INFO - OpenVINO model loaded successfully: D:\Project\New folder\finalp\finalp\models\coconut_yolo_v3\weights\best_openvino_model
2026-10-02 15:01:54 - coconut_grading_ai - INFO - OpenVINO model loaded successfully: D:\Project\New folder\finalp\finalp\models\coconut_yolo_v3\weights\best_openvino_model
2026-10-02 15:01:54 - coconut_grading_ai - INFO - OpenVINO model loaded successfully: D:\Project\New folder\finalp\finalp\models\coconut_yolo_v3\weights\best_openvino_model
2026-10-02 15:01:54 - coconut_grading_ai - INFO - YOLO model loaded successfully
2026-10-02 15:01:54 - coconut_grading_ai - INFO - YOLO model loaded successfully
2026-10-02 15:01:54 - coconut_grading_ai - INFO - YOLO model loaded successfully
2026-10-02 15:01:54 - coconut_grading_ai - INFO - YOLO model loaded successfully
2026-10-02 15:01:54 - coconut_grading_ai - INFO - YOLO model loaded successfully
2026-10-02 15:01:54 - coconut_grading_ai - INFO - YOLO model loaded successfully
2026-10-02 15:01:54 - coconut_grading_ai - INFO - YOLO model loaded successfully
2026-10-02 15:01:54 - coconut_grading_ai - INFO - YOLO model loaded successfully
2026-10-02 15:01:54 - coconut_grading_ai - INFO - YOLO model loaded successfully
2026-10-02 15:01:54 - coconut_grading_ai - INFO - YOLO model loaded successfully
2026-10-02 15:01:54 - coconut_grading_ai - INFO - YOLO model loaded successfully
2026-10-02 15:01:54 - coconut_grading_ai - INFO - YOLO model loaded successfully
2026-10-02 15:01:54 - coconut_grading_ai - INFO - YOLO model loaded successfully
2026-10-02 15:01:54 - coconut_grading_ai - INFO - YOLO model loaded successfully
2026-10-02 15:01:54 - coconut_grading_ai - INFO - YOLO model loaded successfully
2026-10-02 15:01:54 - coconut_grading_ai - INFO - YOLO model loaded successfully
2026-10-02 15:01:54 - coconut_grading_ai - INFO - YOLO model loaded successfully
2026-10-02 15:01:54 - coconut_grading_ai - INFO - YOLO model loaded successfully
2026-10-02 15:01:54 - coconut_grading_ai - INFO - YOLO model loaded successfully
2026-10-02 15:01:54 - coconut_grading_ai - INFO - YOLO model loaded successfully
2026-10-02 15:01:54 - coconut_grading_ai - INFO - YOLO model loaded successfully
2026-10-02 15:01:54 - coconut_grading_ai - INFO - YOLO model loaded successfully
2026-10-02 15:01:54 - coconut_grading_ai - INFO - YOLO model loaded successfully
2026-10-02 15:01:54 - coconut_grading_ai - INFO - YOLO model loaded successfully
2026-10-02 15:01:54 - coconut_grading_ai - INFO - YOLO model loaded successfully
2026-10-02 15:01:54 - coconut_grading_ai - INFO - YOLO model loaded successfully
2026-10-02 15:01:54 - coconut_grading_ai - INFO - YOLO model loaded successfully
2026-10-02 15:01:54 - coconut_grading_ai - INFO - YOLO model loaded successfully
2026-10-02 15:01:54 - coconut_grading_ai - INFO - YOLO model loaded successfully
2026-10-02 15:01:54 - coconut_grading_ai - INFO - OpenVINO model loaded successfully: D:\Project\New folder\finalp\finalp\models\coconut_yolo_v3\weights\best_openvino_model
2026-10-02 15:01:54 - coconut_grading_ai - INFO - OpenVINO model loaded successfully: D:\Project\New folder\finalp\finalp\models\coconut_yolo_v3\weights\best_openvino_model
2026-10-02 15:01:54 - coconut_grading_ai - INFO - OpenVINO model loaded successfully: D:\Project\New folder\finalp\finalp\models\coconut_yolo_v3\weights\best_openvino_model
2026-10-02 15:01:54 - coconut_grading_ai - INFO - OpenVINO model loaded successfully: D:\Project\New folder\finalp\finalp\models\coconut_yolo_v3\weights\best_openvino_model
2026-10-02 15:01:54 - coconut_grading_ai - INFO - OpenVINO model loaded successfully: D:\Project\New folder\finalp\finalp\models\coconut_yolo_v3\weights\best_openvino_model
2026-10-02 15:01:54 - coconut_grading_ai - INFO - OpenVINO model loaded successfully: D:\Project\New folder\finalp\finalp\models\coconut_yolo_v3\weights\best_openvino_model
2026-10-02 15:01:54 - coconut_grading_ai - INFO - OpenVINO model loaded successfully: D:\Project\New folder\finalp\finalp\models\coconut_yolo_v3\weights\best_openvino_model
2026-10-02 15:01:54 - coconut_grading_ai - INFO - OpenVINO model loaded successfully: D:\Project\New folder\finalp\finalp\models\coconut_yolo_v3\weights\best_openvino_model
2026-10-02 15:01:54 - coconut_grading_ai - INFO - OpenVINO model loaded successfully: D:\Project\New folder\finalp\finalp\models\coconut_yolo_v3\weights\best_openvino_model
2026-10-02 15:01:54 - coconut_grading_ai - INFO - OpenVINO model loaded successfully: D:\Project\New folder\finalp\finalp\models\coconut_yolo_v3\weights\best_openvino_model
2026-10-02 15:01:54 - coconut_grading_ai - INFO - OpenVINO model loaded successfully: D:\Project\New folder\finalp\finalp\models\coconut_yolo_v3\weights\best_openvino_model
2026-10-02 15:01:54 - coconut_grading_ai - INFO - OpenVINO model loaded successfully: D:\Project\New folder\finalp\finalp\models\coconut_yolo_v3\weights\best_openvino_model
2026-10-02 15:01:54 - coconut_grading_ai - INFO - OpenVINO model loaded successfully: D:\Project\New folder\finalp\finalp\models\coconut_yolo_v3\weights\best_openvino_model
2026-10-02 15:01:54 - coconut_grading_ai - INFO - OpenVINO model loaded successfully: D:\Project\New folder\finalp\finalp\models\coconut_yolo_v3\weights\best_openvino_model
2026-10-02 15:01:54 - coconut_grading_ai - INFO - OpenVINO model loaded successfully: D:\Project\New folder\finalp\finalp\models\coconut_yolo_v3\weights\best_openvino_model
2026-10-02 15:01:54 - coconut_grading_ai - INFO - OpenVINO model loaded successfully: D:\Project\New folder\finalp\finalp\models\coconut_yolo_v3\weights\best_openvino_model
2026-10-02 15:01:54 - coconut_grading_ai - INFO - OpenVINO model loaded successfully: D:\Project\New folder\finalp\finalp\models\coconut_yolo_v3\weights\best_openvino_model
2026-10-02 15:01:54 - coconut_grading_ai - INFO - OpenVINO model loaded successfully: D:\Project\New folder\finalp\finalp\models\coconut_yolo_v3\weights\best_openvino_model
2026-10-02 15:01:54 - coconut_grading_ai - INFO - OpenVINO model loaded successfully: D:\Project\New folder\finalp\finalp\models\coconut_yolo_v3\weights\best_openvino_model
2026-10-02 15:01:54 - coconut_grading_ai - INFO - OpenVINO model loaded successfully: D:\Project\New folder\finalp\finalp\models\coconut_yolo_v3\weights\best_openvino_model
2026-10-02 15:01:54 - coconut_grading_ai - INFO - OpenVINO model loaded successfully: D:\Project\New folder\finalp\finalp\models\coconut_yolo_v3\weights\best_openvino_model
2026-10-02 15:01:54 - coconut_grading_ai - INFO - OpenVINO model loaded successfully: D:\Project\New folder\finalp\finalp\models\coconut_yolo_v3\weights\best_openvino_model
2026-10-02 15:01:54 - coconut_grading_ai - INFO - OpenVINO model loaded successfully: D:\Project\New folder\finalp\finalp\models\coconut_yolo_v3\weights\best_openvino_model
2026-10-02 15:01:54 - coconut_grading_ai - INFO - OpenVINO model loaded successfully: D:\Project\New folder\finalp\finalp\models\coconut_yolo_v3\weights\best_openvino_model
2026-10-02 15:01:54 - coconut_grading_ai - INFO - OpenVINO model loaded successfully: D:\Project\New folder\finalp\finalp\models\coconut_yolo_v3\weights\best_openvino_model
2026-10-02 15:01:54 - coconut_grading_ai - INFO - OpenVINO model loaded successfully: D:\Project\New folder\finalp\finalp\models\coconut_yolo_v3\weights\best_openvino_model
2026-10-02 15:01:54 - coconut_grading_ai - INFO - OpenVINO model loaded successfully: D:\Project\New folder\finalp\finalp\models\coconut_yolo_v3\weights\best_openvino_model
2026-10-02 15:01:54 - coconut_grading_ai - INFO - OpenVINO model loaded successfully: D:\Project\New folder\finalp\finalp\models\coconut_yolo_v3\weights\best_openvino_model
2026-10-02 15:01:54 - coconut_grading_ai - INFO - OpenVINO model loaded successfully: D:\Project\New folder\finalp\finalp\models\coconut_yolo_v3\weights\best_openvino_model
2026-10-02 15:01:55 - coconut_grading_ai - INFO - User Action: user=vishnupradheep, action=register, details=role=farmer
2026-10-02 15:01:55 - coconut_grading_ai - INFO - User Action: user=vishnupradheep, action=register, details=role=farmer
2026-10-02 15:01:55 - coconut_grading_ai - INFO - User Action: user=vishnupradheep, action=register, details=role=farmer
2026-10-02 15:01:55 - coconut_grading_ai - INFO - User Action: user=vishnupradheep, action=register, details=role=farmer
2026-10-02 15:01:55 - coconut_grading_ai - INFO - User Action: user=vishnupradheep, action=register, details=role=farmer
2026-10-02 15:01:55 - coconut_grading_ai - INFO - User Action: user=vishnupradheep, action=register, details=role=farmer
2026-10-02 15:01:55 - coconut_grading_ai - INFO - User Action: user=vishnupradheep, action=register, details=role=farmer
2026-10-02 15:01:55 - coconut_grading_ai - INFO - User Action: user=vishnupradheep, action=register, details=role=farmer
2026-10-02 15:01:55 - coconut_grading_ai - INFO - User Action: user=vishnupradheep, action=register, details=role=farmer
2026-10-02 15:01:55 - coconut_grading_ai - INFO - User Action: user=vishnupradheep, action=register, details=role=farmer
2026-10-02 15:01:55 - coconut_grading_ai - INFO - User Action: user=vishnupradheep, action=register, details=role=farmer
2026-10-02 15:01:55 - coconut_grading_ai - INFO - User Action: user=vishnupradheep, action=register, details=role=farmer
2026-10-02 15:01:55 - coconut_grading_ai - INFO - User Action: user=vishnupradheep, action=register, details=role=farmer
2026-10-02 15:01:55 - coconut_grading_ai - INFO - User Action: user=vishnupradheep, action=register, details=role=farmer
2026-10-02 15:01:55 - coconut_grading_ai - INFO - User Action: user=vishnupradheep, action=register, details=role=farmer
2026-10-02 15:01:55 - coconut_grading_ai - INFO - User Action: user=vishnupradheep, action=register, details=role=farmer
2026-10-02 15:01:55 - coconut_grading_ai - INFO - User Action: user=vishnupradheep, action=register, details=role=farmer
2026-10-02 15:01:55 - coconut_grading_ai - INFO - User Action: user=vishnupradheep, action=register, details=role=farmer
2026-10-02 15:01:55 - coconut_grading_ai - INFO - User Action: user=vishnupradheep, action=register, details=role=farmer
2026-10-02 15:01:55 - coconut_grading_ai - INFO - User Action: user=vishnupradheep, action=register, details=role=farmer
2026-10-02 15:01:55 - coconut_grading_ai - INFO - User Action: user=vishnupradheep, action=register, details=role=farmer
2026-10-02 15:01:55 - coconut_grading_ai - INFO - User Action: user=vishnupradheep, action=register, details=role=farmer
2026-10-02 15:01:55 - coconut_grading_ai - INFO - User Action: user=vishnupradheep, action=register, details=role=farmer
2026-10-02 15:01:55 - coconut_grading_ai - INFO - User Action: user=vishnupradheep, action=register, details=role=farmer
2026-10-02 15:01:55 - coconut_grading_ai - INFO - User Action: user=vishnupradheep, action=register, details=role=farmer
2026-10-02 15:01:55 - coconut_grading_ai - INFO - User Action: user=vishnupradheep, action=register, details=role=farmer
2026-10-02 15:01:55 - coconut_grading_ai - INFO - User Action: user=vishnupradheep, action=register, details=role=farmer
2026-10-02 15:01:55 - coconut_grading_ai - INFO - User Action: user=vishnupradheep, action=register, details=role=farmer
2026-10-02 15:01:55 - coconut_grading_ai - INFO - User Action: user=vishnupradheep, action=register, details=role=farmer
2026-10-02 15:02:03 - coconut_grading_ai - INFO - YOLO model loaded successfully
2026-10-02 15:02:03 - coconut_grading_ai - INFO - YOLO model loaded successfully
2026-10-02 15:02:03 - coconut_grading_ai - INFO - YOLO model loaded successfully
2026-10-02 15:02:03 - coconut_grading_ai - INFO - YOLO model loaded successfully
2026-10-02 15:02:03 - coconut_grading_ai - INFO - YOLO model loaded successfully
2026-10-02 15:02:03 - coconut_grading_ai - INFO - YOLO model loaded successfully
2026-10-02 15:02:03 - coconut_grading_ai - INFO - YOLO model loaded successfully
2026-10-02 15:02:03 - coconut_grading_ai - INFO - YOLO model loaded successfully
2026-10-02 15:02:03 - coconut_grading_ai - INFO - YOLO model loaded successfully
2026-10-02 15:02:03 - coconut_grading_ai - INFO - YOLO model loaded successfully
2026-10-02 15:02:03 - coconut_grading_ai - INFO - YOLO model loaded successfully
2026-10-02 15:02:03 - coconut_grading_ai - INFO - YOLO model loaded successfully
2026-10-02 15:02:03 - coconut_grading_ai - INFO - YOLO model loaded successfully
2026-10-02 15:02:03 - coconut_grading_ai - INFO - YOLO model loaded successfully
2026-10-02 15:02:03 - coconut_grading_ai - INFO - YOLO model loaded successfully
2026-10-02 15:02:03 - coconut_grading_ai - INFO - YOLO model loaded successfully
2026-10-02 15:02:03 - coconut_grading_ai - INFO - YOLO model loaded successfully
2026-10-02 15:02:03 - coconut_grading_ai - INFO - YOLO model loaded successfully
2026-10-02 15:02:03 - coconut_grading_ai - INFO - YOLO model loaded successfully
2026-10-02 15:02:03 - coconut_grading_ai - INFO - YOLO model loaded successfully
2026-10-02 15:02:03 - coconut_grading_ai - INFO - YOLO model loaded successfully
2026-10-02 15:02:03 - coconut_grading_ai - INFO - YOLO model loaded successfully
2026-10-02 15:02:03 - coconut_grading_ai - INFO - YOLO model loaded successfully
2026-10-02 15:02:03 - coconut_grading_ai - INFO - YOLO model loaded successfully
2026-10-02 15:02:03 - coconut_grading_ai - INFO - YOLO model loaded successfully
2026-10-02 15:02:03 - coconut_grading_ai - INFO - YOLO model loaded successfully
2026-10-02 15:02:03 - coconut_grading_ai - INFO - YOLO model loaded successfully
2026-10-02 15:02:03 - coconut_grading_ai - INFO - YOLO model loaded successfully
2026-10-02 15:02:03 - coconut_grading_ai - INFO - YOLO model loaded successfully
2026-10-02 15:02:03 - coconut_grading_ai - INFO - YOLO model loaded successfully
2026-10-02 15:02:03 - coconut_grading_ai - INFO - OpenVINO model loaded successfully: D:\Project\New folder\finalp\finalp\models\coconut_yolo_v3\weights\best_openvino_model
2026-10-02 15:02:03 - coconut_grading_ai - INFO - OpenVINO model loaded successfully: D:\Project\New folder\finalp\finalp\models\coconut_yolo_v3\weights\best_openvino_model
2026-10-02 15:02:03 - coconut_grading_ai - INFO - OpenVINO model loaded successfully: D:\Project\New folder\finalp\finalp\models\coconut_yolo_v3\weights\best_openvino_model
2026-10-02 15:02:03 - coconut_grading_ai - INFO - OpenVINO model loaded successfully: D:\Project\New folder\finalp\finalp\models\coconut_yolo_v3\weights\best_openvino_model
2026-10-02 15:02:03 - coconut_grading_ai - INFO - OpenVINO model loaded successfully: D:\Project\New folder\finalp\finalp\models\coconut_yolo_v3\weights\best_openvino_model
2026-10-02 15:02:03 - coconut_grading_ai - INFO - OpenVINO model loaded successfully: D:\Project\New folder\finalp\finalp\models\coconut_yolo_v3\weights\best_openvino_model
2026-10-02 15:02:03 - coconut_grading_ai - INFO - OpenVINO model loaded successfully: D:\Project\New folder\finalp\finalp\models\coconut_yolo_v3\weights\best_openvino_model
2026-10-02 15:02:03 - coconut_grading_ai - INFO - OpenVINO model loaded successfully: D:\Project\New folder\finalp\finalp\models\coconut_yolo_v3\weights\best_openvino_model
2026-10-02 15:02:03 - coconut_grading_ai - INFO - OpenVINO model loaded successfully: D:\Project\New folder\finalp\finalp\models\coconut_yolo_v3\weights\best_openvino_model
2026-10-02 15:02:03 - coconut_grading_ai - INFO - OpenVINO model loaded successfully: D:\Project\New folder\finalp\finalp\models\coconut_yolo_v3\weights\best_openvino_model
2026-10-02 15:02:03 - coconut_grading_ai - INFO - OpenVINO model loaded successfully: D:\Project\New folder\finalp\finalp\models\coconut_yolo_v3\weights\best_openvino_model
2026-10-02 15:02:03 - coconut_grading_ai - INFO - OpenVINO model loaded successfully: D:\Project\New folder\finalp\finalp\models\coconut_yolo_v3\weights\best_openvino_model
2026-10-02 15:02:03 - coconut_grading_ai - INFO - OpenVINO model loaded successfully: D:\Project\New folder\finalp\finalp\models\coconut_yolo_v3\weights\best_openvino_model
2026-10-02 15:02:03 - coconut_grading_ai - INFO - OpenVINO model loaded successfully: D:\Project\New folder\finalp\finalp\models\coconut_yolo_v3\weights\best_openvino_model
2026-10-02 15:02:03 - coconut_grading_ai - INFO - OpenVINO model loaded successfully: D:\Project\New folder\finalp\finalp\models\coconut_yolo_v3\weights\best_openvino_model
2026-10-02 15:02:03 - coconut_grading_ai - INFO - OpenVINO model loaded successfully: D:\Project\New folder\finalp\finalp\models\coconut_yolo_v3\weights\best_openvino_model
2026-10-02 15:02:03 - coconut_grading_ai - INFO - OpenVINO model loaded successfully: D:\Project\New folder\finalp\finalp\models\coconut_yolo_v3\weights\best_openvino_model
2026-10-02 15:02:03 - coconut_grading_ai - INFO - OpenVINO model loaded successfully: D:\Project\New folder\finalp\finalp\models\coconut_yolo_v3\weights\best_openvino_model
2026-10-02 15:02:03 - coconut_grading_ai - INFO - OpenVINO model loaded successfully: D:\Project\New folder\finalp\finalp\models\coconut_yolo_v3\weights\best_openvino_model
2026-10-02 15:02:03 - coconut_grading_ai - INFO - OpenVINO model loaded successfully: D:\Project\New folder\finalp\finalp\models\coconut_yolo_v3\weights\best_openvino_model
2026-10-02 15:02:03 - coconut_grading_ai - INFO - OpenVINO model loaded successfully: D:\Project\New folder\finalp\finalp\models\coconut_yolo_v3\weights\best_openvino_model
2026-10-02 15:02:03 - coconut_grading_ai - INFO - OpenVINO model loaded successfully: D:\Project\New folder\finalp\finalp\models\coconut_yolo_v3\weights\best_openvino_model
2026-10-02 15:02:03 - coconut_grading_ai - INFO - OpenVINO model loaded successfully: D:\Project\New folder\finalp\finalp\models\coconut_yolo_v3\weights\best_openvino_model
2026-10-02 15:02:03 - coconut_grading_ai - INFO - OpenVINO model loaded successfully: D:\Project\New folder\finalp\finalp\models\coconut_yolo_v3\weights\best_openvino_model
2026-10-02 15:02:03 - coconut_grading_ai - INFO - OpenVINO model loaded successfully: D:\Project\New folder\finalp\finalp\models\coconut_yolo_v3\weights\best_openvino_model
2026-10-02 15:02:03 - coconut_grading_ai - INFO - OpenVINO model loaded successfully: D:\Project\New folder\finalp\finalp\models\coconut_yolo_v3\weights\best_openvino_model
2026-10-02 15:02:03 - coconut_grading_ai - INFO - OpenVINO model loaded successfully: D:\Project\New folder\finalp\finalp\models\coconut_yolo_v3\weights\best_openvino_model
2026-10-02 15:02:03 - coconut_grading_ai - INFO - OpenVINO model loaded successfully: D:\Project\New folder\finalp\finalp\models\coconut_yolo_v3\weights\best_openvino_model
2026-10-02 15:02:03 - coconut_grading_ai - INFO - OpenVINO model loaded successfully: D:\Project\New folder\finalp\finalp\models\coconut_yolo_v3\weights\best_openvino_model
2026-10-02 15:02:03 - coconut_grading_ai - INFO - OpenVINO model loaded successfully: D:\Project\New folder\finalp\finalp\models\coconut_yolo_v3\weights\best_openvino_model
2026-10-02 15:02:06 - coconut_grading_ai - INFO - YOLO model loaded successfully
2026-10-02 15:02:06 - coconut_grading_ai - INFO - YOLO model loaded successfully
2026-10-02 15:02:06 - coconut_grading_ai - INFO - YOLO model loaded successfully
2026-10-02 15:02:06 - coconut_grading_ai - INFO - YOLO model loaded successfully
2026-10-02 15:02:06 - coconut_grading_ai - INFO - YOLO model loaded successfully
2026-10-02 15:02:06 - coconut_grading_ai - INFO - YOLO model loaded successfully
2026-10-02 15:02:06 - coconut_grading_ai - INFO - YOLO model loaded successfully
2026-10-02 15:02:06 - coconut_grading_ai - INFO - YOLO model loaded successfully
2026-10-02 15:02:06 - coconut_grading_ai - INFO - YOLO model loaded successfully
2026-10-02 15:02:06 - coconut_grading_ai - INFO - YOLO model loaded successfully
2026-10-02 15:02:06 - coconut_grading_ai - INFO - YOLO model loaded successfully
2026-10-02 15:02:06 - coconut_grading_ai - INFO - YOLO model loaded successfully
2026-10-02 15:02:06 - coconut_grading_ai - INFO - YOLO model loaded successfully
2026-10-02 15:02:06 - coconut_grading_ai - INFO - YOLO model loaded successfully
2026-10-02 15:02:06 - coconut_grading_ai - INFO - YOLO model loaded successfully
2026-10-02 15:02:06 - coconut_grading_ai - INFO - YOLO model loaded successfully
2026-10-02 15:02:06 - coconut_grading_ai - INFO - YOLO model loaded successfully
2026-10-02 15:02:06 - coconut_grading_ai - INFO - YOLO model loaded successfully
2026-10-02 15:02:06 - coconut_grading_ai - INFO - YOLO model loaded successfully
2026-10-02 15:02:06 - coconut_grading_ai - INFO - YOLO model loaded successfully
2026-10-02 15:02:06 - coconut_grading_ai - INFO - YOLO model loaded successfully
2026-10-02 15:02:06 - coconut_grading_ai - INFO - YOLO model loaded successfully
2026-10-02 15:02:06 - coconut_grading_ai - INFO - YOLO model loaded successfully
2026-10-02 15:02:06 - coconut_grading_ai - INFO - YOLO model loaded successfully
2026-10-02 15:02:06 - coconut_grading_ai - INFO - YOLO model loaded successfully
2026-10-02 15:02:06 - coconut_grading_ai - INFO - YOLO model loaded successfully
2026-10-02 15:02:06 - coconut_grading_ai - INFO - YOLO model loaded successfully
2026-10-02 15:02:06 - coconut_grading_ai - INFO - YOLO model loaded successfully
2026-10-02 15:02:06 - coconut_grading_ai - INFO - YOLO model loaded successfully
2026-10-02 15:02:06 - coconut_grading_ai - INFO - YOLO model loaded successfully
2026-10-02 15:02:06 - coconut_grading_ai - INFO - YOLO model loaded successfully
2026-10-02 15:02:06 - coconut_grading_ai - INFO - OpenVINO model loaded successfully: D:\Project\New folder\finalp\finalp\models\coconut_yolo_v3\weights\best_openvino_model
2026-10-02 15:02:06 - coconut_grading_ai - INFO - OpenVINO model loaded successfully: D:\Project\New folder\finalp\finalp\models\coconut_yolo_v3\weights\best_openvino_model
2026-10-02 15:02:06 - coconut_grading_ai - INFO - OpenVINO model loaded successfully: D:\Project\New folder\finalp\finalp\models\coconut_yolo_v3\weights\best_openvino_model
2026-10-02 15:02:06 - coconut_grading_ai - INFO - OpenVINO model loaded successfully: D:\Project\New folder\finalp\finalp\models\coconut_yolo_v3\weights\best_openvino_model
2026-10-02 15:02:06 - coconut_grading_ai - INFO - OpenVINO model loaded successfully: D:\Project\New folder\finalp\finalp\models\coconut_yolo_v3\weights\best_openvino_model
2026-10-02 15:02:06 - coconut_grading_ai - INFO - OpenVINO model loaded successfully: D:\Project\New folder\finalp\finalp\models\coconut_yolo_v3\weights\best_openvino_model
2026-10-02 15:02:06 - coconut_grading_ai - INFO - OpenVINO model loaded successfully: D:\Project\New folder\finalp\finalp\models\coconut_yolo_v3\weights\best_openvino_model
2026-10-02 15:02:06 - coconut_grading_ai - INFO - OpenVINO model loaded successfully: D:\Project\New folder\finalp\finalp\models\coconut_yolo_v3\weights\best_openvino_model
2026-10-02 15:02:06 - coconut_grading_ai - INFO - OpenVINO model loaded successfully: D:\Project\New folder\finalp\finalp\models\coconut_yolo_v3\weights\best_openvino_model
2026-10-02 15:02:06 - coconut_grading_ai - INFO - OpenVINO model loaded successfully: D:\Project\New folder\finalp\finalp\models\coconut_yolo_v3\weights\best_openvino_model
2026-10-02 15:02:06 - coconut_grading_ai - INFO - OpenVINO model loaded successfully: D:\Project\New folder\finalp\finalp\models\coconut_yolo_v3\weights\best_openvino_model
2026-10-02 15:02:06 - coconut_grading_ai - INFO - OpenVINO model loaded successfully: D:\Project\New folder\finalp\finalp\models\coconut_yolo_v3\weights\best_openvino_model
2026-10-02 15:02:06 - coconut_grading_ai - INFO - OpenVINO model loaded successfully: D:\Project\New folder\finalp\finalp\models\coconut_yolo_v3\weights\best_openvino_model
2026-10-02 15:02:06 - coconut_grading_ai - INFO - OpenVINO model loaded successfully: D:\Project\New folder\finalp\finalp\models\coconut_yolo_v3\weights\best_openvino_model
2026-10-02 15:02:06 - coconut_grading_ai - INFO - OpenVINO model loaded successfully: D:\Project\New folder\finalp\finalp\models\coconut_yolo_v3\weights\best_openvino_model
2026-10-02 15:02:06 - coconut_grading_ai - INFO - OpenVINO model loaded successfully: D:\Project\New folder\finalp\finalp\models\coconut_yolo_v3\weights\best_openvino_model
2026-10-02 15:02:06 - coconut_grading_ai - INFO - OpenVINO model loaded successfully: D:\Project\New folder\finalp\finalp\models\coconut_yolo_v3\weights\best_openvino_model
2026-10-02 15:02:06 - coconut_grading_ai - INFO - OpenVINO model loaded successfully: D:\Project\New folder\finalp\finalp\models\coconut_yolo_v3\weights\best_openvino_model
2026-10-02 15:02:06 - coconut_grading_ai - INFO - OpenVINO model loaded successfully: D:\Project\New folder\finalp\finalp\models\coconut_yolo_v3\weights\best_openvino_model
2026-10-02 15:02:06 - coconut_grading_ai - INFO - OpenVINO model loaded successfully: D:\Project\New folder\finalp\finalp\models\coconut_yolo_v3\weights\best_openvino_model
2026-10-02 15:02:06 - coconut_grading_ai - INFO - OpenVINO model loaded successfully: D:\Project\New folder\finalp\finalp\models\coconut_yolo_v3\weights\best_openvino_model
2026-10-02 15:02:06 - coconut_grading_ai - INFO - OpenVINO model loaded successfully: D:\Project\New folder\finalp\finalp\models\coconut_yolo_v3\weights\best_openvino_model
2026-10-02 15:02:06 - coconut_grading_ai - INFO - OpenVINO model loaded successfully: D:\Project\New folder\finalp\finalp\models\coconut_yolo_v3\weights\best_openvino_model
2026-10-02 15:02:06 - coconut_grading_ai - INFO - OpenVINO model loaded successfully: D:\Project\New folder\finalp\finalp\models\coconut_yolo_v3\weights\best_openvino_model
2026-10-02 15:02:06 - coconut_grading_ai - INFO - OpenVINO model loaded successfully: D:\Project\New folder\finalp\finalp\models\coconut_yolo_v3\weights\best_openvino_model
2026-10-02 15:02:06 - coconut_grading_ai - INFO - OpenVINO model loaded successfully: D:\Project\New folder\finalp\finalp\models\coconut_yolo_v3\weights\best_openvino_model
2026-10-02 15:02:06 - coconut_grading_ai - INFO - OpenVINO model loaded successfully: D:\Project\New folder\finalp\finalp\models\coconut_yolo_v3\weights\best_openvino_model
2026-10-02 15:02:06 - coconut_grading_ai - INFO - OpenVINO model loaded successfully: D:\Project\New folder\finalp\finalp\models\coconut_yolo_v3\weights\best_openvino_model
2026-10-02 15:02:06 - coconut_grading_ai - INFO - OpenVINO model loaded successfully: D:\Project\New folder\finalp\finalp\models\coconut_yolo_v3\weights\best_openvino_model
2026-10-02 15:02:06 - coconut_grading_ai - INFO - OpenVINO model loaded successfully: D:\Project\New folder\finalp\finalp\models\coconut_yolo_v3\weights\best_openvino_model
2026-10-02 15:02:06 - coconut_grading_ai - INFO - OpenVINO model loaded successfully: D:\Project\New folder\finalp\finalp\models\coconut_yolo_v3\weights\best_openvino_model
2026-10-02 15:02:08 - coconut_grading_ai - INFO - YOLO model loaded successfully
2026-10-02 15:02:08 - coconut_grading_ai - INFO - YOLO model loaded successfully
2026-10-02 15:02:08 - coconut_grading_ai - INFO - YOLO model loaded successfully
2026-10-02 15:02:08 - coconut_grading_ai - INFO - YOLO model loaded successfully
2026-10-02 15:02:08 - coconut_grading_ai - INFO - YOLO model loaded successfully
2026-10-02 15:02:08 - coconut_grading_ai - INFO - YOLO model loaded successfully
2026-10-02 15:02:08 - coconut_grading_ai - INFO - YOLO model loaded successfully
2026-10-02 15:02:08 - coconut_grading_ai - INFO - YOLO model loaded successfully
2026-10-02 15:02:08 - coconut_grading_ai - INFO - YOLO model loaded successfully
2026-10-02 15:02:08 - coconut_grading_ai - INFO - YOLO model loaded successfully
2026-10-02 15:02:08 - coconut_grading_ai - INFO - YOLO model loaded successfully
2026-10-02 15:02:08 - coconut_grading_ai - INFO - YOLO model loaded successfully
2026-10-02 15:02:08 - coconut_grading_ai - INFO - YOLO model loaded successfully
2026-10-02 15:02:08 - coconut_grading_ai - INFO - YOLO model loaded successfully
2026-10-02 15:02:08 - coconut_grading_ai - INFO - YOLO model loaded successfully
2026-10-02 15:02:08 - coconut_grading_ai - INFO - YOLO model loaded successfully
2026-10-02 15:02:08 - coconut_grading_ai - INFO - YOLO model loaded successfully
2026-10-02 15:02:08 - coconut_grading_ai - INFO - YOLO model loaded successfully
2026-10-02 15:02:08 - coconut_grading_ai - INFO - YOLO model loaded successfully
2026-10-02 15:02:08 - coconut_grading_ai - INFO - YOLO model loaded successfully
2026-10-02 15:02:08 - coconut_grading_ai - INFO - YOLO model loaded successfully
2026-10-02 15:02:08 - coconut_grading_ai - INFO - YOLO model loaded successfully
2026-10-02 15:02:08 - coconut_grading_ai - INFO - YOLO model loaded successfully
2026-10-02 15:02:08 - coconut_grading_ai - INFO - YOLO model loaded successfully
2026-10-02 15:02:08 - coconut_grading_ai - INFO - YOLO model loaded successfully
2026-10-02 15:02:08 - coconut_grading_ai - INFO - YOLO model loaded successfully
2026-10-02 15:02:08 - coconut_grading_ai - INFO - YOLO model loaded successfully
2026-10-02 15:02:08 - coconut_grading_ai - INFO - YOLO model loaded successfully
2026-10-02 15:02:08 - coconut_grading_ai - INFO - YOLO model loaded successfully
2026-10-02 15:02:08 - coconut_grading_ai - INFO - YOLO model loaded successfully
2026-10-02 15:02:08 - coconut_grading_ai - INFO - YOLO model loaded successfully
2026-10-02 15:02:08 - coconut_grading_ai - INFO - YOLO model loaded successfully
2026-10-02 15:02:08 - coconut_grading_ai - INFO - OpenVINO model loaded successfully: D:\Project\New folder\finalp\finalp\models\coconut_yolo_v3\weights\best_openvino_model
2026-10-02 15:02:08 - coconut_grading_ai - INFO - OpenVINO model loaded successfully: D:\Project\New folder\finalp\finalp\models\coconut_yolo_v3\weights\best_openvino_model
2026-10-02 15:02:08 - coconut_grading_ai - INFO - OpenVINO model loaded successfully: D:\Project\New folder\finalp\finalp\models\coconut_yolo_v3\weights\best_openvino_model
2026-10-02 15:02:08 - coconut_grading_ai - INFO - OpenVINO model loaded successfully: D:\Project\New folder\finalp\finalp\models\coconut_yolo_v3\weights\best_openvino_model
2026-10-02 15:02:08 - coconut_grading_ai - INFO - OpenVINO model loaded successfully: D:\Project\New folder\finalp\finalp\models\coconut_yolo_v3\weights\best_openvino_model
2026-10-02 15:02:08 - coconut_grading_ai - INFO - OpenVINO model loaded successfully: D:\Project\New folder\finalp\finalp\models\coconut_yolo_v3\weights\best_openvino_model
2026-10-02 15:02:08 - coconut_grading_ai - INFO - OpenVINO model loaded successfully: D:\Project\New folder\finalp\finalp\models\coconut_yolo_v3\weights\best_openvino_model
2026-10-02 15:02:08 - coconut_grading_ai - INFO - OpenVINO model loaded successfully: D:\Project\New folder\finalp\finalp\models\coconut_yolo_v3\weights\best_openvino_model
2026-10-02 15:02:08 - coconut_grading_ai - INFO - OpenVINO model loaded successfully: D:\Project\New folder\finalp\finalp\models\coconut_yolo_v3\weights\best_openvino_model
2026-10-02 15:02:08 - coconut_grading_ai - INFO - OpenVINO model loaded successfully: D:\Project\New folder\finalp\finalp\models\coconut_yolo_v3\weights\best_openvino_model
2026-10-02 15:02:08 - coconut_grading_ai - INFO - OpenVINO model loaded successfully: D:\Project\New folder\finalp\finalp\models\coconut_yolo_v3\weights\best_openvino_model
2026-10-02 15:02:08 - coconut_grading_ai - INFO - OpenVINO model loaded successfully: D:\Project\New folder\finalp\finalp\models\coconut_yolo_v3\weights\best_openvino_model
2026-10-02 15:02:08 - coconut_grading_ai - INFO - OpenVINO model loaded successfully: D:\Project\New folder\finalp\finalp\models\coconut_yolo_v3\weights\best_openvino_model
2026-10-02 15:02:08 - coconut_grading_ai - INFO - OpenVINO model loaded successfully: D:\Project\New folder\finalp\finalp\models\coconut_yolo_v3\weights\best_openvino_model
2026-10-02 15:02:08 - coconut_grading_ai - INFO - OpenVINO model loaded successfully: D:\Project\New folder\finalp\finalp\models\coconut_yolo_v3\weights\best_openvino_model
2026-10-02 15:02:08 - coconut_grading_ai - INFO - OpenVINO model loaded successfully: D:\Project\New folder\finalp\finalp\models\coconut_yolo_v3\weights\best_openvino_model
2026-10-02 15:02:08 - coconut_grading_ai - INFO - OpenVINO model loaded successfully: D:\Project\New folder\finalp\finalp\models\coconut_yolo_v3\weights\best_openvino_model
2026-10-02 15:02:08 - coconut_grading_ai - INFO - OpenVINO model loaded successfully: D:\Project\New folder\finalp\finalp\models\coconut_yolo_v3\weights\best_openvino_model
2026-10-02 15:02:08 - coconut_grading_ai - INFO - OpenVINO model loaded successfully: D:\Project\New folder\finalp\finalp\models\coconut_yolo_v3\weights\best_openvino_model
2026-10-02 15:02:08 - coconut_grading_ai - INFO - OpenVINO model loaded successfully: D:\Project\New folder\finalp\finalp\models\coconut_yolo_v3\weights\best_openvino_model
2026-10-02 15:02:08 - coconut_grading_ai - INFO - OpenVINO model loaded successfully: D:\Project\New folder\finalp\finalp\models\coconut_yolo_v3\weights\best_openvino_model
2026-10-02 15:02:08 - coconut_grading_ai - INFO - OpenVINO model loaded successfully: D:\Project\New folder\finalp\finalp\models\coconut_yolo_v3\weights\best_openvino_model
2026-10-02 15:02:08 - coconut_grading_ai - INFO - OpenVINO model loaded successfully: D:\Project\New folder\finalp\finalp\models\coconut_yolo_v3\weights\best_openvino_model
2026-10-02 15:02:08 - coconut_grading_ai - INFO - OpenVINO model loaded successfully: D:\Project\New folder\finalp\finalp\models\coconut_yolo_v3\weights\best_openvino_model
2026-10-02 15:02:08 - coconut_grading_ai - INFO - OpenVINO model loaded successfully: D:\Project\New folder\finalp\finalp\models\coconut_yolo_v3\weights\best_openvino_model
2026-10-02 15:02:08 - coconut_grading_ai - INFO - OpenVINO model loaded successfully: D:\Project\New folder\finalp\finalp\models\coconut_yolo_v3\weights\best_openvino_model
2026-10-02 15:02:08 - coconut_grading_ai - INFO - OpenVINO model loaded successfully: D:\Project\New folder\finalp\finalp\models\coconut_yolo_v3\weights\best_openvino_model
2026-10-02 15:02:08 - coconut_grading_ai - INFO - OpenVINO model loaded successfully: D:\Project\New folder\finalp\finalp\models\coconut_yolo_v3\weights\best_openvino_model
2026-10-02 15:02:08 - coconut_grading_ai - INFO - OpenVINO model loaded successfully: D:\Project\New folder\finalp\finalp\models\coconut_yolo_v3\weights\best_openvino_model
2026-10-02 15:02:08 - coconut_grading_ai - INFO - OpenVINO model loaded successfully: D:\Project\New folder\finalp\finalp\models\coconut_yolo_v3\weights\best_openvino_model
2026-10-02 15:02:08 - coconut_grading_ai - INFO - OpenVINO model loaded successfully: D:\Project\New folder\finalp\finalp\models\coconut_yolo_v3\weights\best_openvino_model
2026-10-02 15:02:08 - coconut_grading_ai - INFO - OpenVINO model loaded successfully: D:\Project\New folder\finalp\finalp\models\coconut_yolo_v3\weights\best_openvino_model
2026-10-02 15:02:08 - coconut_grading_ai - INFO - User Action: user= vishnupradheep, action=login, details=failed
2026-10-02 15:02:08 - coconut_grading_ai - INFO - User Action: user= vishnupradheep, action=login, details=failed
2026-10-02 15:02:08 - coconut_grading_ai - INFO - User Action: user= vishnupradheep, action=login, details=failed
2026-10-02 15:02:08 - coconut_grading_ai - INFO - User Action: user= vishnupradheep, action=login, details=failed
2026-10-02 15:02:08 - coconut_grading_ai - INFO - User Action: user= vishnupradheep, action=login, details=failed
2026-10-02 15:02:08 - coconut_grading_ai - INFO - User Action: user= vishnupradheep, action=login, details=failed
2026-10-02 15:02:08 - coconut_grading_ai - INFO - User Action: user= vishnupradheep, action=login, details=failed
2026-10-02 15:02:08 - coconut_grading_ai - INFO - User Action: user= vishnupradheep, action=login, details=failed
2026-10-02 15:02:08 - coconut_grading_ai - INFO - User Action: user= vishnupradheep, action=login, details=failed
2026-10-02 15:02:08 - coconut_grading_ai - INFO - User Action: user= vishnupradheep, action=login, details=failed
2026-10-02 15:02:08 - coconut_grading_ai - INFO - User Action: user= vishnupradheep, action=login, details=failed
2026-10-02 15:02:08 - coconut_grading_ai - INFO - User Action: user= vishnupradheep, action=login, details=failed
2026-10-02 15:02:08 - coconut_grading_ai - INFO - User Action: user= vishnupradheep, action=login, details=failed
2026-10-02 15:02:08 - coconut_grading_ai - INFO - User Action: user= vishnupradheep, action=login, details=failed
2026-10-02 15:02:08 - coconut_grading_ai - INFO - User Action: user= vishnupradheep, action=login, details=failed
2026-10-02 15:02:08 - coconut_grading_ai - INFO - User Action: user= vishnupradheep, action=login, details=failed
2026-10-02 15:02:08 - coconut_grading_ai - INFO - User Action: user= vishnupradheep, action=login, details=failed
2026-10-02 15:02:08 - coconut_grading_ai - INFO - User Action: user= vishnupradheep, action=login, details=failed
2026-10-02 15:02:08 - coconut_grading_ai - INFO - User Action: user= vishnupradheep, action=login, details=failed
2026-10-02 15:02:08 - coconut_grading_ai - INFO - User Action: user= vishnupradheep, action=login, details=failed
2026-10-02 15:02:08 - coconut_grading_ai - INFO - User Action: user= vishnupradheep, action=login, details=failed
2026-10-02 15:02:08 - coconut_grading_ai - INFO - User Action: user= vishnupradheep, action=login, details=failed
2026-10-02 15:02:08 - coconut_grading_ai - INFO - User Action: user= vishnupradheep, action=login, details=failed
2026-10-02 15:02:08 - coconut_grading_ai - INFO - User Action: user= vishnupradheep, action=login, details=failed
2026-10-02 15:02:08 - coconut_grading_ai - INFO - User Action: user= vishnupradheep, action=login, details=failed
2026-10-02 15:02:08 - coconut_grading_ai - INFO - User Action: user= vishnupradheep, action=login, details=failed
2026-10-02 15:02:08 - coconut_grading_ai - INFO - User Action: user= vishnupradheep, action=login, details=failed
2026-10-02 15:02:08 - coconut_grading_ai - INFO - User Action: user= vishnupradheep, action=login, details=failed
2026-10-02 15:02:08 - coconut_grading_ai - INFO - User Action: user= vishnupradheep, action=login, details=failed
2026-10-02 15:02:08 - coconut_grading_ai - INFO - User Action: user= vishnupradheep, action=login, details=failed
2026-10-02 15:02:08 - coconut_grading_ai - INFO - User Action: user= vishnupradheep, action=login, details=failed
2026-10-02 15:02:08 - coconut_grading_ai - INFO - User Action: user= vishnupradheep, action=login, details=failed
2026-10-02 15:02:14 - coconut_grading_ai - INFO - YOLO model loaded successfully
2026-10-02 15:02:14 - coconut_grading_ai - INFO - YOLO model loaded successfully
2026-10-02 15:02:14 - coconut_grading_ai - INFO - YOLO model loaded successfully
2026-10-02 15:02:14 - coconut_grading_ai - INFO - YOLO model loaded successfully
2026-10-02 15:02:14 - coconut_grading_ai - INFO - YOLO model loaded successfully
2026-10-02 15:02:14 - coconut_grading_ai - INFO - YOLO model loaded successfully
2026-10-02 15:02:14 - coconut_grading_ai - INFO - YOLO model loaded successfully
2026-10-02 15:02:14 - coconut_grading_ai - INFO - YOLO model loaded successfully
2026-10-02 15:02:14 - coconut_grading_ai - INFO - YOLO model loaded successfully
2026-10-02 15:02:14 - coconut_grading_ai - INFO - YOLO model loaded successfully
2026-10-02 15:02:14 - coconut_grading_ai - INFO - YOLO model loaded successfully
2026-10-02 15:02:14 - coconut_grading_ai - INFO - YOLO model loaded successfully
2026-10-02 15:02:14 - coconut_grading_ai - INFO - YOLO model loaded successfully
2026-10-02 15:02:14 - coconut_grading_ai - INFO - YOLO model loaded successfully
2026-10-02 15:02:14 - coconut_grading_ai - INFO - YOLO model loaded successfully
2026-10-02 15:02:14 - coconut_grading_ai - INFO - YOLO model loaded successfully
2026-10-02 15:02:14 - coconut_grading_ai - INFO - YOLO model loaded successfully
2026-10-02 15:02:14 - coconut_grading_ai - INFO - YOLO model loaded successfully
2026-10-02 15:02:14 - coconut_grading_ai - INFO - YOLO model loaded successfully
2026-10-02 15:02:14 - coconut_grading_ai - INFO - YOLO model loaded successfully
2026-10-02 15:02:14 - coconut_grading_ai - INFO - YOLO model loaded successfully
2026-10-02 15:02:14 - coconut_grading_ai - INFO - YOLO model loaded successfully
2026-10-02 15:02:14 - coconut_grading_ai - INFO - YOLO model loaded successfully
2026-10-02 15:02:14 - coconut_grading_ai - INFO - YOLO model loaded successfully
2026-10-02 15:02:14 - coconut_grading_ai - INFO - YOLO model loaded successfully
2026-10-02 15:02:14 - coconut_grading_ai - INFO - YOLO model loaded successfully
2026-10-02 15:02:14 - coconut_grading_ai - INFO - YOLO model loaded successfully
2026-10-02 15:02:14 - coconut_grading_ai - INFO - YOLO model loaded successfully
2026-10-02 15:02:14 - coconut_grading_ai - INFO - YOLO model loaded successfully
2026-10-02 15:02:14 - coconut_grading_ai - INFO - YOLO model loaded successfully
2026-10-02 15:02:14 - coconut_grading_ai - INFO - YOLO model loaded successfully
2026-10-02 15:02:14 - coconut_grading_ai - INFO - YOLO model loaded successfully
2026-10-02 15:02:14 - coconut_grading_ai - INFO - YOLO model loaded successfully
2026-10-02 15:02:14 - coconut_grading_ai - INFO - OpenVINO model loaded successfully: D:\Project\New folder\finalp\finalp\models\coconut_yolo_v3\weights\best_openvino_model
2026-10-02 15:02:14 - coconut_grading_ai - INFO - OpenVINO model loaded successfully: D:\Project\New folder\finalp\finalp\models\coconut_yolo_v3\weights\best_openvino_model
2026-10-02 15:02:14 - coconut_grading_ai - INFO - OpenVINO model loaded successfully: D:\Project\New folder\finalp\finalp\models\coconut_yolo_v3\weights\best_openvino_model
2026-10-02 15:02:14 - coconut_grading_ai - INFO - OpenVINO model loaded successfully: D:\Project\New folder\finalp\finalp\models\coconut_yolo_v3\weights\best_openvino_model
2026-10-02 15:02:14 - coconut_grading_ai - INFO - OpenVINO model loaded successfully: D:\Project\New folder\finalp\finalp\models\coconut_yolo_v3\weights\best_openvino_model
2026-10-02 15:02:14 - coconut_grading_ai - INFO - OpenVINO model loaded successfully: D:\Project\New folder\finalp\finalp\models\coconut_yolo_v3\weights\best_openvino_model
2026-10-02 15:02:14 - coconut_grading_ai - INFO - OpenVINO model loaded successfully: D:\Project\New folder\finalp\finalp\models\coconut_yolo_v3\weights\best_openvino_model
2026-10-02 15:02:14 - coconut_grading_ai - INFO - OpenVINO model loaded successfully: D:\Project\New folder\finalp\finalp\models\coconut_yolo_v3\weights\best_openvino_model
2026-10-02 15:02:14 - coconut_grading_ai - INFO - OpenVINO model loaded successfully: D:\Project\New folder\finalp\finalp\models\coconut_yolo_v3\weights\best_openvino_model
2026-10-02 15:02:14 - coconut_grading_ai - INFO - OpenVINO model loaded successfully: D:\Project\New folder\finalp\finalp\models\coconut_yolo_v3\weights\best_openvino_model
2026-10-02 15:02:14 - coconut_grading_ai - INFO - OpenVINO model loaded successfully: D:\Project\New folder\finalp\finalp\models\coconut_yolo_v3\weights\best_openvino_model
2026-10-02 15:02:14 - coconut_grading_ai - INFO - OpenVINO model loaded successfully: D:\Project\New folder\finalp\finalp\models\coconut_yolo_v3\weights\best_openvino_model
2026-10-02 15:02:14 - coconut_grading_ai - INFO - OpenVINO model loaded successfully: D:\Project\New folder\finalp\finalp\models\coconut_yolo_v3\weights\best_openvino_model
2026-10-02 15:02:14 - coconut_grading_ai - INFO - OpenVINO model loaded successfully: D:\Project\New folder\finalp\finalp\models\coconut_yolo_v3\weights\best_openvino_model
2026-10-02 15:02:14 - coconut_grading_ai - INFO - OpenVINO model loaded successfully: D:\Project\New folder\finalp\finalp\models\coconut_yolo_v3\weights\best_openvino_model
2026-10-02 15:02:14 - coconut_grading_ai - INFO - OpenVINO model loaded successfully: D:\Project\New folder\finalp\finalp\models\coconut_yolo_v3\weights\best_openvino_model
2026-10-02 15:02:14 - coconut_grading_ai - INFO - OpenVINO model loaded successfully: D:\Project\New folder\finalp\finalp\models\coconut_yolo_v3\weights\best_openvino_model
2026-10-02 15:02:14 - coconut_grading_ai - INFO - OpenVINO model loaded successfully: D:\Project\New folder\finalp\finalp\models\coconut_yolo_v3\weights\best_openvino_model
2026-10-02 15:02:14 - coconut_grading_ai - INFO - OpenVINO model loaded successfully: D:\Project\New folder\finalp\finalp\models\coconut_yolo_v3\weights\best_openvino_model
2026-10-02 15:02:14 - coconut_grading_ai - INFO - OpenVINO model loaded successfully: D:\Project\New folder\finalp\finalp\models\coconut_yolo_v3\weights\best_openvino_model
2026-10-02 15:02:14 - coconut_grading_ai - INFO - OpenVINO model loaded successfully: D:\Project\New folder\finalp\finalp\models\coconut_yolo_v3\weights\best_openvino_model
2026-10-02 15:02:14 - coconut_grading_ai - INFO - OpenVINO model loaded successfully: D:\Project\New folder\finalp\finalp\models\coconut_yolo_v3\weights\best_openvino_model
2026-10-02 15:02:14 - coconut_grading_ai - INFO - OpenVINO model loaded successfully: D:\Project\New folder\finalp\finalp\models\coconut_yolo_v3\weights\best_openvino_model
2026-10-02 15:02:14 - coconut_grading_ai - INFO - OpenVINO model loaded successfully: D:\Project\New folder\finalp\finalp\models\coconut_yolo_v3\weights\best_openvino_model
2026-10-02 15:02:14 - coconut_grading_ai - INFO - OpenVINO model loaded successfully: D:\Project\New folder\finalp\finalp\models\coconut_yolo_v3\weights\best_openvino_model
2026-10-02 15:02:14 - coconut_grading_ai - INFO - OpenVINO model loaded successfully: D:\Project\New folder\finalp\finalp\models\coconut_yolo_v3\weights\best_openvino_model
2026-10-02 15:02:14 - coconut_grading_ai - INFO - OpenVINO model loaded successfully: D:\Project\New folder\finalp\finalp\models\coconut_yolo_v3\weights\best_openvino_model
2026-10-02 15:02:14 - coconut_grading_ai - INFO - OpenVINO model loaded successfully: D:\Project\New folder\finalp\finalp\models\coconut_yolo_v3\weights\best_openvino_model
2026-10-02 15:02:14 - coconut_grading_ai - INFO - OpenVINO model loaded successfully: D:\Project\New folder\finalp\finalp\models\coconut_yolo_v3\weights\best_openvino_model
2026-10-02 15:02:14 - coconut_grading_ai - INFO - OpenVINO model loaded successfully: D:\Project\New folder\finalp\finalp\models\coconut_yolo_v3\weights\best_openvino_model
2026-10-02 15:02:14 - coconut_grading_ai - INFO - OpenVINO model loaded successfully: D:\Project\New folder\finalp\finalp\models\coconut_yolo_v3\weights\best_openvino_model
2026-10-02 15:02:14 - coconut_grading_ai - INFO - OpenVINO model loaded successfully: D:\Project\New folder\finalp\finalp\models\coconut_yolo_v3\weights\best_openvino_model
2026-10-02 15:02:14 - coconut_grading_ai - INFO - OpenVINO model loaded successfully: D:\Project\New folder\finalp\finalp\models\coconut_yolo_v3\weights\best_openvino_model
2026-10-02 15:02:14 - coconut_grading_ai - INFO - User Action: user= vishnupradheep, action=login, details=failed
2026-10-02 15:02:14 - coconut_grading_ai - INFO - User Action: user= vishnupradheep, action=login, details=failed
2026-10-02 15:02:14 - coconut_grading_ai - INFO - User Action: user= vishnupradheep, action=login, details=failed
2026-10-02 15:02:14 - coconut_grading_ai - INFO - User Action: user= vishnupradheep, action=login, details=failed
2026-10-02 15:02:14 - coconut_grading_ai - INFO - User Action: user= vishnupradheep, action=login, details=failed
2026-10-02 15:02:14 - coconut_grading_ai - INFO - User Action: user= vishnupradheep, action=login, details=failed
2026-10-02 15:02:14 - coconut_grading_ai - INFO - User Action: user= vishnupradheep, action=login, details=failed
2026-10-02 15:02:14 - coconut_grading_ai - INFO - User Action: user= vishnupradheep, action=login, details=failed
2026-10-02 15:02:14 - coconut_grading_ai - INFO - User Action: user= vishnupradheep, action=login, details=failed
2026-10-02 15:02:14 - coconut_grading_ai - INFO - User Action: user= vishnupradheep, action=login, details=failed
2026-10-02 15:02:14 - coconut_grading_ai - INFO - User Action: user= vishnupradheep, action=login, details=failed
2026-10-02 15:02:14 - coconut_grading_ai - INFO - User Action: user= vishnupradheep, action=login, details=failed
2026-10-02 15:02:14 - coconut_grading_ai - INFO - User Action: user= vishnupradheep, action=login, details=failed
2026-10-02 15:02:14 - coconut_grading_ai - INFO - User Action: user= vishnupradheep, action=login, details=failed
2026-10-02 15:02:14 - coconut_grading_ai - INFO - User Action: user= vishnupradheep, action=login, details=failed
2026-10-02 15:02:14 - coconut_grading_ai - INFO - User Action: user= vishnupradheep, action=login, details=failed
2026-10-02 15:02:14 - coconut_grading_ai - INFO - User Action: user= vishnupradheep, action=login, details=failed
2026-10-02 15:02:14 - coconut_grading_ai - INFO - User Action: user= vishnupradheep, action=login, details=failed
2026-10-02 15:02:14 - coconut_grading_ai - INFO - User Action: user= vishnupradheep, action=login, details=failed
2026-10-02 15:02:14 - coconut_grading_ai - INFO - User Action: user= vishnupradheep, action=login, details=failed
2026-10-02 15:02:14 - coconut_grading_ai - INFO - User Action: user= vishnupradheep, action=login, details=failed
2026-10-02 15:02:14 - coconut_grading_ai - INFO - User Action: user= vishnupradheep, action=login, details=failed
2026-10-02 15:02:14 - coconut_grading_ai - INFO - User Action: user= vishnupradheep, action=login, details=failed
2026-10-02 15:02:14 - coconut_grading_ai - INFO - User Action: user= vishnupradheep, action=login, details=failed
2026-10-02 15:02:14 - coconut_grading_ai - INFO - User Action: user= vishnupradheep, action=login, details=failed
2026-10-02 15:02:14 - coconut_grading_ai - INFO - User Action: user= vishnupradheep, action=login, details=failed
2026-10-02 15:02:14 - coconut_grading_ai - INFO - User Action: user= vishnupradheep, action=login, details=failed
2026-10-02 15:02:14 - coconut_grading_ai - INFO - User Action: user= vishnupradheep, action=login, details=failed
2026-10-02 15:02:14 - coconut_grading_ai - INFO - User Action: user= vishnupradheep, action=login, details=failed
2026-10-02 15:02:14 - coconut_grading_ai - INFO - User Action: user= vishnupradheep, action=login, details=failed
2026-10-02 15:02:14 - coconut_grading_ai - INFO - User Action: user= vishnupradheep, action=login, details=failed
2026-10-02 15:02:14 - coconut_grading_ai - INFO - User Action: user= vishnupradheep, action=login, details=failed
2026-10-02 15:02:14 - coconut_grading_ai - INFO - User Action: user= vishnupradheep, action=login, details=failed
2026-10-02 15:05:45 - coconut_grading_ai - INFO - YOLO model loaded successfully
2026-10-02 15:05:45 - coconut_grading_ai - INFO - YOLO model loaded successfully
2026-10-02 15:05:45 - coconut_grading_ai - INFO - YOLO model loaded successfully
2026-10-02 15:05:45 - coconut_grading_ai - INFO - YOLO model loaded successfully
2026-10-02 15:05:45 - coconut_grading_ai - INFO - YOLO model loaded successfully
2026-10-02 15:05:45 - coconut_grading_ai - INFO - YOLO model loaded successfully
2026-10-02 15:05:45 - coconut_grading_ai - INFO - YOLO model loaded successfully
2026-10-02 15:05:45 - coconut_grading_ai - INFO - YOLO model loaded successfully
2026-10-02 15:05:45 - coconut_grading_ai - INFO - YOLO model loaded successfully
2026-10-02 15:05:45 - coconut_grading_ai - INFO - YOLO model loaded successfully
2026-10-02 15:05:45 - coconut_grading_ai - INFO - YOLO model loaded successfully
2026-10-02 15:05:45 - coconut_grading_ai - INFO - YOLO model loaded successfully
2026-10-02 15:05:45 - coconut_grading_ai - INFO - YOLO model loaded successfully
2026-10-02 15:05:45 - coconut_grading_ai - INFO - YOLO model loaded successfully
2026-10-02 15:05:45 - coconut_grading_ai - INFO - YOLO model loaded successfully
2026-10-02 15:05:45 - coconut_grading_ai - INFO - YOLO model loaded successfully
2026-10-02 15:05:45 - coconut_grading_ai - INFO - YOLO model loaded successfully
2026-10-02 15:05:45 - coconut_grading_ai - INFO - YOLO model loaded successfully
2026-10-02 15:05:45 - coconut_grading_ai - INFO - YOLO model loaded successfully
2026-10-02 15:05:45 - coconut_grading_ai - INFO - YOLO model loaded successfully
2026-10-02 15:05:45 - coconut_grading_ai - INFO - YOLO model loaded successfully
2026-10-02 15:05:45 - coconut_grading_ai - INFO - YOLO model loaded successfully
2026-10-02 15:05:45 - coconut_grading_ai - INFO - YOLO model loaded successfully
2026-10-02 15:05:45 - coconut_grading_ai - INFO - YOLO model loaded successfully
2026-10-02 15:05:45 - coconut_grading_ai - INFO - YOLO model loaded successfully
2026-10-02 15:05:45 - coconut_grading_ai - INFO - YOLO model loaded successfully
2026-10-02 15:05:45 - coconut_grading_ai - INFO - YOLO model loaded successfully
2026-10-02 15:05:45 - coconut_grading_ai - INFO - YOLO model loaded successfully
2026-10-02 15:05:45 - coconut_grading_ai - INFO - YOLO model loaded successfully
2026-10-02 15:05:45 - coconut_grading_ai - INFO - YOLO model loaded successfully
2026-10-02 15:05:45 - coconut_grading_ai - INFO - YOLO model loaded successfully
2026-10-02 15:05:45 - coconut_grading_ai - INFO - YOLO model loaded successfully
2026-10-02 15:05:45 - coconut_grading_ai - INFO - YOLO model loaded successfully
2026-10-02 15:05:45 - coconut_grading_ai - INFO - YOLO model loaded successfully
2026-10-02 15:05:45 - coconut_grading_ai - INFO - OpenVINO model loaded successfully: D:\Project\New folder\finalp\finalp\models\coconut_yolo_v3\weights\best_openvino_model
2026-10-02 15:05:45 - coconut_grading_ai - INFO - OpenVINO model loaded successfully: D:\Project\New folder\finalp\finalp\models\coconut_yolo_v3\weights\best_openvino_model
2026-10-02 15:05:45 - coconut_grading_ai - INFO - OpenVINO model loaded successfully: D:\Project\New folder\finalp\finalp\models\coconut_yolo_v3\weights\best_openvino_model
2026-10-02 15:05:45 - coconut_grading_ai - INFO - OpenVINO model loaded successfully: D:\Project\New folder\finalp\finalp\models\coconut_yolo_v3\weights\best_openvino_model
2026-10-02 15:05:45 - coconut_grading_ai - INFO - OpenVINO model loaded successfully: D:\Project\New folder\finalp\finalp\models\coconut_yolo_v3\weights\best_openvino_model
2026-10-02 15:05:45 - coconut_grading_ai - INFO - OpenVINO model loaded successfully: D:\Project\New folder\finalp\finalp\models\coconut_yolo_v3\weights\best_openvino_model
2026-10-02 15:05:45 - coconut_grading_ai - INFO - OpenVINO model loaded successfully: D:\Project\New folder\finalp\finalp\models\coconut_yolo_v3\weights\best_openvino_model
2026-10-02 15:05:45 - coconut_grading_ai - INFO - OpenVINO model loaded successfully: D:\Project\New folder\finalp\finalp\models\coconut_yolo_v3\weights\best_openvino_model
2026-10-02 15:05:45 - coconut_grading_ai - INFO - OpenVINO model loaded successfully: D:\Project\New folder\finalp\finalp\models\coconut_yolo_v3\weights\best_openvino_model
2026-10-02 15:05:45 - coconut_grading_ai - INFO - OpenVINO model loaded successfully: D:\Project\New folder\finalp\finalp\models\coconut_yolo_v3\weights\best_openvino_model
2026-10-02 15:05:45 - coconut_grading_ai - INFO - OpenVINO model loaded successfully: D:\Project\New folder\finalp\finalp\models\coconut_yolo_v3\weights\best_openvino_model
2026-10-02 15:05:45 - coconut_grading_ai - INFO - OpenVINO model loaded successfully: D:\Project\New folder\finalp\finalp\models\coconut_yolo_v3\weights\best_openvino_model
2026-10-02 15:05:45 - coconut_grading_ai - INFO - OpenVINO model loaded successfully: D:\Project\New folder\finalp\finalp\models\coconut_yolo_v3\weights\best_openvino_model
2026-10-02 15:05:45 - coconut_grading_ai - INFO - OpenVINO model loaded successfully: D:\Project\New folder\finalp\finalp\models\coconut_yolo_v3\weights\best_openvino_model
2026-10-02 15:05:45 - coconut_grading_ai - INFO - OpenVINO model loaded successfully: D:\Project\New folder\finalp\finalp\models\coconut_yolo_v3\weights\best_openvino_model
2026-10-02 15:05:45 - coconut_grading_ai - INFO - OpenVINO model loaded successfully: D:\Project\New folder\finalp\finalp\models\coconut_yolo_v3\weights\best_openvino_model
2026-10-02 15:05:45 - coconut_grading_ai - INFO - OpenVINO model loaded successfully: D:\Project\New folder\finalp\finalp\models\coconut_yolo_v3\weights\best_openvino_model
2026-10-02 15:05:45 - coconut_grading_ai - INFO - OpenVINO model loaded successfully: D:\Project\New folder\finalp\finalp\models\coconut_yolo_v3\weights\best_openvino_model
2026-10-02 15:05:45 - coconut_grading_ai - INFO - OpenVINO model loaded successfully: D:\Project\New folder\finalp\finalp\models\coconut_yolo_v3\weights\best_openvino_model
2026-10-02 15:05:45 - coconut_grading_ai - INFO - OpenVINO model loaded successfully: D:\Project\New folder\finalp\finalp\models\coconut_yolo_v3\weights\best_openvino_model
2026-10-02 15:05:45 - coconut_grading_ai - INFO - OpenVINO model loaded successfully: D:\Project\New folder\finalp\finalp\models\coconut_yolo_v3\weights\best_openvino_model
2026-10-02 15:05:45 - coconut_grading_ai - INFO - OpenVINO model loaded successfully: D:\Project\New folder\finalp\finalp\models\coconut_yolo_v3\weights\best_openvino_model
2026-10-02 15:05:45 - coconut_grading_ai - INFO - OpenVINO model loaded successfully: D:\Project\New folder\finalp\finalp\models\coconut_yolo_v3\weights\best_openvino_model
2026-10-02 15:05:45 - coconut_grading_ai - INFO - OpenVINO model loaded successfully: D:\Project\New folder\finalp\finalp\models\coconut_yolo_v3\weights\best_openvino_model
2026-10-02 15:05:45 - coconut_grading_ai - INFO - OpenVINO model loaded successfully: D:\Project\New folder\finalp\finalp\models\coconut_yolo_v3\weights\best_openvino_model
2026-10-02 15:05:45 - coconut_grading_ai - INFO - OpenVINO model loaded successfully: D:\Project\New folder\finalp\finalp\models\coconut_yolo_v3\weights\best_openvino_model
2026-10-02 15:05:45 - coconut_grading_ai - INFO - OpenVINO model loaded successfully: D:\Project\New folder\finalp\finalp\models\coconut_yolo_v3\weights\best_openvino_model
2026-10-02 15:05:45 - coconut_grading_ai - INFO - OpenVINO model loaded successfully: D:\Project\New folder\finalp\finalp\models\coconut_yolo_v3\weights\best_openvino_model
2026-10-02 15:05:45 - coconut_grading_ai - INFO - OpenVINO model loaded successfully: D:\Project\New folder\finalp\finalp\models\coconut_yolo_v3\weights\best_openvino_model
2026-10-02 15:05:45 - coconut_grading_ai - INFO - OpenVINO model loaded successfully: D:\Project\New folder\finalp\finalp\models\coconut_yolo_v3\weights\best_openvino_model
2026-10-02 15:05:45 - coconut_grading_ai - INFO - OpenVINO model loaded successfully: D:\Project\New folder\finalp\finalp\models\coconut_yolo_v3\weights\best_openvino_model
2026-10-02 15:05:45 - coconut_grading_ai - INFO - OpenVINO model loaded successfully: D:\Project\New folder\finalp\finalp\models\coconut_yolo_v3\weights\best_openvino_model
2026-10-02 15:05:45 - coconut_grading_ai - INFO - OpenVINO model loaded successfully: D:\Project\New folder\finalp\finalp\models\coconut_yolo_v3\weights\best_openvino_model
2026-10-02 15:05:45 - coconut_grading_ai - INFO - OpenVINO model loaded successfully: D:\Project\New folder\finalp\finalp\models\coconut_yolo_v3\weights\best_openvino_model
2026-10-02 15:05:45 - coconut_grading_ai - INFO - YOLO model loaded successfully
2026-10-02 15:05:45 - coconut_grading_ai - INFO - YOLO model loaded successfully
2026-10-02 15:05:45 - coconut_grading_ai - INFO - YOLO model loaded successfully
2026-10-02 15:05:45 - coconut_grading_ai - INFO - YOLO model loaded successfully
2026-10-02 15:05:45 - coconut_grading_ai - INFO - YOLO model loaded successfully
2026-10-02 15:05:45 - coconut_grading_ai - INFO - YOLO model loaded successfully
2026-10-02 15:05:45 - coconut_grading_ai - INFO - YOLO model loaded successfully
2026-10-02 15:05:45 - coconut_grading_ai - INFO - YOLO model loaded successfully
2026-10-02 15:05:45 - coconut_grading_ai - INFO - YOLO model loaded successfully
2026-10-02 15:05:45 - coconut_grading_ai - INFO - YOLO model loaded successfully
2026-10-02 15:05:45 - coconut_grading_ai - INFO - YOLO model loaded successfully
2026-10-02 15:05:45 - coconut_grading_ai - INFO - YOLO model loaded successfully
2026-10-02 15:05:45 - coconut_grading_ai - INFO - YOLO model loaded successfully
2026-10-02 15:05:45 - coconut_grading_ai - INFO - YOLO model loaded successfully
2026-10-02 15:05:45 - coconut_grading_ai - INFO - YOLO model loaded successfully
2026-10-02 15:05:45 - coconut_grading_ai - INFO - YOLO model loaded successfully
2026-10-02 15:05:45 - coconut_grading_ai - INFO - YOLO model loaded successfully
2026-10-02 15:05:45 - coconut_grading_ai - INFO - YOLO model loaded successfully
2026-10-02 15:05:45 - coconut_grading_ai - INFO - YOLO model loaded successfully
2026-10-02 15:05:45 - coconut_grading_ai - INFO - YOLO model loaded successfully
2026-10-02 15:05:45 - coconut_grading_ai - INFO - YOLO model loaded successfully
2026-10-02 15:05:45 - coconut_grading_ai - INFO - YOLO model loaded successfully
2026-10-02 15:05:45 - coconut_grading_ai - INFO - YOLO model loaded successfully
2026-10-02 15:05:45 - coconut_grading_ai - INFO - YOLO model loaded successfully
2026-10-02 15:05:45 - coconut_grading_ai - INFO - YOLO model loaded successfully
2026-10-02 15:05:45 - coconut_grading_ai - INFO - YOLO model loaded successfully
2026-10-02 15:05:45 - coconut_grading_ai - INFO - YOLO model loaded successfully
2026-10-02 15:05:45 - coconut_grading_ai - INFO - YOLO model loaded successfully
2026-10-02 15:05:45 - coconut_grading_ai - INFO - YOLO model loaded successfully
2026-10-02 15:05:45 - coconut_grading_ai - INFO - YOLO model loaded successfully
2026-10-02 15:05:45 - coconut_grading_ai - INFO - YOLO model loaded successfully
2026-10-02 15:05:45 - coconut_grading_ai - INFO - YOLO model loaded successfully
2026-10-02 15:05:45 - coconut_grading_ai - INFO - YOLO model loaded successfully
2026-10-02 15:05:45 - coconut_grading_ai - INFO - YOLO model loaded successfully
2026-10-02 15:05:45 - coconut_grading_ai - INFO - YOLO model loaded successfully
2026-10-02 15:05:45 - coconut_grading_ai - INFO - OpenVINO model loaded successfully: D:\Project\New folder\finalp\finalp\models\coconut_yolo_v3\weights\best_openvino_model
2026-10-02 15:05:45 - coconut_grading_ai - INFO - OpenVINO model loaded successfully: D:\Project\New folder\finalp\finalp\models\coconut_yolo_v3\weights\best_openvino_model
2026-10-02 15:05:45 - coconut_grading_ai - INFO - OpenVINO model loaded successfully: D:\Project\New folder\finalp\finalp\models\coconut_yolo_v3\weights\best_openvino_model
2026-10-02 15:05:45 - coconut_grading_ai - INFO - OpenVINO model loaded successfully: D:\Project\New folder\finalp\finalp\models\coconut_yolo_v3\weights\best_openvino_model
2026-10-02 15:05:45 - coconut_grading_ai - INFO - OpenVINO model loaded successfully: D:\Project\New folder\finalp\finalp\models\coconut_yolo_v3\weights\best_openvino_model
2026-10-02 15:05:45 - coconut_grading_ai - INFO - OpenVINO model loaded successfully: D:\Project\New folder\finalp\finalp\models\coconut_yolo_v3\weights\best_openvino_model
2026-10-02 15:05:45 - coconut_grading_ai - INFO - OpenVINO model loaded successfully: D:\Project\New folder\finalp\finalp\models\coconut_yolo_v3\weights\best_openvino_model
2026-10-02 15:05:45 - coconut_grading_ai - INFO - OpenVINO model loaded successfully: D:\Project\New folder\finalp\finalp\models\coconut_yolo_v3\weights\best_openvino_model
2026-10-02 15:05:45 - coconut_grading_ai - INFO - OpenVINO model loaded successfully: D:\Project\New folder\finalp\finalp\models\coconut_yolo_v3\weights\best_openvino_model
2026-10-02 15:05:45 - coconut_grading_ai - INFO - OpenVINO model loaded successfully: D:\Project\New folder\finalp\finalp\models\coconut_yolo_v3\weights\best_openvino_model
2026-10-02 15:05:45 - coconut_grading_ai - INFO - OpenVINO model loaded successfully: D:\Project\New folder\finalp\finalp\models\coconut_yolo_v3\weights\best_openvino_model
2026-10-02 15:05:45 - coconut_grading_ai - INFO - OpenVINO model loaded successfully: D:\Project\New folder\finalp\finalp\models\coconut_yolo_v3\weights\best_openvino_model
2026-10-02 15:05:45 - coconut_grading_ai - INFO - OpenVINO model loaded successfully: D:\Project\New folder\finalp\finalp\models\coconut_yolo_v3\weights\best_openvino_model
2026-10-02 15:05:45 - coconut_grading_ai - INFO - OpenVINO model loaded successfully: D:\Project\New folder\finalp\finalp\models\coconut_yolo_v3\weights\best_openvino_model
2026-10-02 15:05:45 - coconut_grading_ai - INFO - OpenVINO model loaded successfully: D:\Project\New folder\finalp\finalp\models\coconut_yolo_v3\weights\best_openvino_model
2026-10-02 15:05:45 - coconut_grading_ai - INFO - OpenVINO model loaded successfully: D:\Project\New folder\finalp\finalp\models\coconut_yolo_v3\weights\best_openvino_model
2026-10-02 15:05:45 - coconut_grading_ai - INFO - OpenVINO model loaded successfully: D:\Project\New folder\finalp\finalp\models\coconut_yolo_v3\weights\best_openvino_model
2026-10-02 15:05:45 - coconut_grading_ai - INFO - OpenVINO model loaded successfully: D:\Project\New folder\finalp\finalp\models\coconut_yolo_v3\weights\best_openvino_model
2026-10-02 15:05:45 - coconut_grading_ai - INFO - OpenVINO model loaded successfully: D:\Project\New folder\finalp\finalp\models\coconut_yolo_v3\weights\best_openvino_model
2026-10-02 15:05:45 - coconut_grading_ai - INFO - OpenVINO model loaded successfully: D:\Project\New folder\finalp\finalp\models\coconut_yolo_v3\weights\best_openvino_model
2026-10-02 15:05:45 - coconut_grading_ai - INFO - OpenVINO model loaded successfully: D:\Project\New folder\finalp\finalp\models\coconut_yolo_v3\weights\best_openvino_model
2026-10-02 15:05:45 - coconut_grading_ai - INFO - OpenVINO model loaded successfully: D:\Project\New folder\finalp\finalp\models\coconut_yolo_v3\weights\best_openvino_model
2026-10-02 15:05:45 - coconut_grading_ai - INFO - OpenVINO model loaded successfully: D:\Project\New folder\finalp\finalp\models\coconut_yolo_v3\weights\best_openvino_model
2026-10-02 15:05:45 - coconut_grading_ai - INFO - OpenVINO model loaded successfully: D:\Project\New folder\finalp\finalp\models\coconut_yolo_v3\weights\best_openvino_model
2026-10-02 15:05:45 - coconut_grading_ai - INFO - OpenVINO model loaded successfully: D:\Project\New folder\finalp\finalp\models\coconut_yolo_v3\weights\best_openvino_model
2026-10-02 15:05:45 - coconut_grading_ai - INFO - OpenVINO model loaded successfully: D:\Project\New folder\finalp\finalp\models\coconut_yolo_v3\weights\best_openvino_model
2026-10-02 15:05:45 - coconut_grading_ai - INFO - OpenVINO model loaded successfully: D:\Project\New folder\finalp\finalp\models\coconut_yolo_v3\weights\best_openvino_model
2026-10-02 15:05:45 - coconut_grading_ai - INFO - OpenVINO model loaded successfully: D:\Project\New folder\finalp\finalp\models\coconut_yolo_v3\weights\best_openvino_model
2026-10-02 15:05:45 - coconut_grading_ai - INFO - OpenVINO model loaded successfully: D:\Project\New folder\finalp\finalp\models\coconut_yolo_v3\weights\best_openvino_model
2026-10-02 15:05:45 - coconut_grading_ai - INFO - OpenVINO model loaded successfully: D:\Project\New folder\finalp\finalp\models\coconut_yolo_v3\weights\best_openvino_model
2026-10-02 15:05:45 - coconut_grading_ai - INFO - OpenVINO model loaded successfully: D:\Project\New folder\finalp\finalp\models\coconut_yolo_v3\weights\best_openvino_model
2026-10-02 15:05:45 - coconut_grading_ai - INFO - OpenVINO model loaded successfully: D:\Project\New folder\finalp\finalp\models\coconut_yolo_v3\weights\best_openvino_model
2026-10-02 15:05:45 - coconut_grading_ai - INFO - OpenVINO model loaded successfully: D:\Project\New folder\finalp\finalp\models\coconut_yolo_v3\weights\best_openvino_model
2026-10-02 15:05:45 - coconut_grading_ai - INFO - OpenVINO model loaded successfully: D:\Project\New folder\finalp\finalp\models\coconut_yolo_v3\weights\best_openvino_model
2026-10-02 15:05:45 - coconut_grading_ai - INFO - OpenVINO model loaded successfully: D:\Project\New folder\finalp\finalp\models\coconut_yolo_v3\weights\best_openvino_model
2026-10-02 15:05:46 - coconut_grading_ai - INFO - User Action: user=vishnupradheep, action=login, details=successful
2026-10-02 15:05:46 - coconut_grading_ai - INFO - User Action: user=vishnupradheep, action=login, details=successful
2026-10-02 15:05:46 - coconut_grading_ai - INFO - User Action: user=vishnupradheep, action=login, details=successful
2026-10-02 15:05:46 - coconut_grading_ai - INFO - User Action: user=vishnupradheep, action=login, details=successful
2026-10-02 15:05:46 - coconut_grading_ai - INFO - User Action: user=vishnupradheep, action=login, details=successful
2026-10-02 15:05:46 - coconut_grading_ai - INFO - User Action: user=vishnupradheep, action=login, details=successful
2026-10-02 15:05:46 - coconut_grading_ai - INFO - User Action: user=vishnupradheep, action=login, details=successful
2026-10-02 15:05:46 - coconut_grading_ai - INFO - User Action: user=vishnupradheep, action=login, details=successful
2026-10-02 15:05:46 - coconut_grading_ai - INFO - User Action: user=vishnupradheep, action=login, details=successful
2026-10-02 15:05:46 - coconut_grading_ai - INFO - User Action: user=vishnupradheep, action=login, details=successful
2026-10-02 15:05:46 - coconut_grading_ai - INFO - User Action: user=vishnupradheep, action=login, details=successful
2026-10-02 15:05:46 - coconut_grading_ai - INFO - User Action: user=vishnupradheep, action=login, details=successful
2026-10-02 15:05:46 - coconut_grading_ai - INFO - User Action: user=vishnupradheep, action=login, details=successful
2026-10-02 15:05:46 - coconut_grading_ai - INFO - User Action: user=vishnupradheep, action=login, details=successful
2026-10-02 15:05:46 - coconut_grading_ai - INFO - User Action: user=vishnupradheep, action=login, details=successful
2026-10-02 15:05:46 - coconut_grading_ai - INFO - User Action: user=vishnupradheep, action=login, details=successful
2026-10-02 15:05:46 - coconut_grading_ai - INFO - User Action: user=vishnupradheep, action=login, details=successful
2026-10-02 15:05:46 - coconut_grading_ai - INFO - User Action: user=vishnupradheep, action=login, details=successful
2026-10-02 15:05:46 - coconut_grading_ai - INFO - User Action: user=vishnupradheep, action=login, details=successful
2026-10-02 15:05:46 - coconut_grading_ai - INFO - User Action: user=vishnupradheep, action=login, details=successful
2026-10-02 15:05:46 - coconut_grading_ai - INFO - User Action: user=vishnupradheep, action=login, details=successful
2026-10-02 15:05:46 - coconut_grading_ai - INFO - User Action: user=vishnupradheep, action=login, details=successful
2026-10-02 15:05:46 - coconut_grading_ai - INFO - User Action: user=vishnupradheep, action=login, details=successful
2026-10-02 15:05:46 - coconut_grading_ai - INFO - User Action: user=vishnupradheep, action=login, details=successful
2026-10-02 15:05:46 - coconut_grading_ai - INFO - User Action: user=vishnupradheep, action=login, details=successful
2026-10-02 15:05:46 - coconut_grading_ai - INFO - User Action: user=vishnupradheep, action=login, details=successful
2026-10-02 15:05:46 - coconut_grading_ai - INFO - User Action: user=vishnupradheep, action=login, details=successful
2026-10-02 15:05:46 - coconut_grading_ai - INFO - User Action: user=vishnupradheep, action=login, details=successful
2026-10-02 15:05:46 - coconut_grading_ai - INFO - User Action: user=vishnupradheep, action=login, details=successful
2026-10-02 15:05:46 - coconut_grading_ai - INFO - User Action: user=vishnupradheep, action=login, details=successful
2026-10-02 15:05:46 - coconut_grading_ai - INFO - User Action: user=vishnupradheep, action=login, details=successful
2026-10-02 15:05:46 - coconut_grading_ai - INFO - User Action: user=vishnupradheep, action=login, details=successful
2026-10-02 15:05:46 - coconut_grading_ai - INFO - User Action: user=vishnupradheep, action=login, details=successful
2026-10-02 15:05:46 - coconut_grading_ai - INFO - User Action: user=vishnupradheep, action=login, details=successful
2026-10-02 15:05:46 - coconut_grading_ai - INFO - User Action: user=vishnupradheep, action=login, details=successful
2026-10-02 15:05:47 - coconut_grading_ai - INFO - YOLO model loaded successfully
2026-10-02 15:05:47 - coconut_grading_ai - INFO - YOLO model loaded successfully
2026-10-02 15:05:47 - coconut_grading_ai - INFO - YOLO model loaded successfully
2026-10-02 15:05:47 - coconut_grading_ai - INFO - YOLO model loaded successfully
2026-10-02 15:05:47 - coconut_grading_ai - INFO - YOLO model loaded successfully
2026-10-02 15:05:47 - coconut_grading_ai - INFO - YOLO model loaded successfully
2026-10-02 15:05:47 - coconut_grading_ai - INFO - YOLO model loaded successfully
2026-10-02 15:05:47 - coconut_grading_ai - INFO - YOLO model loaded successfully
2026-10-02 15:05:47 - coconut_grading_ai - INFO - YOLO model loaded successfully
2026-10-02 15:05:47 - coconut_grading_ai - INFO - YOLO model loaded successfully
2026-10-02 15:05:47 - coconut_grading_ai - INFO - YOLO model loaded successfully
2026-10-02 15:05:47 - coconut_grading_ai - INFO - YOLO model loaded successfully
2026-10-02 15:05:47 - coconut_grading_ai - INFO - YOLO model loaded successfully
2026-10-02 15:05:47 - coconut_grading_ai - INFO - YOLO model loaded successfully
2026-10-02 15:05:47 - coconut_grading_ai - INFO - YOLO model loaded successfully
2026-10-02 15:05:47 - coconut_grading_ai - INFO - YOLO model loaded successfully
2026-10-02 15:05:47 - coconut_grading_ai - INFO - YOLO model loaded successfully
2026-10-02 15:05:47 - coconut_grading_ai - INFO - YOLO model loaded successfully
2026-10-02 15:05:47 - coconut_grading_ai - INFO - YOLO model loaded successfully
2026-10-02 15:05:47 - coconut_grading_ai - INFO - YOLO model loaded successfully
2026-10-02 15:05:47 - coconut_grading_ai - INFO - YOLO model loaded successfully
2026-10-02 15:05:47 - coconut_grading_ai - INFO - YOLO model loaded successfully
2026-10-02 15:05:47 - coconut_grading_ai - INFO - YOLO model loaded successfully
2026-10-02 15:05:47 - coconut_grading_ai - INFO - YOLO model loaded successfully
2026-10-02 15:05:47 - coconut_grading_ai - INFO - YOLO model loaded successfully
2026-10-02 15:05:47 - coconut_grading_ai - INFO - YOLO model loaded successfully
2026-10-02 15:05:47 - coconut_grading_ai - INFO - YOLO model loaded successfully
2026-10-02 15:05:47 - coconut_grading_ai - INFO - YOLO model loaded successfully
2026-10-02 15:05:47 - coconut_grading_ai - INFO - YOLO model loaded successfully
2026-10-02 15:05:47 - coconut_grading_ai - INFO - YOLO model loaded successfully
2026-10-02 15:05:47 - coconut_grading_ai - INFO - YOLO model loaded successfully
2026-10-02 15:05:47 - coconut_grading_ai - INFO - YOLO model loaded successfully
2026-10-02 15:05:47 - coconut_grading_ai - INFO - YOLO model loaded successfully
2026-10-02 15:05:47 - coconut_grading_ai - INFO - YOLO model loaded successfully
2026-10-02 15:05:47 - coconut_grading_ai - INFO - YOLO model loaded successfully
2026-10-02 15:05:47 - coconut_grading_ai - INFO - YOLO model loaded successfully
2026-10-02 15:05:47 - coconut_grading_ai - INFO - OpenVINO model loaded successfully: D:\Project\New folder\finalp\finalp\models\coconut_yolo_v3\weights\best_openvino_model
2026-10-02 15:05:47 - coconut_grading_ai - INFO - OpenVINO model loaded successfully: D:\Project\New folder\finalp\finalp\models\coconut_yolo_v3\weights\best_openvino_model
2026-10-02 15:05:47 - coconut_grading_ai - INFO - OpenVINO model loaded successfully: D:\Project\New folder\finalp\finalp\models\coconut_yolo_v3\weights\best_openvino_model
2026-10-02 15:05:47 - coconut_grading_ai - INFO - OpenVINO model loaded successfully: D:\Project\New folder\finalp\finalp\models\coconut_yolo_v3\weights\best_openvino_model
2026-10-02 15:05:47 - coconut_grading_ai - INFO - OpenVINO model loaded successfully: D:\Project\New folder\finalp\finalp\models\coconut_yolo_v3\weights\best_openvino_model
2026-10-02 15:05:47 - coconut_grading_ai - INFO - OpenVINO model loaded successfully: D:\Project\New folder\finalp\finalp\models\coconut_yolo_v3\weights\best_openvino_model
2026-10-02 15:05:47 - coconut_grading_ai - INFO - OpenVINO model loaded successfully: D:\Project\New folder\finalp\finalp\models\coconut_yolo_v3\weights\best_openvino_model
2026-10-02 15:05:47 - coconut_grading_ai - INFO - OpenVINO model loaded successfully: D:\Project\New folder\finalp\finalp\models\coconut_yolo_v3\weights\best_openvino_model
2026-10-02 15:05:47 - coconut_grading_ai - INFO - OpenVINO model loaded successfully: D:\Project\New folder\finalp\finalp\models\coconut_yolo_v3\weights\best_openvino_model
2026-10-02 15:05:47 - coconut_grading_ai - INFO - OpenVINO model loaded successfully: D:\Project\New folder\finalp\finalp\models\coconut_yolo_v3\weights\best_openvino_model
2026-10-02 15:05:47 - coconut_grading_ai - INFO - OpenVINO model loaded successfully: D:\Project\New folder\finalp\finalp\models\coconut_yolo_v3\weights\best_openvino_model
2026-10-02 15:05:47 - coconut_grading_ai - INFO - OpenVINO model loaded successfully: D:\Project\New folder\finalp\finalp\models\coconut_yolo_v3\weights\best_openvino_model
2026-10-02 15:05:47 - coconut_grading_ai - INFO - OpenVINO model loaded successfully: D:\Project\New folder\finalp\finalp\models\coconut_yolo_v3\weights\best_openvino_model
2026-10-02 15:05:47 - coconut_grading_ai - INFO - OpenVINO model loaded successfully: D:\Project\New folder\finalp\finalp\models\coconut_yolo_v3\weights\best_openvino_model
2026-10-02 15:05:47 - coconut_grading_ai - INFO - OpenVINO model loaded successfully: D:\Project\New folder\finalp\finalp\models\coconut_yolo_v3\weights\best_openvino_model
2026-10-02 15:05:47 - coconut_grading_ai - INFO - OpenVINO model loaded successfully: D:\Project\New folder\finalp\finalp\models\coconut_yolo_v3\weights\best_openvino_model
2026-10-02 15:05:47 - coconut_grading_ai - INFO - OpenVINO model loaded successfully: D:\Project\New folder\finalp\finalp\models\coconut_yolo_v3\weights\best_openvino_model
2026-10-02 15:05:47 - coconut_grading_ai - INFO - OpenVINO model loaded successfully: D:\Project\New folder\finalp\finalp\models\coconut_yolo_v3\weights\best_openvino_model
2026-10-02 15:05:47 - coconut_grading_ai - INFO - OpenVINO model loaded successfully: D:\Project\New folder\finalp\finalp\models\coconut_yolo_v3\weights\best_openvino_model
2026-10-02 15:05:47 - coconut_grading_ai - INFO - OpenVINO model loaded successfully: D:\Project\New folder\finalp\finalp\models\coconut_yolo_v3\weights\best_openvino_model
2026-10-02 15:05:47 - coconut_grading_ai - INFO - OpenVINO model loaded successfully: D:\Project\New folder\finalp\finalp\models\coconut_yolo_v3\weights\best_openvino_model
2026-10-02 15:05:47 - coconut_grading_ai - INFO - OpenVINO model loaded successfully: D:\Project\New folder\finalp\finalp\models\coconut_yolo_v3\weights\best_openvino_model
2026-10-02 15:05:47 - coconut_grading_ai - INFO - OpenVINO model loaded successfully: D:\Project\New folder\finalp\finalp\models\coconut_yolo_v3\weights\best_openvino_model
2026-10-02 15:05:47 - coconut_grading_ai - INFO - OpenVINO model loaded successfully: D:\Project\New folder\finalp\finalp\models\coconut_yolo_v3\weights\best_openvino_model
2026-10-02 15:05:47 - coconut_grading_ai - INFO - OpenVINO model loaded successfully: D:\Project\New folder\finalp\finalp\models\coconut_yolo_v3\weights\best_openvino_model
2026-10-02 15:05:47 - coconut_grading_ai - INFO - OpenVINO model loaded successfully: D:\Project\New folder\finalp\finalp\models\coconut_yolo_v3\weights\best_openvino_model
2026-10-02 15:05:47 - coconut_grading_ai - INFO - OpenVINO model loaded successfully: D:\Project\New folder\finalp\finalp\models\coconut_yolo_v3\weights\best_openvino_model
2026-10-02 15:05:47 - coconut_grading_ai - INFO - OpenVINO model loaded successfully: D:\Project\New folder\finalp\finalp\models\coconut_yolo_v3\weights\best_openvino_model
2026-10-02 15:05:47 - coconut_grading_ai - INFO - OpenVINO model loaded successfully: D:\Project\New folder\finalp\finalp\models\coconut_yolo_v3\weights\best_openvino_model
2026-10-02 15:05:47 - coconut_grading_ai - INFO - OpenVINO model loaded successfully: D:\Project\New folder\finalp\finalp\models\coconut_yolo_v3\weights\best_openvino_model
2026-10-02 15:05:47 - coconut_grading_ai - INFO - OpenVINO model loaded successfully: D:\Project\New folder\finalp\finalp\models\coconut_yolo_v3\weights\best_openvino_model
2026-10-02 15:05:47 - coconut_grading_ai - INFO - OpenVINO model loaded successfully: D:\Project\New folder\finalp\finalp\models\coconut_yolo_v3\weights\best_openvino_model
2026-10-02 15:05:47 - coconut_grading_ai - INFO - OpenVINO model loaded successfully: D:\Project\New folder\finalp\finalp\models\coconut_yolo_v3\weights\best_openvino_model
2026-10-02 15:05:47 - coconut_grading_ai - INFO - OpenVINO model loaded successfully: D:\Project\New folder\finalp\finalp\models\coconut_yolo_v3\weights\best_openvino_model
2026-10-02 15:05:47 - coconut_grading_ai - INFO - OpenVINO model loaded successfully: D:\Project\New folder\finalp\finalp\models\coconut_yolo_v3\weights\best_openvino_model
2026-10-02 15:05:47 - coconut_grading_ai - INFO - OpenVINO model loaded successfully: D:\Project\New folder\finalp\finalp\models\coconut_yolo_v3\weights\best_openvino_model
2026-10-02 15:05:58 - coconut_grading_ai - INFO - YOLO model loaded successfully
2026-10-02 15:05:58 - coconut_grading_ai - INFO - YOLO model loaded successfully
2026-10-02 15:05:58 - coconut_grading_ai - INFO - YOLO model loaded successfully
2026-10-02 15:05:58 - coconut_grading_ai - INFO - YOLO model loaded successfully
2026-10-02 15:05:58 - coconut_grading_ai - INFO - YOLO model loaded successfully
2026-10-02 15:05:58 - coconut_grading_ai - INFO - YOLO model loaded successfully
2026-10-02 15:05:58 - coconut_grading_ai - INFO - YOLO model loaded successfully
2026-10-02 15:05:58 - coconut_grading_ai - INFO - YOLO model loaded successfully
2026-10-02 15:05:58 - coconut_grading_ai - INFO - YOLO model loaded successfully
2026-10-02 15:05:58 - coconut_grading_ai - INFO - YOLO model loaded successfully
2026-10-02 15:05:58 - coconut_grading_ai - INFO - YOLO model loaded successfully
2026-10-02 15:05:58 - coconut_grading_ai - INFO - YOLO model loaded successfully
2026-10-02 15:05:58 - coconut_grading_ai - INFO - YOLO model loaded successfully
2026-10-02 15:05:58 - coconut_grading_ai - INFO - YOLO model loaded successfully
2026-10-02 15:05:58 - coconut_grading_ai - INFO - YOLO model loaded successfully
2026-10-02 15:05:58 - coconut_grading_ai - INFO - YOLO model loaded successfully
2026-10-02 15:05:58 - coconut_grading_ai - INFO - YOLO model loaded successfully
2026-10-02 15:05:58 - coconut_grading_ai - INFO - YOLO model loaded successfully
2026-10-02 15:05:58 - coconut_grading_ai - INFO - YOLO model loaded successfully
2026-10-02 15:05:58 - coconut_grading_ai - INFO - YOLO model loaded successfully
2026-10-02 15:05:58 - coconut_grading_ai - INFO - YOLO model loaded successfully
2026-10-02 15:05:58 - coconut_grading_ai - INFO - YOLO model loaded successfully
2026-10-02 15:05:58 - coconut_grading_ai - INFO - YOLO model loaded successfully
2026-10-02 15:05:58 - coconut_grading_ai - INFO - YOLO model loaded successfully
2026-10-02 15:05:58 - coconut_grading_ai - INFO - YOLO model loaded successfully
2026-10-02 15:05:58 - coconut_grading_ai - INFO - YOLO model loaded successfully
2026-10-02 15:05:58 - coconut_grading_ai - INFO - YOLO model loaded successfully
2026-10-02 15:05:58 - coconut_grading_ai - INFO - YOLO model loaded successfully
2026-10-02 15:05:58 - coconut_grading_ai - INFO - YOLO model loaded successfully
2026-10-02 15:05:58 - coconut_grading_ai - INFO - YOLO model loaded successfully
2026-10-02 15:05:58 - coconut_grading_ai - INFO - YOLO model loaded successfully
2026-10-02 15:05:58 - coconut_grading_ai - INFO - YOLO model loaded successfully
2026-10-02 15:05:58 - coconut_grading_ai - INFO - YOLO model loaded successfully
2026-10-02 15:05:58 - coconut_grading_ai - INFO - YOLO model loaded successfully
2026-10-02 15:05:58 - coconut_grading_ai - INFO - YOLO model loaded successfully
2026-10-02 15:05:58 - coconut_grading_ai - INFO - YOLO model loaded successfully
2026-10-02 15:05:58 - coconut_grading_ai - INFO - YOLO model loaded successfully
2026-10-02 15:05:58 - coconut_grading_ai - INFO - OpenVINO model loaded successfully: D:\Project\New folder\finalp\finalp\models\coconut_yolo_v3\weights\best_openvino_model
2026-10-02 15:05:58 - coconut_grading_ai - INFO - OpenVINO model loaded successfully: D:\Project\New folder\finalp\finalp\models\coconut_yolo_v3\weights\best_openvino_model
2026-10-02 15:05:58 - coconut_grading_ai - INFO - OpenVINO model loaded successfully: D:\Project\New folder\finalp\finalp\models\coconut_yolo_v3\weights\best_openvino_model
2026-10-02 15:05:58 - coconut_grading_ai - INFO - OpenVINO model loaded successfully: D:\Project\New folder\finalp\finalp\models\coconut_yolo_v3\weights\best_openvino_model
2026-10-02 15:05:58 - coconut_grading_ai - INFO - OpenVINO model loaded successfully: D:\Project\New folder\finalp\finalp\models\coconut_yolo_v3\weights\best_openvino_model
2026-10-02 15:05:58 - coconut_grading_ai - INFO - OpenVINO model loaded successfully: D:\Project\New folder\finalp\finalp\models\coconut_yolo_v3\weights\best_openvino_model
2026-10-02 15:05:58 - coconut_grading_ai - INFO - OpenVINO model loaded successfully: D:\Project\New folder\finalp\finalp\models\coconut_yolo_v3\weights\best_openvino_model
2026-10-02 15:05:58 - coconut_grading_ai - INFO - OpenVINO model loaded successfully: D:\Project\New folder\finalp\finalp\models\coconut_yolo_v3\weights\best_openvino_model
2026-10-02 15:05:58 - coconut_grading_ai - INFO - OpenVINO model loaded successfully: D:\Project\New folder\finalp\finalp\models\coconut_yolo_v3\weights\best_openvino_model
2026-10-02 15:05:58 - coconut_grading_ai - INFO - OpenVINO model loaded successfully: D:\Project\New folder\finalp\finalp\models\coconut_yolo_v3\weights\best_openvino_model
2026-10-02 15:05:58 - coconut_grading_ai - INFO - OpenVINO model loaded successfully: D:\Project\New folder\finalp\finalp\models\coconut_yolo_v3\weights\best_openvino_model
2026-10-02 15:05:58 - coconut_grading_ai - INFO - OpenVINO model loaded successfully: D:\Project\New folder\finalp\finalp\models\coconut_yolo_v3\weights\best_openvino_model
2026-10-02 15:05:58 - coconut_grading_ai - INFO - OpenVINO model loaded successfully: D:\Project\New folder\finalp\finalp\models\coconut_yolo_v3\weights\best_openvino_model
2026-10-02 15:05:58 - coconut_grading_ai - INFO - OpenVINO model loaded successfully: D:\Project\New folder\finalp\finalp\models\coconut_yolo_v3\weights\best_openvino_model
2026-10-02 15:05:58 - coconut_grading_ai - INFO - OpenVINO model loaded successfully: D:\Project\New folder\finalp\finalp\models\coconut_yolo_v3\weights\best_openvino_model
2026-10-02 15:05:58 - coconut_grading_ai - INFO - OpenVINO model loaded successfully: D:\Project\New folder\finalp\finalp\models\coconut_yolo_v3\weights\best_openvino_model
2026-10-02 15:05:58 - coconut_grading_ai - INFO - OpenVINO model loaded successfully: D:\Project\New folder\finalp\finalp\models\coconut_yolo_v3\weights\best_openvino_model
2026-10-02 15:05:58 - coconut_grading_ai - INFO - OpenVINO model loaded successfully: D:\Project\New folder\finalp\finalp\models\coconut_yolo_v3\weights\best_openvino_model
2026-10-02 15:05:58 - coconut_grading_ai - INFO - OpenVINO model loaded successfully: D:\Project\New folder\finalp\finalp\models\coconut_yolo_v3\weights\best_openvino_model
2026-10-02 15:05:58 - coconut_grading_ai - INFO - OpenVINO model loaded successfully: D:\Project\New folder\finalp\finalp\models\coconut_yolo_v3\weights\best_openvino_model
2026-10-02 15:05:58 - coconut_grading_ai - INFO - OpenVINO model loaded successfully: D:\Project\New folder\finalp\finalp\models\coconut_yolo_v3\weights\best_openvino_model
2026-10-02 15:05:58 - coconut_grading_ai - INFO - OpenVINO model loaded successfully: D:\Project\New folder\finalp\finalp\models\coconut_yolo_v3\weights\best_openvino_model
2026-10-02 15:05:58 - coconut_grading_ai - INFO - OpenVINO model loaded successfully: D:\Project\New folder\finalp\finalp\models\coconut_yolo_v3\weights\best_openvino_model
2026-10-02 15:05:58 - coconut_grading_ai - INFO - OpenVINO model loaded successfully: D:\Project\New folder\finalp\finalp\models\coconut_yolo_v3\weights\best_openvino_model
2026-10-02 15:05:58 - coconut_grading_ai - INFO - OpenVINO model loaded successfully: D:\Project\New folder\finalp\finalp\models\coconut_yolo_v3\weights\best_openvino_model
2026-10-02 15:05:58 - coconut_grading_ai - INFO - OpenVINO model loaded successfully: D:\Project\New folder\finalp\finalp\models\coconut_yolo_v3\weights\best_openvino_model
2026-10-02 15:05:58 - coconut_grading_ai - INFO - OpenVINO model loaded successfully: D:\Project\New folder\finalp\finalp\models\coconut_yolo_v3\weights\best_openvino_model
2026-10-02 15:05:58 - coconut_grading_ai - INFO - OpenVINO model loaded successfully: D:\Project\New folder\finalp\finalp\models\coconut_yolo_v3\weights\best_openvino_model
2026-10-02 15:05:58 - coconut_grading_ai - INFO - OpenVINO model loaded successfully: D:\Project\New folder\finalp\finalp\models\coconut_yolo_v3\weights\best_openvino_model
2026-10-02 15:05:58 - coconut_grading_ai - INFO - OpenVINO model loaded successfully: D:\Project\New folder\finalp\finalp\models\coconut_yolo_v3\weights\best_openvino_model
2026-10-02 15:05:58 - coconut_grading_ai - INFO - OpenVINO model loaded successfully: D:\Project\New folder\finalp\finalp\models\coconut_yolo_v3\weights\best_openvino_model
2026-10-02 15:05:58 - coconut_grading_ai - INFO - OpenVINO model loaded successfully: D:\Project\New folder\finalp\finalp\models\coconut_yolo_v3\weights\best_openvino_model
2026-10-02 15:05:58 - coconut_grading_ai - INFO - OpenVINO model loaded successfully: D:\Project\New folder\finalp\finalp\models\coconut_yolo_v3\weights\best_openvino_model
2026-10-02 15:05:58 - coconut_grading_ai - INFO - OpenVINO model loaded successfully: D:\Project\New folder\finalp\finalp\models\coconut_yolo_v3\weights\best_openvino_model
2026-10-02 15:05:58 - coconut_grading_ai - INFO - OpenVINO model loaded successfully: D:\Project\New folder\finalp\finalp\models\coconut_yolo_v3\weights\best_openvino_model
2026-10-02 15:05:58 - coconut_grading_ai - INFO - OpenVINO model loaded successfully: D:\Project\New folder\finalp\finalp\models\coconut_yolo_v3\weights\best_openvino_model
2026-10-02 15:05:58 - coconut_grading_ai - INFO - OpenVINO model loaded successfully: D:\Project\New folder\finalp\finalp\models\coconut_yolo_v3\weights\best_openvino_model
2026-10-02 15:06:00 - coconut_grading_ai - INFO - YOLO model loaded successfully
2026-10-02 15:06:00 - coconut_grading_ai - INFO - YOLO model loaded successfully
2026-10-02 15:06:00 - coconut_grading_ai - INFO - YOLO model loaded successfully
2026-10-02 15:06:00 - coconut_grading_ai - INFO - YOLO model loaded successfully
2026-10-02 15:06:00 - coconut_grading_ai - INFO - YOLO model loaded successfully
2026-10-02 15:06:00 - coconut_grading_ai - INFO - YOLO model loaded successfully
2026-10-02 15:06:00 - coconut_grading_ai - INFO - YOLO model loaded successfully
2026-10-02 15:06:00 - coconut_grading_ai - INFO - YOLO model loaded successfully
2026-10-02 15:06:00 - coconut_grading_ai - INFO - YOLO model loaded successfully
2026-10-02 15:06:00 - coconut_grading_ai - INFO - YOLO model loaded successfully
2026-10-02 15:06:00 - coconut_grading_ai - INFO - YOLO model loaded successfully
2026-10-02 15:06:00 - coconut_grading_ai - INFO - YOLO model loaded successfully
2026-10-02 15:06:00 - coconut_grading_ai - INFO - YOLO model loaded successfully
2026-10-02 15:06:00 - coconut_grading_ai - INFO - YOLO model loaded successfully
2026-10-02 15:06:00 - coconut_grading_ai - INFO - YOLO model loaded successfully
2026-10-02 15:06:00 - coconut_grading_ai - INFO - YOLO model loaded successfully
2026-10-02 15:06:00 - coconut_grading_ai - INFO - YOLO model loaded successfully
2026-10-02 15:06:00 - coconut_grading_ai - INFO - YOLO model loaded successfully
2026-10-02 15:06:00 - coconut_grading_ai - INFO - YOLO model loaded successfully
2026-10-02 15:06:00 - coconut_grading_ai - INFO - YOLO model loaded successfully
2026-10-02 15:06:00 - coconut_grading_ai - INFO - YOLO model loaded successfully
2026-10-02 15:06:00 - coconut_grading_ai - INFO - YOLO model loaded successfully
2026-10-02 15:06:00 - coconut_grading_ai - INFO - YOLO model loaded successfully
2026-10-02 15:06:00 - coconut_grading_ai - INFO - YOLO model loaded successfully
2026-10-02 15:06:00 - coconut_grading_ai - INFO - YOLO model loaded successfully
2026-10-02 15:06:00 - coconut_grading_ai - INFO - YOLO model loaded successfully
2026-10-02 15:06:00 - coconut_grading_ai - INFO - YOLO model loaded successfully
2026-10-02 15:06:00 - coconut_grading_ai - INFO - YOLO model loaded successfully
2026-10-02 15:06:00 - coconut_grading_ai - INFO - YOLO model loaded successfully
2026-10-02 15:06:00 - coconut_grading_ai - INFO - YOLO model loaded successfully
2026-10-02 15:06:00 - coconut_grading_ai - INFO - YOLO model loaded successfully
2026-10-02 15:06:00 - coconut_grading_ai - INFO - YOLO model loaded successfully
2026-10-02 15:06:00 - coconut_grading_ai - INFO - YOLO model loaded successfully
2026-10-02 15:06:00 - coconut_grading_ai - INFO - YOLO model loaded successfully
2026-10-02 15:06:00 - coconut_grading_ai - INFO - YOLO model loaded successfully
2026-10-02 15:06:00 - coconut_grading_ai - INFO - YOLO model loaded successfully
2026-10-02 15:06:00 - coconut_grading_ai - INFO - YOLO model loaded successfully
2026-10-02 15:06:00 - coconut_grading_ai - INFO - YOLO model loaded successfully
2026-10-02 15:06:00 - coconut_grading_ai - INFO - OpenVINO model loaded successfully: D:\Project\New folder\finalp\finalp\models\coconut_yolo_v3\weights\best_openvino_model
2026-10-02 15:06:00 - coconut_grading_ai - INFO - OpenVINO model loaded successfully: D:\Project\New folder\finalp\finalp\models\coconut_yolo_v3\weights\best_openvino_model
2026-10-02 15:06:00 - coconut_grading_ai - INFO - OpenVINO model loaded successfully: D:\Project\New folder\finalp\finalp\models\coconut_yolo_v3\weights\best_openvino_model
2026-10-02 15:06:00 - coconut_grading_ai - INFO - OpenVINO model loaded successfully: D:\Project\New folder\finalp\finalp\models\coconut_yolo_v3\weights\best_openvino_model
2026-10-02 15:06:00 - coconut_grading_ai - INFO - OpenVINO model loaded successfully: D:\Project\New folder\finalp\finalp\models\coconut_yolo_v3\weights\best_openvino_model
2026-10-02 15:06:00 - coconut_grading_ai - INFO - OpenVINO model loaded successfully: D:\Project\New folder\finalp\finalp\models\coconut_yolo_v3\weights\best_openvino_model
2026-10-02 15:06:00 - coconut_grading_ai - INFO - OpenVINO model loaded successfully: D:\Project\New folder\finalp\finalp\models\coconut_yolo_v3\weights\best_openvino_model
2026-10-02 15:06:00 - coconut_grading_ai - INFO - OpenVINO model loaded successfully: D:\Project\New folder\finalp\finalp\models\coconut_yolo_v3\weights\best_openvino_model
2026-10-02 15:06:00 - coconut_grading_ai - INFO - OpenVINO model loaded successfully: D:\Project\New folder\finalp\finalp\models\coconut_yolo_v3\weights\best_openvino_model
2026-10-02 15:06:00 - coconut_grading_ai - INFO - OpenVINO model loaded successfully: D:\Project\New folder\finalp\finalp\models\coconut_yolo_v3\weights\best_openvino_model
2026-10-02 15:06:00 - coconut_grading_ai - INFO - OpenVINO model loaded successfully: D:\Project\New folder\finalp\finalp\models\coconut_yolo_v3\weights\best_openvino_model
2026-10-02 15:06:00 - coconut_grading_ai - INFO - OpenVINO model loaded successfully: D:\Project\New folder\finalp\finalp\models\coconut_yolo_v3\weights\best_openvino_model
2026-10-02 15:06:00 - coconut_grading_ai - INFO - OpenVINO model loaded successfully: D:\Project\New folder\finalp\finalp\models\coconut_yolo_v3\weights\best_openvino_model
2026-10-02 15:06:00 - coconut_grading_ai - INFO - OpenVINO model loaded successfully: D:\Project\New folder\finalp\finalp\models\coconut_yolo_v3\weights\best_openvino_model
2026-10-02 15:06:00 - coconut_grading_ai - INFO - OpenVINO model loaded successfully: D:\Project\New folder\finalp\finalp\models\coconut_yolo_v3\weights\best_openvino_model
2026-10-02 15:06:00 - coconut_grading_ai - INFO - OpenVINO model loaded successfully: D:\Project\New folder\finalp\finalp\models\coconut_yolo_v3\weights\best_openvino_model
2026-10-02 15:06:00 - coconut_grading_ai - INFO - OpenVINO model loaded successfully: D:\Project\New folder\finalp\finalp\models\coconut_yolo_v3\weights\best_openvino_model
2026-10-02 15:06:00 - coconut_grading_ai - INFO - OpenVINO model loaded successfully: D:\Project\New folder\finalp\finalp\models\coconut_yolo_v3\weights\best_openvino_model
2026-10-02 15:06:00 - coconut_grading_ai - INFO - OpenVINO model loaded successfully: D:\Project\New folder\finalp\finalp\models\coconut_yolo_v3\weights\best_openvino_model
2026-10-02 15:06:00 - coconut_grading_ai - INFO - OpenVINO model loaded successfully: D:\Project\New folder\finalp\finalp\models\coconut_yolo_v3\weights\best_openvino_model
2026-10-02 15:06:00 - coconut_grading_ai - INFO - OpenVINO model loaded successfully: D:\Project\New folder\finalp\finalp\models\coconut_yolo_v3\weights\best_openvino_model
2026-10-02 15:06:00 - coconut_grading_ai - INFO - OpenVINO model loaded successfully: D:\Project\New folder\finalp\finalp\models\coconut_yolo_v3\weights\best_openvino_model
2026-10-02 15:06:00 - coconut_grading_ai - INFO - OpenVINO model loaded successfully: D:\Project\New folder\finalp\finalp\models\coconut_yolo_v3\weights\best_openvino_model
2026-10-02 15:06:00 - coconut_grading_ai - INFO - OpenVINO model loaded successfully: D:\Project\New folder\finalp\finalp\models\coconut_yolo_v3\weights\best_openvino_model
2026-10-02 15:06:00 - coconut_grading_ai - INFO - OpenVINO model loaded successfully: D:\Project\New folder\finalp\finalp\models\coconut_yolo_v3\weights\best_openvino_model
2026-10-02 15:06:00 - coconut_grading_ai - INFO - OpenVINO model loaded successfully: D:\Project\New folder\finalp\finalp\models\coconut_yolo_v3\weights\best_openvino_model
2026-10-02 15:06:00 - coconut_grading_ai - INFO - OpenVINO model loaded successfully: D:\Project\New folder\finalp\finalp\models\coconut_yolo_v3\weights\best_openvino_model
2026-10-02 15:06:00 - coconut_grading_ai - INFO - OpenVINO model loaded successfully: D:\Project\New folder\finalp\finalp\models\coconut_yolo_v3\weights\best_openvino_model
2026-10-02 15:06:00 - coconut_grading_ai - INFO - OpenVINO model loaded successfully: D:\Project\New folder\finalp\finalp\models\coconut_yolo_v3\weights\best_openvino_model
2026-10-02 15:06:00 - coconut_grading_ai - INFO - OpenVINO model loaded successfully: D:\Project\New folder\finalp\finalp\models\coconut_yolo_v3\weights\best_openvino_model
2026-10-02 15:06:00 - coconut_grading_ai - INFO - OpenVINO model loaded successfully: D:\Project\New folder\finalp\finalp\models\coconut_yolo_v3\weights\best_openvino_model
2026-10-02 15:06:00 - coconut_grading_ai - INFO - OpenVINO model loaded successfully: D:\Project\New folder\finalp\finalp\models\coconut_yolo_v3\weights\best_openvino_model
2026-10-02 15:06:00 - coconut_grading_ai - INFO - OpenVINO model loaded successfully: D:\Project\New folder\finalp\finalp\models\coconut_yolo_v3\weights\best_openvino_model
2026-10-02 15:06:00 - coconut_grading_ai - INFO - OpenVINO model loaded successfully: D:\Project\New folder\finalp\finalp\models\coconut_yolo_v3\weights\best_openvino_model
2026-10-02 15:06:00 - coconut_grading_ai - INFO - OpenVINO model loaded successfully: D:\Project\New folder\finalp\finalp\models\coconut_yolo_v3\weights\best_openvino_model
2026-10-02 15:06:00 - coconut_grading_ai - INFO - OpenVINO model loaded successfully: D:\Project\New folder\finalp\finalp\models\coconut_yolo_v3\weights\best_openvino_model
2026-10-02 15:06:00 - coconut_grading_ai - INFO - OpenVINO model loaded successfully: D:\Project\New folder\finalp\finalp\models\coconut_yolo_v3\weights\best_openvino_model
2026-10-02 15:06:00 - coconut_grading_ai - INFO - OpenVINO model loaded successfully: D:\Project\New folder\finalp\finalp\models\coconut_yolo_v3\weights\best_openvino_model
2026-10-02 15:06:01 - coconut_grading_ai - ERROR - Analysis error for 6_jpg.rf.ae02ac081a2915e3957d00f91e3fa905.jpg
Traceback (most recent call last):
  File "D:\Project\New folder\finalp\finalp\app_integrated.py", line 1996, in app_page
    detection_data = detect_bunch_coconuts(
        detector_fn=detect_coconuts_openvino,
    ...<2 lines>...
        conf_threshold=conf_threshold,
    )
  File "D:\Project\New folder\finalp\finalp\app_integrated.py", line 1157, in detect_bunch_coconuts
    "plotted_image": _draw_bunch_boxes(image, final_boxes),
                     ~~~~~~~~~~~~~~~~~^^^^^^^^^^^^^^^^^^^^
  File "D:\Project\New folder\finalp\finalp\app_integrated.py", line 981, in _draw_bunch_boxes
    draw = ImageDraw.Draw(canvas)
           ^^^^^^^^^
NameError: name 'ImageDraw' is not defined
2026-10-02 15:06:01 - coconut_grading_ai - ERROR - Analysis error for 6_jpg.rf.ae02ac081a2915e3957d00f91e3fa905.jpg
Traceback (most recent call last):
  File "D:\Project\New folder\finalp\finalp\app_integrated.py", line 1996, in app_page
    detection_data = detect_bunch_coconuts(
        detector_fn=detect_coconuts_openvino,
    ...<2 lines>...
        conf_threshold=conf_threshold,
    )
  File "D:\Project\New folder\finalp\finalp\app_integrated.py", line 1157, in detect_bunch_coconuts
    "plotted_image": _draw_bunch_boxes(image, final_boxes),
                     ~~~~~~~~~~~~~~~~~^^^^^^^^^^^^^^^^^^^^
  File "D:\Project\New folder\finalp\finalp\app_integrated.py", line 981, in _draw_bunch_boxes
    draw = ImageDraw.Draw(canvas)
           ^^^^^^^^^
NameError: name 'ImageDraw' is not defined
2026-10-02 15:06:01 - coconut_grading_ai - ERROR - Analysis error for 6_jpg.rf.ae02ac081a2915e3957d00f91e3fa905.jpg
Traceback (most recent call last):
  File "D:\Project\New folder\finalp\finalp\app_integrated.py", line 1996, in app_page
    detection_data = detect_bunch_coconuts(
        detector_fn=detect_coconuts_openvino,
    ...<2 lines>...
        conf_threshold=conf_threshold,
    )
  File "D:\Project\New folder\finalp\finalp\app_integrated.py", line 1157, in detect_bunch_coconuts
    "plotted_image": _draw_bunch_boxes(image, final_boxes),
                     ~~~~~~~~~~~~~~~~~^^^^^^^^^^^^^^^^^^^^
  File "D:\Project\New folder\finalp\finalp\app_integrated.py", line 981, in _draw_bunch_boxes
    draw = ImageDraw.Draw(canvas)
           ^^^^^^^^^
NameError: name 'ImageDraw' is not defined
2026-10-02 15:06:01 - coconut_grading_ai - ERROR - Analysis error for 6_jpg.rf.ae02ac081a2915e3957d00f91e3fa905.jpg
Traceback (most recent call last):
  File "D:\Project\New folder\finalp\finalp\app_integrated.py", line 1996, in app_page
    detection_data = detect_bunch_coconuts(
        detector_fn=detect_coconuts_openvino,
    ...<2 lines>...
        conf_threshold=conf_threshold,
    )
  File "D:\Project\New folder\finalp\finalp\app_integrated.py", line 1157, in detect_bunch_coconuts
    "plotted_image": _draw_bunch_boxes(image, final_boxes),
                     ~~~~~~~~~~~~~~~~~^^^^^^^^^^^^^^^^^^^^
  File "D:\Project\New folder\finalp\finalp\app_integrated.py", line 981, in _draw_bunch_boxes
    draw = ImageDraw.Draw(canvas)
           ^^^^^^^^^
NameError: name 'ImageDraw' is not defined
2026-10-02 15:06:01 - coconut_grading_ai - ERROR - Analysis error for 6_jpg.rf.ae02ac081a2915e3957d00f91e3fa905.jpg
Traceback (most recent call last):
  File "D:\Project\New folder\finalp\finalp\app_integrated.py", line 1996, in app_page
    detection_data = detect_bunch_coconuts(
        detector_fn=detect_coconuts_openvino,
    ...<2 lines>...
        conf_threshold=conf_threshold,
    )
  File "D:\Project\New folder\finalp\finalp\app_integrated.py", line 1157, in detect_bunch_coconuts
    "plotted_image": _draw_bunch_boxes(image, final_boxes),
                     ~~~~~~~~~~~~~~~~~^^^^^^^^^^^^^^^^^^^^
  File "D:\Project\New folder\finalp\finalp\app_integrated.py", line 981, in _draw_bunch_boxes
    draw = ImageDraw.Draw(canvas)
           ^^^^^^^^^
NameError: name 'ImageDraw' is not defined
2026-10-02 15:06:01 - coconut_grading_ai - ERROR - Analysis error for 6_jpg.rf.ae02ac081a2915e3957d00f91e3fa905.jpg
Traceback (most recent call last):
  File "D:\Project\New folder\finalp\finalp\app_integrated.py", line 1996, in app_page
    detection_data = detect_bunch_coconuts(
        detector_fn=detect_coconuts_openvino,
    ...<2 lines>...
        conf_threshold=conf_threshold,
    )
  File "D:\Project\New folder\finalp\finalp\app_integrated.py", line 1157, in detect_bunch_coconuts
    "plotted_image": _draw_bunch_boxes(image, final_boxes),
                     ~~~~~~~~~~~~~~~~~^^^^^^^^^^^^^^^^^^^^
  File "D:\Project\New folder\finalp\finalp\app_integrated.py", line 981, in _draw_bunch_boxes
    draw = ImageDraw.Draw(canvas)
           ^^^^^^^^^
NameError: name 'ImageDraw' is not defined
2026-10-02 15:06:01 - coconut_grading_ai - ERROR - Analysis error for 6_jpg.rf.ae02ac081a2915e3957d00f91e3fa905.jpg
Traceback (most recent call last):
  File "D:\Project\New folder\finalp\finalp\app_integrated.py", line 1996, in app_page
    detection_data = detect_bunch_coconuts(
        detector_fn=detect_coconuts_openvino,
    ...<2 lines>...
        conf_threshold=conf_threshold,
    )
  File "D:\Project\New folder\finalp\finalp\app_integrated.py", line 1157, in detect_bunch_coconuts
    "plotted_image": _draw_bunch_boxes(image, final_boxes),
                     ~~~~~~~~~~~~~~~~~^^^^^^^^^^^^^^^^^^^^
  File "D:\Project\New folder\finalp\finalp\app_integrated.py", line 981, in _draw_bunch_boxes
    draw = ImageDraw.Draw(canvas)
           ^^^^^^^^^
NameError: name 'ImageDraw' is not defined
2026-10-02 15:06:01 - coconut_grading_ai - ERROR - Analysis error for 6_jpg.rf.ae02ac081a2915e3957d00f91e3fa905.jpg
Traceback (most recent call last):
  File "D:\Project\New folder\finalp\finalp\app_integrated.py", line 1996, in app_page
    detection_data = detect_bunch_coconuts(
        detector_fn=detect_coconuts_openvino,
    ...<2 lines>...
        conf_threshold=conf_threshold,
    )
  File "D:\Project\New folder\finalp\finalp\app_integrated.py", line 1157, in detect_bunch_coconuts
    "plotted_image": _draw_bunch_boxes(image, final_boxes),
                     ~~~~~~~~~~~~~~~~~^^^^^^^^^^^^^^^^^^^^
  File "D:\Project\New folder\finalp\finalp\app_integrated.py", line 981, in _draw_bunch_boxes
    draw = ImageDraw.Draw(canvas)
           ^^^^^^^^^
NameError: name 'ImageDraw' is not defined
2026-10-02 15:06:01 - coconut_grading_ai - ERROR - Analysis error for 6_jpg.rf.ae02ac081a2915e3957d00f91e3fa905.jpg
Traceback (most recent call last):
  File "D:\Project\New folder\finalp\finalp\app_integrated.py", line 1996, in app_page
    detection_data = detect_bunch_coconuts(
        detector_fn=detect_coconuts_openvino,
    ...<2 lines>...
        conf_threshold=conf_threshold,
    )
  File "D:\Project\New folder\finalp\finalp\app_integrated.py", line 1157, in detect_bunch_coconuts
    "plotted_image": _draw_bunch_boxes(image, final_boxes),
                     ~~~~~~~~~~~~~~~~~^^^^^^^^^^^^^^^^^^^^
  File "D:\Project\New folder\finalp\finalp\app_integrated.py", line 981, in _draw_bunch_boxes
    draw = ImageDraw.Draw(canvas)
           ^^^^^^^^^
NameError: name 'ImageDraw' is not defined
2026-10-02 15:06:01 - coconut_grading_ai - ERROR - Analysis error for 6_jpg.rf.ae02ac081a2915e3957d00f91e3fa905.jpg
Traceback (most recent call last):
  File "D:\Project\New folder\finalp\finalp\app_integrated.py", line 1996, in app_page
    detection_data = detect_bunch_coconuts(
        detector_fn=detect_coconuts_openvino,
    ...<2 lines>...
        conf_threshold=conf_threshold,
    )
  File "D:\Project\New folder\finalp\finalp\app_integrated.py", line 1157, in detect_bunch_coconuts
    "plotted_image": _draw_bunch_boxes(image, final_boxes),
                     ~~~~~~~~~~~~~~~~~^^^^^^^^^^^^^^^^^^^^
  File "D:\Project\New folder\finalp\finalp\app_integrated.py", line 981, in _draw_bunch_boxes
    draw = ImageDraw.Draw(canvas)
           ^^^^^^^^^
NameError: name 'ImageDraw' is not defined
2026-10-02 15:06:01 - coconut_grading_ai - ERROR - Analysis error for 6_jpg.rf.ae02ac081a2915e3957d00f91e3fa905.jpg
Traceback (most recent call last):
  File "D:\Project\New folder\finalp\finalp\app_integrated.py", line 1996, in app_page
    detection_data = detect_bunch_coconuts(
        detector_fn=detect_coconuts_openvino,
    ...<2 lines>...
        conf_threshold=conf_threshold,
    )
  File "D:\Project\New folder\finalp\finalp\app_integrated.py", line 1157, in detect_bunch_coconuts
    "plotted_image": _draw_bunch_boxes(image, final_boxes),
                     ~~~~~~~~~~~~~~~~~^^^^^^^^^^^^^^^^^^^^
  File "D:\Project\New folder\finalp\finalp\app_integrated.py", line 981, in _draw_bunch_boxes
    draw = ImageDraw.Draw(canvas)
           ^^^^^^^^^
NameError: name 'ImageDraw' is not defined
2026-10-02 15:06:01 - coconut_grading_ai - ERROR - Analysis error for 6_jpg.rf.ae02ac081a2915e3957d00f91e3fa905.jpg
Traceback (most recent call last):
  File "D:\Project\New folder\finalp\finalp\app_integrated.py", line 1996, in app_page
    detection_data = detect_bunch_coconuts(
        detector_fn=detect_coconuts_openvino,
    ...<2 lines>...
        conf_threshold=conf_threshold,
    )
  File "D:\Project\New folder\finalp\finalp\app_integrated.py", line 1157, in detect_bunch_coconuts
    "plotted_image": _draw_bunch_boxes(image, final_boxes),
                     ~~~~~~~~~~~~~~~~~^^^^^^^^^^^^^^^^^^^^
  File "D:\Project\New folder\finalp\finalp\app_integrated.py", line 981, in _draw_bunch_boxes
    draw = ImageDraw.Draw(canvas)
           ^^^^^^^^^
NameError: name 'ImageDraw' is not defined
2026-10-02 15:06:01 - coconut_grading_ai - ERROR - Analysis error for 6_jpg.rf.ae02ac081a2915e3957d00f91e3fa905.jpg
Traceback (most recent call last):
  File "D:\Project\New folder\finalp\finalp\app_integrated.py", line 1996, in app_page
    detection_data = detect_bunch_coconuts(
        detector_fn=detect_coconuts_openvino,
    ...<2 lines>...
        conf_threshold=conf_threshold,
    )
  File "D:\Project\New folder\finalp\finalp\app_integrated.py", line 1157, in detect_bunch_coconuts
    "plotted_image": _draw_bunch_boxes(image, final_boxes),
                     ~~~~~~~~~~~~~~~~~^^^^^^^^^^^^^^^^^^^^
  File "D:\Project\New folder\finalp\finalp\app_integrated.py", line 981, in _draw_bunch_boxes
    draw = ImageDraw.Draw(canvas)
           ^^^^^^^^^
NameError: name 'ImageDraw' is not defined
2026-10-02 15:06:01 - coconut_grading_ai - ERROR - Analysis error for 6_jpg.rf.ae02ac081a2915e3957d00f91e3fa905.jpg
Traceback (most recent call last):
  File "D:\Project\New folder\finalp\finalp\app_integrated.py", line 1996, in app_page
    detection_data = detect_bunch_coconuts(
        detector_fn=detect_coconuts_openvino,
    ...<2 lines>...
        conf_threshold=conf_threshold,
    )
  File "D:\Project\New folder\finalp\finalp\app_integrated.py", line 1157, in detect_bunch_coconuts
    "plotted_image": _draw_bunch_boxes(image, final_boxes),
                     ~~~~~~~~~~~~~~~~~^^^^^^^^^^^^^^^^^^^^
  File "D:\Project\New folder\finalp\finalp\app_integrated.py", line 981, in _draw_bunch_boxes
    draw = ImageDraw.Draw(canvas)
           ^^^^^^^^^
NameError: name 'ImageDraw' is not defined
2026-10-02 15:06:01 - coconut_grading_ai - ERROR - Analysis error for 6_jpg.rf.ae02ac081a2915e3957d00f91e3fa905.jpg
Traceback (most recent call last):
  File "D:\Project\New folder\finalp\finalp\app_integrated.py", line 1996, in app_page
    detection_data = detect_bunch_coconuts(
        detector_fn=detect_coconuts_openvino,
    ...<2 lines>...
        conf_threshold=conf_threshold,
    )
  File "D:\Project\New folder\finalp\finalp\app_integrated.py", line 1157, in detect_bunch_coconuts
    "plotted_image": _draw_bunch_boxes(image, final_boxes),
                     ~~~~~~~~~~~~~~~~~^^^^^^^^^^^^^^^^^^^^
  File "D:\Project\New folder\finalp\finalp\app_integrated.py", line 981, in _draw_bunch_boxes
    draw = ImageDraw.Draw(canvas)
           ^^^^^^^^^
NameError: name 'ImageDraw' is not defined
2026-10-02 15:06:01 - coconut_grading_ai - ERROR - Analysis error for 6_jpg.rf.ae02ac081a2915e3957d00f91e3fa905.jpg
Traceback (most recent call last):
  File "D:\Project\New folder\finalp\finalp\app_integrated.py", line 1996, in app_page
    detection_data = detect_bunch_coconuts(
        detector_fn=detect_coconuts_openvino,
    ...<2 lines>...
        conf_threshold=conf_threshold,
    )
  File "D:\Project\New folder\finalp\finalp\app_integrated.py", line 1157, in detect_bunch_coconuts
    "plotted_image": _draw_bunch_boxes(image, final_boxes),
                     ~~~~~~~~~~~~~~~~~^^^^^^^^^^^^^^^^^^^^
  File "D:\Project\New folder\finalp\finalp\app_integrated.py", line 981, in _draw_bunch_boxes
    draw = ImageDraw.Draw(canvas)
           ^^^^^^^^^
NameError: name 'ImageDraw' is not defined
2026-10-02 15:06:01 - coconut_grading_ai - ERROR - Analysis error for 6_jpg.rf.ae02ac081a2915e3957d00f91e3fa905.jpg
Traceback (most recent call last):
  File "D:\Project\New folder\finalp\finalp\app_integrated.py", line 1996, in app_page
    detection_data = detect_bunch_coconuts(
        detector_fn=detect_coconuts_openvino,
    ...<2 lines>...
        conf_threshold=conf_threshold,
    )
  File "D:\Project\New folder\finalp\finalp\app_integrated.py", line 1157, in detect_bunch_coconuts
    "plotted_image": _draw_bunch_boxes(image, final_boxes),
                     ~~~~~~~~~~~~~~~~~^^^^^^^^^^^^^^^^^^^^
  File "D:\Project\New folder\finalp\finalp\app_integrated.py", line 981, in _draw_bunch_boxes
    draw = ImageDraw.Draw(canvas)
           ^^^^^^^^^
NameError: name 'ImageDraw' is not defined
2026-10-02 15:06:01 - coconut_grading_ai - ERROR - Analysis error for 6_jpg.rf.ae02ac081a2915e3957d00f91e3fa905.jpg
Traceback (most recent call last):
  File "D:\Project\New folder\finalp\finalp\app_integrated.py", line 1996, in app_page
    detection_data = detect_bunch_coconuts(
        detector_fn=detect_coconuts_openvino,
    ...<2 lines>...
        conf_threshold=conf_threshold,
    )
  File "D:\Project\New folder\finalp\finalp\app_integrated.py", line 1157, in detect_bunch_coconuts
    "plotted_image": _draw_bunch_boxes(image, final_boxes),
                     ~~~~~~~~~~~~~~~~~^^^^^^^^^^^^^^^^^^^^
  File "D:\Project\New folder\finalp\finalp\app_integrated.py", line 981, in _draw_bunch_boxes
    draw = ImageDraw.Draw(canvas)
           ^^^^^^^^^
NameError: name 'ImageDraw' is not defined
2026-10-02 15:06:01 - coconut_grading_ai - ERROR - Analysis error for 6_jpg.rf.ae02ac081a2915e3957d00f91e3fa905.jpg
Traceback (most recent call last):
  File "D:\Project\New folder\finalp\finalp\app_integrated.py", line 1996, in app_page
    detection_data = detect_bunch_coconuts(
        detector_fn=detect_coconuts_openvino,
    ...<2 lines>...
        conf_threshold=conf_threshold,
    )
  File "D:\Project\New folder\finalp\finalp\app_integrated.py", line 1157, in detect_bunch_coconuts
    "plotted_image": _draw_bunch_boxes(image, final_boxes),
                     ~~~~~~~~~~~~~~~~~^^^^^^^^^^^^^^^^^^^^
  File "D:\Project\New folder\finalp\finalp\app_integrated.py", line 981, in _draw_bunch_boxes
    draw = ImageDraw.Draw(canvas)
           ^^^^^^^^^
NameError: name 'ImageDraw' is not defined
2026-10-02 15:06:01 - coconut_grading_ai - ERROR - Analysis error for 6_jpg.rf.ae02ac081a2915e3957d00f91e3fa905.jpg
Traceback (most recent call last):
  File "D:\Project\New folder\finalp\finalp\app_integrated.py", line 1996, in app_page
    detection_data = detect_bunch_coconuts(
        detector_fn=detect_coconuts_openvino,
    ...<2 lines>...
        conf_threshold=conf_threshold,
    )
  File "D:\Project\New folder\finalp\finalp\app_integrated.py", line 1157, in detect_bunch_coconuts
    "plotted_image": _draw_bunch_boxes(image, final_boxes),
                     ~~~~~~~~~~~~~~~~~^^^^^^^^^^^^^^^^^^^^
  File "D:\Project\New folder\finalp\finalp\app_integrated.py", line 981, in _draw_bunch_boxes
    draw = ImageDraw.Draw(canvas)
           ^^^^^^^^^
NameError: name 'ImageDraw' is not defined
2026-10-02 15:06:01 - coconut_grading_ai - ERROR - Analysis error for 6_jpg.rf.ae02ac081a2915e3957d00f91e3fa905.jpg
Traceback (most recent call last):
  File "D:\Project\New folder\finalp\finalp\app_integrated.py", line 1996, in app_page
    detection_data = detect_bunch_coconuts(
        detector_fn=detect_coconuts_openvino,
    ...<2 lines>...
        conf_threshold=conf_threshold,
    )
  File "D:\Project\New folder\finalp\finalp\app_integrated.py", line 1157, in detect_bunch_coconuts
    "plotted_image": _draw_bunch_boxes(image, final_boxes),
                     ~~~~~~~~~~~~~~~~~^^^^^^^^^^^^^^^^^^^^
  File "D:\Project\New folder\finalp\finalp\app_integrated.py", line 981, in _draw_bunch_boxes
    draw = ImageDraw.Draw(canvas)
           ^^^^^^^^^
NameError: name 'ImageDraw' is not defined
2026-10-02 15:06:01 - coconut_grading_ai - ERROR - Analysis error for 6_jpg.rf.ae02ac081a2915e3957d00f91e3fa905.jpg
Traceback (most recent call last):
  File "D:\Project\New folder\finalp\finalp\app_integrated.py", line 1996, in app_page
    detection_data = detect_bunch_coconuts(
        detector_fn=detect_coconuts_openvino,
    ...<2 lines>...
        conf_threshold=conf_threshold,
    )
  File "D:\Project\New folder\finalp\finalp\app_integrated.py", line 1157, in detect_bunch_coconuts
    "plotted_image": _draw_bunch_boxes(image, final_boxes),
                     ~~~~~~~~~~~~~~~~~^^^^^^^^^^^^^^^^^^^^
  File "D:\Project\New folder\finalp\finalp\app_integrated.py", line 981, in _draw_bunch_boxes
    draw = ImageDraw.Draw(canvas)
           ^^^^^^^^^
NameError: name 'ImageDraw' is not defined
2026-10-02 15:06:01 - coconut_grading_ai - ERROR - Analysis error for 6_jpg.rf.ae02ac081a2915e3957d00f91e3fa905.jpg
Traceback (most recent call last):
  File "D:\Project\New folder\finalp\finalp\app_integrated.py", line 1996, in app_page
    detection_data = detect_bunch_coconuts(
        detector_fn=detect_coconuts_openvino,
    ...<2 lines>...
        conf_threshold=conf_threshold,
    )
  File "D:\Project\New folder\finalp\finalp\app_integrated.py", line 1157, in detect_bunch_coconuts
    "plotted_image": _draw_bunch_boxes(image, final_boxes),
                     ~~~~~~~~~~~~~~~~~^^^^^^^^^^^^^^^^^^^^
  File "D:\Project\New folder\finalp\finalp\app_integrated.py", line 981, in _draw_bunch_boxes
    draw = ImageDraw.Draw(canvas)
           ^^^^^^^^^
NameError: name 'ImageDraw' is not defined
2026-10-02 15:06:01 - coconut_grading_ai - ERROR - Analysis error for 6_jpg.rf.ae02ac081a2915e3957d00f91e3fa905.jpg
Traceback (most recent call last):
  File "D:\Project\New folder\finalp\finalp\app_integrated.py", line 1996, in app_page
    detection_data = detect_bunch_coconuts(
        detector_fn=detect_coconuts_openvino,
    ...<2 lines>...
        conf_threshold=conf_threshold,
    )
  File "D:\Project\New folder\finalp\finalp\app_integrated.py", line 1157, in detect_bunch_coconuts
    "plotted_image": _draw_bunch_boxes(image, final_boxes),
                     ~~~~~~~~~~~~~~~~~^^^^^^^^^^^^^^^^^^^^
  File "D:\Project\New folder\finalp\finalp\app_integrated.py", line 981, in _draw_bunch_boxes
    draw = ImageDraw.Draw(canvas)
           ^^^^^^^^^
NameError: name 'ImageDraw' is not defined
2026-10-02 15:06:01 - coconut_grading_ai - ERROR - Analysis error for 6_jpg.rf.ae02ac081a2915e3957d00f91e3fa905.jpg
Traceback (most recent call last):
  File "D:\Project\New folder\finalp\finalp\app_integrated.py", line 1996, in app_page
    detection_data = detect_bunch_coconuts(
        detector_fn=detect_coconuts_openvino,
    ...<2 lines>...
        conf_threshold=conf_threshold,
    )
  File "D:\Project\New folder\finalp\finalp\app_integrated.py", line 1157, in detect_bunch_coconuts
    "plotted_image": _draw_bunch_boxes(image, final_boxes),
                     ~~~~~~~~~~~~~~~~~^^^^^^^^^^^^^^^^^^^^
  File "D:\Project\New folder\finalp\finalp\app_integrated.py", line 981, in _draw_bunch_boxes
    draw = ImageDraw.Draw(canvas)
           ^^^^^^^^^
NameError: name 'ImageDraw' is not defined
2026-10-02 15:06:01 - coconut_grading_ai - ERROR - Analysis error for 6_jpg.rf.ae02ac081a2915e3957d00f91e3fa905.jpg
Traceback (most recent call last):
  File "D:\Project\New folder\finalp\finalp\app_integrated.py", line 1996, in app_page
    detection_data = detect_bunch_coconuts(
        detector_fn=detect_coconuts_openvino,
    ...<2 lines>...
        conf_threshold=conf_threshold,
    )
  File "D:\Project\New folder\finalp\finalp\app_integrated.py", line 1157, in detect_bunch_coconuts
    "plotted_image": _draw_bunch_boxes(image, final_boxes),
                     ~~~~~~~~~~~~~~~~~^^^^^^^^^^^^^^^^^^^^
  File "D:\Project\New folder\finalp\finalp\app_integrated.py", line 981, in _draw_bunch_boxes
    draw = ImageDraw.Draw(canvas)
           ^^^^^^^^^
NameError: name 'ImageDraw' is not defined
2026-10-02 15:06:01 - coconut_grading_ai - ERROR - Analysis error for 6_jpg.rf.ae02ac081a2915e3957d00f91e3fa905.jpg
Traceback (most recent call last):
  File "D:\Project\New folder\finalp\finalp\app_integrated.py", line 1996, in app_page
    detection_data = detect_bunch_coconuts(
        detector_fn=detect_coconuts_openvino,
    ...<2 lines>...
        conf_threshold=conf_threshold,
    )
  File "D:\Project\New folder\finalp\finalp\app_integrated.py", line 1157, in detect_bunch_coconuts
    "plotted_image": _draw_bunch_boxes(image, final_boxes),
                     ~~~~~~~~~~~~~~~~~^^^^^^^^^^^^^^^^^^^^
  File "D:\Project\New folder\finalp\finalp\app_integrated.py", line 981, in _draw_bunch_boxes
    draw = ImageDraw.Draw(canvas)
           ^^^^^^^^^
NameError: name 'ImageDraw' is not defined
2026-10-02 15:06:01 - coconut_grading_ai - ERROR - Analysis error for 6_jpg.rf.ae02ac081a2915e3957d00f91e3fa905.jpg
Traceback (most recent call last):
  File "D:\Project\New folder\finalp\finalp\app_integrated.py", line 1996, in app_page
    detection_data = detect_bunch_coconuts(
        detector_fn=detect_coconuts_openvino,
    ...<2 lines>...
        conf_threshold=conf_threshold,
    )
  File "D:\Project\New folder\finalp\finalp\app_integrated.py", line 1157, in detect_bunch_coconuts
    "plotted_image": _draw_bunch_boxes(image, final_boxes),
                     ~~~~~~~~~~~~~~~~~^^^^^^^^^^^^^^^^^^^^
  File "D:\Project\New folder\finalp\finalp\app_integrated.py", line 981, in _draw_bunch_boxes
    draw = ImageDraw.Draw(canvas)
           ^^^^^^^^^
NameError: name 'ImageDraw' is not defined
2026-10-02 15:06:01 - coconut_grading_ai - ERROR - Analysis error for 6_jpg.rf.ae02ac081a2915e3957d00f91e3fa905.jpg
Traceback (most recent call last):
  File "D:\Project\New folder\finalp\finalp\app_integrated.py", line 1996, in app_page
    detection_data = detect_bunch_coconuts(
        detector_fn=detect_coconuts_openvino,
    ...<2 lines>...
        conf_threshold=conf_threshold,
    )
  File "D:\Project\New folder\finalp\finalp\app_integrated.py", line 1157, in detect_bunch_coconuts
    "plotted_image": _draw_bunch_boxes(image, final_boxes),
                     ~~~~~~~~~~~~~~~~~^^^^^^^^^^^^^^^^^^^^
  File "D:\Project\New folder\finalp\finalp\app_integrated.py", line 981, in _draw_bunch_boxes
    draw = ImageDraw.Draw(canvas)
           ^^^^^^^^^
NameError: name 'ImageDraw' is not defined
2026-10-02 15:06:01 - coconut_grading_ai - ERROR - Analysis error for 6_jpg.rf.ae02ac081a2915e3957d00f91e3fa905.jpg
Traceback (most recent call last):
  File "D:\Project\New folder\finalp\finalp\app_integrated.py", line 1996, in app_page
    detection_data = detect_bunch_coconuts(
        detector_fn=detect_coconuts_openvino,
    ...<2 lines>...
        conf_threshold=conf_threshold,
    )
  File "D:\Project\New folder\finalp\finalp\app_integrated.py", line 1157, in detect_bunch_coconuts
    "plotted_image": _draw_bunch_boxes(image, final_boxes),
                     ~~~~~~~~~~~~~~~~~^^^^^^^^^^^^^^^^^^^^
  File "D:\Project\New folder\finalp\finalp\app_integrated.py", line 981, in _draw_bunch_boxes
    draw = ImageDraw.Draw(canvas)
           ^^^^^^^^^
NameError: name 'ImageDraw' is not defined
2026-10-02 15:06:01 - coconut_grading_ai - ERROR - Analysis error for 6_jpg.rf.ae02ac081a2915e3957d00f91e3fa905.jpg
Traceback (most recent call last):
  File "D:\Project\New folder\finalp\finalp\app_integrated.py", line 1996, in app_page
    detection_data = detect_bunch_coconuts(
        detector_fn=detect_coconuts_openvino,
    ...<2 lines>...
        conf_threshold=conf_threshold,
    )
  File "D:\Project\New folder\finalp\finalp\app_integrated.py", line 1157, in detect_bunch_coconuts
    "plotted_image": _draw_bunch_boxes(image, final_boxes),
                     ~~~~~~~~~~~~~~~~~^^^^^^^^^^^^^^^^^^^^
  File "D:\Project\New folder\finalp\finalp\app_integrated.py", line 981, in _draw_bunch_boxes
    draw = ImageDraw.Draw(canvas)
           ^^^^^^^^^
NameError: name 'ImageDraw' is not defined
2026-10-02 15:06:01 - coconut_grading_ai - ERROR - Analysis error for 6_jpg.rf.ae02ac081a2915e3957d00f91e3fa905.jpg
Traceback (most recent call last):
  File "D:\Project\New folder\finalp\finalp\app_integrated.py", line 1996, in app_page
    detection_data = detect_bunch_coconuts(
        detector_fn=detect_coconuts_openvino,
    ...<2 lines>...
        conf_threshold=conf_threshold,
    )
  File "D:\Project\New folder\finalp\finalp\app_integrated.py", line 1157, in detect_bunch_coconuts
    "plotted_image": _draw_bunch_boxes(image, final_boxes),
                     ~~~~~~~~~~~~~~~~~^^^^^^^^^^^^^^^^^^^^
  File "D:\Project\New folder\finalp\finalp\app_integrated.py", line 981, in _draw_bunch_boxes
    draw = ImageDraw.Draw(canvas)
           ^^^^^^^^^
NameError: name 'ImageDraw' is not defined
2026-10-02 15:06:01 - coconut_grading_ai - ERROR - Analysis error for 6_jpg.rf.ae02ac081a2915e3957d00f91e3fa905.jpg
Traceback (most recent call last):
  File "D:\Project\New folder\finalp\finalp\app_integrated.py", line 1996, in app_page
    detection_data = detect_bunch_coconuts(
        detector_fn=detect_coconuts_openvino,
    ...<2 lines>...
        conf_threshold=conf_threshold,
    )
  File "D:\Project\New folder\finalp\finalp\app_integrated.py", line 1157, in detect_bunch_coconuts
    "plotted_image": _draw_bunch_boxes(image, final_boxes),
                     ~~~~~~~~~~~~~~~~~^^^^^^^^^^^^^^^^^^^^
  File "D:\Project\New folder\finalp\finalp\app_integrated.py", line 981, in _draw_bunch_boxes
    draw = ImageDraw.Draw(canvas)
           ^^^^^^^^^
NameError: name 'ImageDraw' is not defined
2026-10-02 15:06:01 - coconut_grading_ai - ERROR - Analysis error for 6_jpg.rf.ae02ac081a2915e3957d00f91e3fa905.jpg
Traceback (most recent call last):
  File "D:\Project\New folder\finalp\finalp\app_integrated.py", line 1996, in app_page
    detection_data = detect_bunch_coconuts(
        detector_fn=detect_coconuts_openvino,
    ...<2 lines>...
        conf_threshold=conf_threshold,
    )
  File "D:\Project\New folder\finalp\finalp\app_integrated.py", line 1157, in detect_bunch_coconuts
    "plotted_image": _draw_bunch_boxes(image, final_boxes),
                     ~~~~~~~~~~~~~~~~~^^^^^^^^^^^^^^^^^^^^
  File "D:\Project\New folder\finalp\finalp\app_integrated.py", line 981, in _draw_bunch_boxes
    draw = ImageDraw.Draw(canvas)
           ^^^^^^^^^
NameError: name 'ImageDraw' is not defined
2026-10-02 15:06:01 - coconut_grading_ai - ERROR - Analysis error for 6_jpg.rf.ae02ac081a2915e3957d00f91e3fa905.jpg
Traceback (most recent call last):
  File "D:\Project\New folder\finalp\finalp\app_integrated.py", line 1996, in app_page
    detection_data = detect_bunch_coconuts(
        detector_fn=detect_coconuts_openvino,
    ...<2 lines>...
        conf_threshold=conf_threshold,
    )
  File "D:\Project\New folder\finalp\finalp\app_integrated.py", line 1157, in detect_bunch_coconuts
    "plotted_image": _draw_bunch_boxes(image, final_boxes),
                     ~~~~~~~~~~~~~~~~~^^^^^^^^^^^^^^^^^^^^
  File "D:\Project\New folder\finalp\finalp\app_integrated.py", line 981, in _draw_bunch_boxes
    draw = ImageDraw.Draw(canvas)
           ^^^^^^^^^
NameError: name 'ImageDraw' is not defined
2026-10-02 15:06:01 - coconut_grading_ai - ERROR - Analysis error for 6_jpg.rf.ae02ac081a2915e3957d00f91e3fa905.jpg
Traceback (most recent call last):
  File "D:\Project\New folder\finalp\finalp\app_integrated.py", line 1996, in app_page
    detection_data = detect_bunch_coconuts(
        detector_fn=detect_coconuts_openvino,
    ...<2 lines>...
        conf_threshold=conf_threshold,
    )
  File "D:\Project\New folder\finalp\finalp\app_integrated.py", line 1157, in detect_bunch_coconuts
    "plotted_image": _draw_bunch_boxes(image, final_boxes),
                     ~~~~~~~~~~~~~~~~~^^^^^^^^^^^^^^^^^^^^
  File "D:\Project\New folder\finalp\finalp\app_integrated.py", line 981, in _draw_bunch_boxes
    draw = ImageDraw.Draw(canvas)
           ^^^^^^^^^
NameError: name 'ImageDraw' is not defined
2026-10-02 15:06:01 - coconut_grading_ai - ERROR - Analysis error for 6_jpg.rf.ae02ac081a2915e3957d00f91e3fa905.jpg
Traceback (most recent call last):
  File "D:\Project\New folder\finalp\finalp\app_integrated.py", line 1996, in app_page
    detection_data = detect_bunch_coconuts(
        detector_fn=detect_coconuts_openvino,
    ...<2 lines>...
        conf_threshold=conf_threshold,
    )
  File "D:\Project\New folder\finalp\finalp\app_integrated.py", line 1157, in detect_bunch_coconuts
    "plotted_image": _draw_bunch_boxes(image, final_boxes),
                     ~~~~~~~~~~~~~~~~~^^^^^^^^^^^^^^^^^^^^
  File "D:\Project\New folder\finalp\finalp\app_integrated.py", line 981, in _draw_bunch_boxes
    draw = ImageDraw.Draw(canvas)
           ^^^^^^^^^
NameError: name 'ImageDraw' is not defined
2026-10-02 15:06:01 - coconut_grading_ai - ERROR - Analysis error for 6_jpg.rf.ae02ac081a2915e3957d00f91e3fa905.jpg
Traceback (most recent call last):
  File "D:\Project\New folder\finalp\finalp\app_integrated.py", line 1996, in app_page
    detection_data = detect_bunch_coconuts(
        detector_fn=detect_coconuts_openvino,
    ...<2 lines>...
        conf_threshold=conf_threshold,
    )
  File "D:\Project\New folder\finalp\finalp\app_integrated.py", line 1157, in detect_bunch_coconuts
    "plotted_image": _draw_bunch_boxes(image, final_boxes),
                     ~~~~~~~~~~~~~~~~~^^^^^^^^^^^^^^^^^^^^
  File "D:\Project\New folder\finalp\finalp\app_integrated.py", line 981, in _draw_bunch_boxes
    draw = ImageDraw.Draw(canvas)
           ^^^^^^^^^
NameError: name 'ImageDraw' is not defined
2026-10-02 15:11:58 - coconut_grading_ai - INFO - YOLO model loaded successfully
2026-10-02 15:11:58 - coconut_grading_ai - INFO - OpenVINO model loaded successfully: D:\Project\New folder\finalp\finalp\models\coconut_yolo_v3\weights\best_openvino_model
2026-10-02 15:15:32 - coconut_grading_ai - INFO - YOLO model loaded successfully
2026-10-02 15:15:32 - coconut_grading_ai - INFO - YOLO model loaded successfully
2026-10-02 15:15:32 - coconut_grading_ai - INFO - OpenVINO model loaded successfully: D:\Project\New folder\finalp\finalp\models\coconut_yolo_v3\weights\best_openvino_model
2026-10-02 15:15:32 - coconut_grading_ai - INFO - OpenVINO model loaded successfully: D:\Project\New folder\finalp\finalp\models\coconut_yolo_v3\weights\best_openvino_model
2026-10-02 15:15:37 - coconut_grading_ai - INFO - YOLO model loaded successfully
2026-10-02 15:15:37 - coconut_grading_ai - INFO - YOLO model loaded successfully
2026-10-02 15:15:37 - coconut_grading_ai - INFO - YOLO model loaded successfully
2026-10-02 15:15:37 - coconut_grading_ai - INFO - OpenVINO model loaded successfully: D:\Project\New folder\finalp\finalp\models\coconut_yolo_v3\weights\best_openvino_model
2026-10-02 15:15:37 - coconut_grading_ai - INFO - OpenVINO model loaded successfully: D:\Project\New folder\finalp\finalp\models\coconut_yolo_v3\weights\best_openvino_model
2026-10-02 15:15:37 - coconut_grading_ai - INFO - OpenVINO model loaded successfully: D:\Project\New folder\finalp\finalp\models\coconut_yolo_v3\weights\best_openvino_model
2026-10-02 15:15:39 - coconut_grading_ai - INFO - YOLO model loaded successfully
2026-10-02 15:15:39 - coconut_grading_ai - INFO - YOLO model loaded successfully
2026-10-02 15:15:39 - coconut_grading_ai - INFO - YOLO model loaded successfully
2026-10-02 15:15:39 - coconut_grading_ai - INFO - YOLO model loaded successfully
2026-10-02 15:15:39 - coconut_grading_ai - INFO - OpenVINO model loaded successfully: D:\Project\New folder\finalp\finalp\models\coconut_yolo_v3\weights\best_openvino_model
2026-10-02 15:15:39 - coconut_grading_ai - INFO - OpenVINO model loaded successfully: D:\Project\New folder\finalp\finalp\models\coconut_yolo_v3\weights\best_openvino_model
2026-10-02 15:15:39 - coconut_grading_ai - INFO - OpenVINO model loaded successfully: D:\Project\New folder\finalp\finalp\models\coconut_yolo_v3\weights\best_openvino_model
2026-10-02 15:15:39 - coconut_grading_ai - INFO - OpenVINO model loaded successfully: D:\Project\New folder\finalp\finalp\models\coconut_yolo_v3\weights\best_openvino_model
2026-10-02 15:15:39 - coconut_grading_ai - INFO - User Action: user=vishnu, action=login, details=successful
2026-10-02 15:15:39 - coconut_grading_ai - INFO - User Action: user=vishnu, action=login, details=successful
2026-10-02 15:15:39 - coconut_grading_ai - INFO - User Action: user=vishnu, action=login, details=successful
2026-10-02 15:15:39 - coconut_grading_ai - INFO - User Action: user=vishnu, action=login, details=successful
2026-10-02 15:15:39 - coconut_grading_ai - INFO - YOLO model loaded successfully
2026-10-02 15:15:39 - coconut_grading_ai - INFO - YOLO model loaded successfully
2026-10-02 15:15:39 - coconut_grading_ai - INFO - YOLO model loaded successfully
2026-10-02 15:15:39 - coconut_grading_ai - INFO - YOLO model loaded successfully
2026-10-02 15:15:39 - coconut_grading_ai - INFO - YOLO model loaded successfully
2026-10-02 15:15:39 - coconut_grading_ai - INFO - OpenVINO model loaded successfully: D:\Project\New folder\finalp\finalp\models\coconut_yolo_v3\weights\best_openvino_model
2026-10-02 15:15:39 - coconut_grading_ai - INFO - OpenVINO model loaded successfully: D:\Project\New folder\finalp\finalp\models\coconut_yolo_v3\weights\best_openvino_model
2026-10-02 15:15:39 - coconut_grading_ai - INFO - OpenVINO model loaded successfully: D:\Project\New folder\finalp\finalp\models\coconut_yolo_v3\weights\best_openvino_model
2026-10-02 15:15:39 - coconut_grading_ai - INFO - OpenVINO model loaded successfully: D:\Project\New folder\finalp\finalp\models\coconut_yolo_v3\weights\best_openvino_model
2026-10-02 15:15:39 - coconut_grading_ai - INFO - OpenVINO model loaded successfully: D:\Project\New folder\finalp\finalp\models\coconut_yolo_v3\weights\best_openvino_model
2026-10-02 15:15:46 - coconut_grading_ai - INFO - YOLO model loaded successfully
2026-10-02 15:15:46 - coconut_grading_ai - INFO - YOLO model loaded successfully
2026-10-02 15:15:46 - coconut_grading_ai - INFO - YOLO model loaded successfully
2026-10-02 15:15:46 - coconut_grading_ai - INFO - YOLO model loaded successfully
2026-10-02 15:15:46 - coconut_grading_ai - INFO - YOLO model loaded successfully
2026-10-02 15:15:46 - coconut_grading_ai - INFO - YOLO model loaded successfully
2026-10-02 15:15:46 - coconut_grading_ai - INFO - OpenVINO model loaded successfully: D:\Project\New folder\finalp\finalp\models\coconut_yolo_v3\weights\best_openvino_model
2026-10-02 15:15:46 - coconut_grading_ai - INFO - OpenVINO model loaded successfully: D:\Project\New folder\finalp\finalp\models\coconut_yolo_v3\weights\best_openvino_model
2026-10-02 15:15:46 - coconut_grading_ai - INFO - OpenVINO model loaded successfully: D:\Project\New folder\finalp\finalp\models\coconut_yolo_v3\weights\best_openvino_model
2026-10-02 15:15:46 - coconut_grading_ai - INFO - OpenVINO model loaded successfully: D:\Project\New folder\finalp\finalp\models\coconut_yolo_v3\weights\best_openvino_model
2026-10-02 15:15:46 - coconut_grading_ai - INFO - OpenVINO model loaded successfully: D:\Project\New folder\finalp\finalp\models\coconut_yolo_v3\weights\best_openvino_model
2026-10-02 15:15:46 - coconut_grading_ai - INFO - OpenVINO model loaded successfully: D:\Project\New folder\finalp\finalp\models\coconut_yolo_v3\weights\best_openvino_model
2026-10-02 15:15:49 - coconut_grading_ai - INFO - YOLO model loaded successfully
2026-10-02 15:15:49 - coconut_grading_ai - INFO - YOLO model loaded successfully
2026-10-02 15:15:49 - coconut_grading_ai - INFO - YOLO model loaded successfully
2026-10-02 15:15:49 - coconut_grading_ai - INFO - YOLO model loaded successfully
2026-10-02 15:15:49 - coconut_grading_ai - INFO - YOLO model loaded successfully
2026-10-02 15:15:49 - coconut_grading_ai - INFO - YOLO model loaded successfully
2026-10-02 15:15:49 - coconut_grading_ai - INFO - YOLO model loaded successfully
2026-10-02 15:15:49 - coconut_grading_ai - INFO - OpenVINO model loaded successfully: D:\Project\New folder\finalp\finalp\models\coconut_yolo_v3\weights\best_openvino_model
2026-10-02 15:15:49 - coconut_grading_ai - INFO - OpenVINO model loaded successfully: D:\Project\New folder\finalp\finalp\models\coconut_yolo_v3\weights\best_openvino_model
2026-10-02 15:15:49 - coconut_grading_ai - INFO - OpenVINO model loaded successfully: D:\Project\New folder\finalp\finalp\models\coconut_yolo_v3\weights\best_openvino_model
2026-10-02 15:15:49 - coconut_grading_ai - INFO - OpenVINO model loaded successfully: D:\Project\New folder\finalp\finalp\models\coconut_yolo_v3\weights\best_openvino_model
2026-10-02 15:15:49 - coconut_grading_ai - INFO - OpenVINO model loaded successfully: D:\Project\New folder\finalp\finalp\models\coconut_yolo_v3\weights\best_openvino_model
2026-10-02 15:15:49 - coconut_grading_ai - INFO - OpenVINO model loaded successfully: D:\Project\New folder\finalp\finalp\models\coconut_yolo_v3\weights\best_openvino_model
2026-10-02 15:15:49 - coconut_grading_ai - INFO - OpenVINO model loaded successfully: D:\Project\New folder\finalp\finalp\models\coconut_yolo_v3\weights\best_openvino_model
2026-10-02 15:15:55 - coconut_grading_ai - ERROR - Analysis error for 6_jpg.rf.ae02ac081a2915e3957d00f91e3fa905.jpg
Traceback (most recent call last):
  File "D:\Project\New folder\finalp\finalp\app_integrated.py", line 1996, in app_page
    detection_data = detect_bunch_coconuts(
        detector_fn=detect_coconuts_openvino,
    ...<2 lines>...
        conf_threshold=conf_threshold,
    )
  File "D:\Project\New folder\finalp\finalp\app_integrated.py", line 1157, in detect_bunch_coconuts
    "plotted_image": _draw_bunch_boxes(image, final_boxes),
                     ~~~~~~~~~~~~~~~~~^^^^^^^^^^^^^^^^^^^^
  File "D:\Project\New folder\finalp\finalp\app_integrated.py", line 981, in _draw_bunch_boxes
    draw = ImageDraw.Draw(canvas)
           ^^^^^^^^^
NameError: name 'ImageDraw' is not defined
2026-10-02 15:15:55 - coconut_grading_ai - ERROR - Analysis error for 6_jpg.rf.ae02ac081a2915e3957d00f91e3fa905.jpg
Traceback (most recent call last):
  File "D:\Project\New folder\finalp\finalp\app_integrated.py", line 1996, in app_page
    detection_data = detect_bunch_coconuts(
        detector_fn=detect_coconuts_openvino,
    ...<2 lines>...
        conf_threshold=conf_threshold,
    )
  File "D:\Project\New folder\finalp\finalp\app_integrated.py", line 1157, in detect_bunch_coconuts
    "plotted_image": _draw_bunch_boxes(image, final_boxes),
                     ~~~~~~~~~~~~~~~~~^^^^^^^^^^^^^^^^^^^^
  File "D:\Project\New folder\finalp\finalp\app_integrated.py", line 981, in _draw_bunch_boxes
    draw = ImageDraw.Draw(canvas)
           ^^^^^^^^^
NameError: name 'ImageDraw' is not defined
2026-10-02 15:15:55 - coconut_grading_ai - ERROR - Analysis error for 6_jpg.rf.ae02ac081a2915e3957d00f91e3fa905.jpg
Traceback (most recent call last):
  File "D:\Project\New folder\finalp\finalp\app_integrated.py", line 1996, in app_page
    detection_data = detect_bunch_coconuts(
        detector_fn=detect_coconuts_openvino,
    ...<2 lines>...
        conf_threshold=conf_threshold,
    )
  File "D:\Project\New folder\finalp\finalp\app_integrated.py", line 1157, in detect_bunch_coconuts
    "plotted_image": _draw_bunch_boxes(image, final_boxes),
                     ~~~~~~~~~~~~~~~~~^^^^^^^^^^^^^^^^^^^^
  File "D:\Project\New folder\finalp\finalp\app_integrated.py", line 981, in _draw_bunch_boxes
    draw = ImageDraw.Draw(canvas)
           ^^^^^^^^^
NameError: name 'ImageDraw' is not defined
2026-10-02 15:15:55 - coconut_grading_ai - ERROR - Analysis error for 6_jpg.rf.ae02ac081a2915e3957d00f91e3fa905.jpg
Traceback (most recent call last):
  File "D:\Project\New folder\finalp\finalp\app_integrated.py", line 1996, in app_page
    detection_data = detect_bunch_coconuts(
        detector_fn=detect_coconuts_openvino,
    ...<2 lines>...
        conf_threshold=conf_threshold,
    )
  File "D:\Project\New folder\finalp\finalp\app_integrated.py", line 1157, in detect_bunch_coconuts
    "plotted_image": _draw_bunch_boxes(image, final_boxes),
                     ~~~~~~~~~~~~~~~~~^^^^^^^^^^^^^^^^^^^^
  File "D:\Project\New folder\finalp\finalp\app_integrated.py", line 981, in _draw_bunch_boxes
    draw = ImageDraw.Draw(canvas)
           ^^^^^^^^^
NameError: name 'ImageDraw' is not defined
2026-10-02 15:15:55 - coconut_grading_ai - ERROR - Analysis error for 6_jpg.rf.ae02ac081a2915e3957d00f91e3fa905.jpg
Traceback (most recent call last):
  File "D:\Project\New folder\finalp\finalp\app_integrated.py", line 1996, in app_page
    detection_data = detect_bunch_coconuts(
        detector_fn=detect_coconuts_openvino,
    ...<2 lines>...
        conf_threshold=conf_threshold,
    )
  File "D:\Project\New folder\finalp\finalp\app_integrated.py", line 1157, in detect_bunch_coconuts
    "plotted_image": _draw_bunch_boxes(image, final_boxes),
                     ~~~~~~~~~~~~~~~~~^^^^^^^^^^^^^^^^^^^^
  File "D:\Project\New folder\finalp\finalp\app_integrated.py", line 981, in _draw_bunch_boxes
    draw = ImageDraw.Draw(canvas)
           ^^^^^^^^^
NameError: name 'ImageDraw' is not defined
2026-10-02 15:15:55 - coconut_grading_ai - ERROR - Analysis error for 6_jpg.rf.ae02ac081a2915e3957d00f91e3fa905.jpg
Traceback (most recent call last):
  File "D:\Project\New folder\finalp\finalp\app_integrated.py", line 1996, in app_page
    detection_data = detect_bunch_coconuts(
        detector_fn=detect_coconuts_openvino,
    ...<2 lines>...
        conf_threshold=conf_threshold,
    )
  File "D:\Project\New folder\finalp\finalp\app_integrated.py", line 1157, in detect_bunch_coconuts
    "plotted_image": _draw_bunch_boxes(image, final_boxes),
                     ~~~~~~~~~~~~~~~~~^^^^^^^^^^^^^^^^^^^^
  File "D:\Project\New folder\finalp\finalp\app_integrated.py", line 981, in _draw_bunch_boxes
    draw = ImageDraw.Draw(canvas)
           ^^^^^^^^^
NameError: name 'ImageDraw' is not defined
2026-10-02 15:15:55 - coconut_grading_ai - ERROR - Analysis error for 6_jpg.rf.ae02ac081a2915e3957d00f91e3fa905.jpg
Traceback (most recent call last):
  File "D:\Project\New folder\finalp\finalp\app_integrated.py", line 1996, in app_page
    detection_data = detect_bunch_coconuts(
        detector_fn=detect_coconuts_openvino,
    ...<2 lines>...
        conf_threshold=conf_threshold,
    )
  File "D:\Project\New folder\finalp\finalp\app_integrated.py", line 1157, in detect_bunch_coconuts
    "plotted_image": _draw_bunch_boxes(image, final_boxes),
                     ~~~~~~~~~~~~~~~~~^^^^^^^^^^^^^^^^^^^^
  File "D:\Project\New folder\finalp\finalp\app_integrated.py", line 981, in _draw_bunch_boxes
    draw = ImageDraw.Draw(canvas)
           ^^^^^^^^^
NameError: name 'ImageDraw' is not defined
2026-10-02 15:16:23 - coconut_grading_ai - INFO - YOLO model loaded successfully
2026-10-02 15:16:23 - coconut_grading_ai - INFO - YOLO model loaded successfully
2026-10-02 15:16:23 - coconut_grading_ai - INFO - YOLO model loaded successfully
2026-10-02 15:16:23 - coconut_grading_ai - INFO - YOLO model loaded successfully
2026-10-02 15:16:23 - coconut_grading_ai - INFO - YOLO model loaded successfully
2026-10-02 15:16:23 - coconut_grading_ai - INFO - YOLO model loaded successfully
2026-10-02 15:16:23 - coconut_grading_ai - INFO - YOLO model loaded successfully
2026-10-02 15:16:23 - coconut_grading_ai - INFO - YOLO model loaded successfully
2026-10-02 15:16:23 - coconut_grading_ai - INFO - OpenVINO model loaded successfully: D:\Project\New folder\finalp\finalp\models\coconut_yolo_v3\weights\best_openvino_model
2026-10-02 15:16:23 - coconut_grading_ai - INFO - OpenVINO model loaded successfully: D:\Project\New folder\finalp\finalp\models\coconut_yolo_v3\weights\best_openvino_model
2026-10-02 15:16:23 - coconut_grading_ai - INFO - OpenVINO model loaded successfully: D:\Project\New folder\finalp\finalp\models\coconut_yolo_v3\weights\best_openvino_model
2026-10-02 15:16:23 - coconut_grading_ai - INFO - OpenVINO model loaded successfully: D:\Project\New folder\finalp\finalp\models\coconut_yolo_v3\weights\best_openvino_model
2026-10-02 15:16:23 - coconut_grading_ai - INFO - OpenVINO model loaded successfully: D:\Project\New folder\finalp\finalp\models\coconut_yolo_v3\weights\best_openvino_model
2026-10-02 15:16:23 - coconut_grading_ai - INFO - OpenVINO model loaded successfully: D:\Project\New folder\finalp\finalp\models\coconut_yolo_v3\weights\best_openvino_model
2026-10-02 15:16:23 - coconut_grading_ai - INFO - OpenVINO model loaded successfully: D:\Project\New folder\finalp\finalp\models\coconut_yolo_v3\weights\best_openvino_model
2026-10-02 15:16:23 - coconut_grading_ai - INFO - OpenVINO model loaded successfully: D:\Project\New folder\finalp\finalp\models\coconut_yolo_v3\weights\best_openvino_model
2026-10-02 15:16:29 - coconut_grading_ai - INFO - YOLO model loaded successfully
2026-10-02 15:16:29 - coconut_grading_ai - INFO - YOLO model loaded successfully
2026-10-02 15:16:29 - coconut_grading_ai - INFO - YOLO model loaded successfully
2026-10-02 15:16:29 - coconut_grading_ai - INFO - YOLO model loaded successfully
2026-10-02 15:16:29 - coconut_grading_ai - INFO - YOLO model loaded successfully
2026-10-02 15:16:29 - coconut_grading_ai - INFO - YOLO model loaded successfully
2026-10-02 15:16:29 - coconut_grading_ai - INFO - YOLO model loaded successfully
2026-10-02 15:16:29 - coconut_grading_ai - INFO - YOLO model loaded successfully
2026-10-02 15:16:29 - coconut_grading_ai - INFO - YOLO model loaded successfully
2026-10-02 15:16:29 - coconut_grading_ai - INFO - OpenVINO model loaded successfully: D:\Project\New folder\finalp\finalp\models\coconut_yolo_v3\weights\best_openvino_model
2026-10-02 15:16:29 - coconut_grading_ai - INFO - OpenVINO model loaded successfully: D:\Project\New folder\finalp\finalp\models\coconut_yolo_v3\weights\best_openvino_model
2026-10-02 15:16:29 - coconut_grading_ai - INFO - OpenVINO model loaded successfully: D:\Project\New folder\finalp\finalp\models\coconut_yolo_v3\weights\best_openvino_model
2026-10-02 15:16:29 - coconut_grading_ai - INFO - OpenVINO model loaded successfully: D:\Project\New folder\finalp\finalp\models\coconut_yolo_v3\weights\best_openvino_model
2026-10-02 15:16:29 - coconut_grading_ai - INFO - OpenVINO model loaded successfully: D:\Project\New folder\finalp\finalp\models\coconut_yolo_v3\weights\best_openvino_model
2026-10-02 15:16:29 - coconut_grading_ai - INFO - OpenVINO model loaded successfully: D:\Project\New folder\finalp\finalp\models\coconut_yolo_v3\weights\best_openvino_model
2026-10-02 15:16:29 - coconut_grading_ai - INFO - OpenVINO model loaded successfully: D:\Project\New folder\finalp\finalp\models\coconut_yolo_v3\weights\best_openvino_model
2026-10-02 15:16:29 - coconut_grading_ai - INFO - OpenVINO model loaded successfully: D:\Project\New folder\finalp\finalp\models\coconut_yolo_v3\weights\best_openvino_model
2026-10-02 15:16:29 - coconut_grading_ai - INFO - OpenVINO model loaded successfully: D:\Project\New folder\finalp\finalp\models\coconut_yolo_v3\weights\best_openvino_model
2026-10-02 15:16:32 - coconut_grading_ai - INFO - YOLO model loaded successfully
2026-10-02 15:16:32 - coconut_grading_ai - INFO - YOLO model loaded successfully
2026-10-02 15:16:32 - coconut_grading_ai - INFO - YOLO model loaded successfully
2026-10-02 15:16:32 - coconut_grading_ai - INFO - YOLO model loaded successfully
2026-10-02 15:16:32 - coconut_grading_ai - INFO - YOLO model loaded successfully
2026-10-02 15:16:32 - coconut_grading_ai - INFO - YOLO model loaded successfully
2026-10-02 15:16:32 - coconut_grading_ai - INFO - YOLO model loaded successfully
2026-10-02 15:16:32 - coconut_grading_ai - INFO - YOLO model loaded successfully
2026-10-02 15:16:32 - coconut_grading_ai - INFO - YOLO model loaded successfully
2026-10-02 15:16:32 - coconut_grading_ai - INFO - YOLO model loaded successfully
2026-10-02 15:16:32 - coconut_grading_ai - INFO - OpenVINO model loaded successfully: D:\Project\New folder\finalp\finalp\models\coconut_yolo_v3\weights\best_openvino_model
2026-10-02 15:16:32 - coconut_grading_ai - INFO - OpenVINO model loaded successfully: D:\Project\New folder\finalp\finalp\models\coconut_yolo_v3\weights\best_openvino_model
2026-10-02 15:16:32 - coconut_grading_ai - INFO - OpenVINO model loaded successfully: D:\Project\New folder\finalp\finalp\models\coconut_yolo_v3\weights\best_openvino_model
2026-10-02 15:16:32 - coconut_grading_ai - INFO - OpenVINO model loaded successfully: D:\Project\New folder\finalp\finalp\models\coconut_yolo_v3\weights\best_openvino_model
2026-10-02 15:16:32 - coconut_grading_ai - INFO - OpenVINO model loaded successfully: D:\Project\New folder\finalp\finalp\models\coconut_yolo_v3\weights\best_openvino_model
2026-10-02 15:16:32 - coconut_grading_ai - INFO - OpenVINO model loaded successfully: D:\Project\New folder\finalp\finalp\models\coconut_yolo_v3\weights\best_openvino_model
2026-10-02 15:16:32 - coconut_grading_ai - INFO - OpenVINO model loaded successfully: D:\Project\New folder\finalp\finalp\models\coconut_yolo_v3\weights\best_openvino_model
2026-10-02 15:16:32 - coconut_grading_ai - INFO - OpenVINO model loaded successfully: D:\Project\New folder\finalp\finalp\models\coconut_yolo_v3\weights\best_openvino_model
2026-10-02 15:16:32 - coconut_grading_ai - INFO - OpenVINO model loaded successfully: D:\Project\New folder\finalp\finalp\models\coconut_yolo_v3\weights\best_openvino_model
2026-10-02 15:16:32 - coconut_grading_ai - INFO - OpenVINO model loaded successfully: D:\Project\New folder\finalp\finalp\models\coconut_yolo_v3\weights\best_openvino_model
2026-10-02 15:16:35 - coconut_grading_ai - INFO - YOLO model loaded successfully
2026-10-02 15:16:35 - coconut_grading_ai - INFO - YOLO model loaded successfully
2026-10-02 15:16:35 - coconut_grading_ai - INFO - YOLO model loaded successfully
2026-10-02 15:16:35 - coconut_grading_ai - INFO - YOLO model loaded successfully
2026-10-02 15:16:35 - coconut_grading_ai - INFO - YOLO model loaded successfully
2026-10-02 15:16:35 - coconut_grading_ai - INFO - YOLO model loaded successfully
2026-10-02 15:16:35 - coconut_grading_ai - INFO - YOLO model loaded successfully
2026-10-02 15:16:35 - coconut_grading_ai - INFO - YOLO model loaded successfully
2026-10-02 15:16:35 - coconut_grading_ai - INFO - YOLO model loaded successfully
2026-10-02 15:16:35 - coconut_grading_ai - INFO - YOLO model loaded successfully
2026-10-02 15:16:35 - coconut_grading_ai - INFO - YOLO model loaded successfully
2026-10-02 15:16:35 - coconut_grading_ai - INFO - OpenVINO model loaded successfully: D:\Project\New folder\finalp\finalp\models\coconut_yolo_v3\weights\best_openvino_model
2026-10-02 15:16:35 - coconut_grading_ai - INFO - OpenVINO model loaded successfully: D:\Project\New folder\finalp\finalp\models\coconut_yolo_v3\weights\best_openvino_model
2026-10-02 15:16:35 - coconut_grading_ai - INFO - OpenVINO model loaded successfully: D:\Project\New folder\finalp\finalp\models\coconut_yolo_v3\weights\best_openvino_model
2026-10-02 15:16:35 - coconut_grading_ai - INFO - OpenVINO model loaded successfully: D:\Project\New folder\finalp\finalp\models\coconut_yolo_v3\weights\best_openvino_model
2026-10-02 15:16:35 - coconut_grading_ai - INFO - OpenVINO model loaded successfully: D:\Project\New folder\finalp\finalp\models\coconut_yolo_v3\weights\best_openvino_model
2026-10-02 15:16:35 - coconut_grading_ai - INFO - OpenVINO model loaded successfully: D:\Project\New folder\finalp\finalp\models\coconut_yolo_v3\weights\best_openvino_model
2026-10-02 15:16:35 - coconut_grading_ai - INFO - OpenVINO model loaded successfully: D:\Project\New folder\finalp\finalp\models\coconut_yolo_v3\weights\best_openvino_model
2026-10-02 15:16:35 - coconut_grading_ai - INFO - OpenVINO model loaded successfully: D:\Project\New folder\finalp\finalp\models\coconut_yolo_v3\weights\best_openvino_model
2026-10-02 15:16:35 - coconut_grading_ai - INFO - OpenVINO model loaded successfully: D:\Project\New folder\finalp\finalp\models\coconut_yolo_v3\weights\best_openvino_model
2026-10-02 15:16:35 - coconut_grading_ai - INFO - OpenVINO model loaded successfully: D:\Project\New folder\finalp\finalp\models\coconut_yolo_v3\weights\best_openvino_model
2026-10-02 15:16:35 - coconut_grading_ai - INFO - OpenVINO model loaded successfully: D:\Project\New folder\finalp\finalp\models\coconut_yolo_v3\weights\best_openvino_model
2026-10-02 15:16:36 - coconut_grading_ai - INFO - User Action: user=vishnu, action=login, details=successful
2026-10-02 15:16:36 - coconut_grading_ai - INFO - User Action: user=vishnu, action=login, details=successful
2026-10-02 15:16:36 - coconut_grading_ai - INFO - User Action: user=vishnu, action=login, details=successful
2026-10-02 15:16:36 - coconut_grading_ai - INFO - User Action: user=vishnu, action=login, details=successful
2026-10-02 15:16:36 - coconut_grading_ai - INFO - User Action: user=vishnu, action=login, details=successful
2026-10-02 15:16:36 - coconut_grading_ai - INFO - User Action: user=vishnu, action=login, details=successful
2026-10-02 15:16:36 - coconut_grading_ai - INFO - User Action: user=vishnu, action=login, details=successful
2026-10-02 15:16:36 - coconut_grading_ai - INFO - User Action: user=vishnu, action=login, details=successful
2026-10-02 15:16:36 - coconut_grading_ai - INFO - User Action: user=vishnu, action=login, details=successful
2026-10-02 15:16:36 - coconut_grading_ai - INFO - User Action: user=vishnu, action=login, details=successful
2026-10-02 15:16:36 - coconut_grading_ai - INFO - User Action: user=vishnu, action=login, details=successful
2026-10-02 15:16:36 - coconut_grading_ai - INFO - YOLO model loaded successfully
2026-10-02 15:16:36 - coconut_grading_ai - INFO - YOLO model loaded successfully
2026-10-02 15:16:36 - coconut_grading_ai - INFO - YOLO model loaded successfully
2026-10-02 15:16:36 - coconut_grading_ai - INFO - YOLO model loaded successfully
2026-10-02 15:16:36 - coconut_grading_ai - INFO - YOLO model loaded successfully
2026-10-02 15:16:36 - coconut_grading_ai - INFO - YOLO model loaded successfully
2026-10-02 15:16:36 - coconut_grading_ai - INFO - YOLO model loaded successfully
2026-10-02 15:16:36 - coconut_grading_ai - INFO - YOLO model loaded successfully
2026-10-02 15:16:36 - coconut_grading_ai - INFO - YOLO model loaded successfully
2026-10-02 15:16:36 - coconut_grading_ai - INFO - YOLO model loaded successfully
2026-10-02 15:16:36 - coconut_grading_ai - INFO - YOLO model loaded successfully
2026-10-02 15:16:36 - coconut_grading_ai - INFO - YOLO model loaded successfully
2026-10-02 15:16:36 - coconut_grading_ai - INFO - OpenVINO model loaded successfully: D:\Project\New folder\finalp\finalp\models\coconut_yolo_v3\weights\best_openvino_model
2026-10-02 15:16:36 - coconut_grading_ai - INFO - OpenVINO model loaded successfully: D:\Project\New folder\finalp\finalp\models\coconut_yolo_v3\weights\best_openvino_model
2026-10-02 15:16:36 - coconut_grading_ai - INFO - OpenVINO model loaded successfully: D:\Project\New folder\finalp\finalp\models\coconut_yolo_v3\weights\best_openvino_model
2026-10-02 15:16:36 - coconut_grading_ai - INFO - OpenVINO model loaded successfully: D:\Project\New folder\finalp\finalp\models\coconut_yolo_v3\weights\best_openvino_model
2026-10-02 15:16:36 - coconut_grading_ai - INFO - OpenVINO model loaded successfully: D:\Project\New folder\finalp\finalp\models\coconut_yolo_v3\weights\best_openvino_model
2026-10-02 15:16:36 - coconut_grading_ai - INFO - OpenVINO model loaded successfully: D:\Project\New folder\finalp\finalp\models\coconut_yolo_v3\weights\best_openvino_model
2026-10-02 15:16:36 - coconut_grading_ai - INFO - OpenVINO model loaded successfully: D:\Project\New folder\finalp\finalp\models\coconut_yolo_v3\weights\best_openvino_model
2026-10-02 15:16:36 - coconut_grading_ai - INFO - OpenVINO model loaded successfully: D:\Project\New folder\finalp\finalp\models\coconut_yolo_v3\weights\best_openvino_model
2026-10-02 15:16:36 - coconut_grading_ai - INFO - OpenVINO model loaded successfully: D:\Project\New folder\finalp\finalp\models\coconut_yolo_v3\weights\best_openvino_model
2026-10-02 15:16:36 - coconut_grading_ai - INFO - OpenVINO model loaded successfully: D:\Project\New folder\finalp\finalp\models\coconut_yolo_v3\weights\best_openvino_model
2026-10-02 15:16:36 - coconut_grading_ai - INFO - OpenVINO model loaded successfully: D:\Project\New folder\finalp\finalp\models\coconut_yolo_v3\weights\best_openvino_model
2026-10-02 15:16:36 - coconut_grading_ai - INFO - OpenVINO model loaded successfully: D:\Project\New folder\finalp\finalp\models\coconut_yolo_v3\weights\best_openvino_model
2026-10-02 15:16:44 - coconut_grading_ai - INFO - YOLO model loaded successfully
2026-10-02 15:16:44 - coconut_grading_ai - INFO - YOLO model loaded successfully
2026-10-02 15:16:44 - coconut_grading_ai - INFO - YOLO model loaded successfully
2026-10-02 15:16:44 - coconut_grading_ai - INFO - YOLO model loaded successfully
2026-10-02 15:16:44 - coconut_grading_ai - INFO - YOLO model loaded successfully
2026-10-02 15:16:44 - coconut_grading_ai - INFO - YOLO model loaded successfully
2026-10-02 15:16:44 - coconut_grading_ai - INFO - YOLO model loaded successfully
2026-10-02 15:16:44 - coconut_grading_ai - INFO - YOLO model loaded successfully
2026-10-02 15:16:44 - coconut_grading_ai - INFO - YOLO model loaded successfully
2026-10-02 15:16:44 - coconut_grading_ai - INFO - YOLO model loaded successfully
2026-10-02 15:16:44 - coconut_grading_ai - INFO - YOLO model loaded successfully
2026-10-02 15:16:44 - coconut_grading_ai - INFO - YOLO model loaded successfully
2026-10-02 15:16:44 - coconut_grading_ai - INFO - YOLO model loaded successfully
2026-10-02 15:16:44 - coconut_grading_ai - INFO - OpenVINO model loaded successfully: D:\Project\New folder\finalp\finalp\models\coconut_yolo_v3\weights\best_openvino_model
2026-10-02 15:16:44 - coconut_grading_ai - INFO - OpenVINO model loaded successfully: D:\Project\New folder\finalp\finalp\models\coconut_yolo_v3\weights\best_openvino_model
2026-10-02 15:16:44 - coconut_grading_ai - INFO - OpenVINO model loaded successfully: D:\Project\New folder\finalp\finalp\models\coconut_yolo_v3\weights\best_openvino_model
2026-10-02 15:16:44 - coconut_grading_ai - INFO - OpenVINO model loaded successfully: D:\Project\New folder\finalp\finalp\models\coconut_yolo_v3\weights\best_openvino_model
2026-10-02 15:16:44 - coconut_grading_ai - INFO - OpenVINO model loaded successfully: D:\Project\New folder\finalp\finalp\models\coconut_yolo_v3\weights\best_openvino_model
2026-10-02 15:16:44 - coconut_grading_ai - INFO - OpenVINO model loaded successfully: D:\Project\New folder\finalp\finalp\models\coconut_yolo_v3\weights\best_openvino_model
2026-10-02 15:16:44 - coconut_grading_ai - INFO - OpenVINO model loaded successfully: D:\Project\New folder\finalp\finalp\models\coconut_yolo_v3\weights\best_openvino_model
2026-10-02 15:16:44 - coconut_grading_ai - INFO - OpenVINO model loaded successfully: D:\Project\New folder\finalp\finalp\models\coconut_yolo_v3\weights\best_openvino_model
2026-10-02 15:16:44 - coconut_grading_ai - INFO - OpenVINO model loaded successfully: D:\Project\New folder\finalp\finalp\models\coconut_yolo_v3\weights\best_openvino_model
2026-10-02 15:16:44 - coconut_grading_ai - INFO - OpenVINO model loaded successfully: D:\Project\New folder\finalp\finalp\models\coconut_yolo_v3\weights\best_openvino_model
2026-10-02 15:16:44 - coconut_grading_ai - INFO - OpenVINO model loaded successfully: D:\Project\New folder\finalp\finalp\models\coconut_yolo_v3\weights\best_openvino_model
2026-10-02 15:16:44 - coconut_grading_ai - INFO - OpenVINO model loaded successfully: D:\Project\New folder\finalp\finalp\models\coconut_yolo_v3\weights\best_openvino_model
2026-10-02 15:16:44 - coconut_grading_ai - INFO - OpenVINO model loaded successfully: D:\Project\New folder\finalp\finalp\models\coconut_yolo_v3\weights\best_openvino_model
2026-10-02 15:16:45 - coconut_grading_ai - INFO - YOLO model loaded successfully
2026-10-02 15:16:45 - coconut_grading_ai - INFO - YOLO model loaded successfully
2026-10-02 15:16:45 - coconut_grading_ai - INFO - YOLO model loaded successfully
2026-10-02 15:16:45 - coconut_grading_ai - INFO - YOLO model loaded successfully
2026-10-02 15:16:45 - coconut_grading_ai - INFO - YOLO model loaded successfully
2026-10-02 15:16:45 - coconut_grading_ai - INFO - YOLO model loaded successfully
2026-10-02 15:16:45 - coconut_grading_ai - INFO - YOLO model loaded successfully
2026-10-02 15:16:45 - coconut_grading_ai - INFO - YOLO model loaded successfully
2026-10-02 15:16:45 - coconut_grading_ai - INFO - YOLO model loaded successfully
2026-10-02 15:16:45 - coconut_grading_ai - INFO - YOLO model loaded successfully
2026-10-02 15:16:45 - coconut_grading_ai - INFO - YOLO model loaded successfully
2026-10-02 15:16:45 - coconut_grading_ai - INFO - YOLO model loaded successfully
2026-10-02 15:16:45 - coconut_grading_ai - INFO - YOLO model loaded successfully
2026-10-02 15:16:45 - coconut_grading_ai - INFO - YOLO model loaded successfully
2026-10-02 15:16:45 - coconut_grading_ai - INFO - OpenVINO model loaded successfully: D:\Project\New folder\finalp\finalp\models\coconut_yolo_v3\weights\best_openvino_model
2026-10-02 15:16:45 - coconut_grading_ai - INFO - OpenVINO model loaded successfully: D:\Project\New folder\finalp\finalp\models\coconut_yolo_v3\weights\best_openvino_model
2026-10-02 15:16:45 - coconut_grading_ai - INFO - OpenVINO model loaded successfully: D:\Project\New folder\finalp\finalp\models\coconut_yolo_v3\weights\best_openvino_model
2026-10-02 15:16:45 - coconut_grading_ai - INFO - OpenVINO model loaded successfully: D:\Project\New folder\finalp\finalp\models\coconut_yolo_v3\weights\best_openvino_model
2026-10-02 15:16:45 - coconut_grading_ai - INFO - OpenVINO model loaded successfully: D:\Project\New folder\finalp\finalp\models\coconut_yolo_v3\weights\best_openvino_model
2026-10-02 15:16:45 - coconut_grading_ai - INFO - OpenVINO model loaded successfully: D:\Project\New folder\finalp\finalp\models\coconut_yolo_v3\weights\best_openvino_model
2026-10-02 15:16:45 - coconut_grading_ai - INFO - OpenVINO model loaded successfully: D:\Project\New folder\finalp\finalp\models\coconut_yolo_v3\weights\best_openvino_model
2026-10-02 15:16:45 - coconut_grading_ai - INFO - OpenVINO model loaded successfully: D:\Project\New folder\finalp\finalp\models\coconut_yolo_v3\weights\best_openvino_model
2026-10-02 15:16:45 - coconut_grading_ai - INFO - OpenVINO model loaded successfully: D:\Project\New folder\finalp\finalp\models\coconut_yolo_v3\weights\best_openvino_model
2026-10-02 15:16:45 - coconut_grading_ai - INFO - OpenVINO model loaded successfully: D:\Project\New folder\finalp\finalp\models\coconut_yolo_v3\weights\best_openvino_model
2026-10-02 15:16:45 - coconut_grading_ai - INFO - OpenVINO model loaded successfully: D:\Project\New folder\finalp\finalp\models\coconut_yolo_v3\weights\best_openvino_model
2026-10-02 15:16:45 - coconut_grading_ai - INFO - OpenVINO model loaded successfully: D:\Project\New folder\finalp\finalp\models\coconut_yolo_v3\weights\best_openvino_model
2026-10-02 15:16:45 - coconut_grading_ai - INFO - OpenVINO model loaded successfully: D:\Project\New folder\finalp\finalp\models\coconut_yolo_v3\weights\best_openvino_model
2026-10-02 15:16:45 - coconut_grading_ai - INFO - OpenVINO model loaded successfully: D:\Project\New folder\finalp\finalp\models\coconut_yolo_v3\weights\best_openvino_model
2026-10-02 15:16:46 - coconut_grading_ai - ERROR - Analysis error for 6_jpg.rf.ae02ac081a2915e3957d00f91e3fa905.jpg
Traceback (most recent call last):
  File "D:\Project\New folder\finalp\finalp\app_integrated.py", line 1996, in app_page
    detection_data = detect_bunch_coconuts(
        detector_fn=detect_coconuts_openvino,
    ...<2 lines>...
        conf_threshold=conf_threshold,
    )
  File "D:\Project\New folder\finalp\finalp\app_integrated.py", line 1157, in detect_bunch_coconuts
    "plotted_image": _draw_bunch_boxes(image, final_boxes),
                     ~~~~~~~~~~~~~~~~~^^^^^^^^^^^^^^^^^^^^
  File "D:\Project\New folder\finalp\finalp\app_integrated.py", line 981, in _draw_bunch_boxes
    draw = ImageDraw.Draw(canvas)
           ^^^^^^^^^
NameError: name 'ImageDraw' is not defined
2026-10-02 15:16:46 - coconut_grading_ai - ERROR - Analysis error for 6_jpg.rf.ae02ac081a2915e3957d00f91e3fa905.jpg
Traceback (most recent call last):
  File "D:\Project\New folder\finalp\finalp\app_integrated.py", line 1996, in app_page
    detection_data = detect_bunch_coconuts(
        detector_fn=detect_coconuts_openvino,
    ...<2 lines>...
        conf_threshold=conf_threshold,
    )
  File "D:\Project\New folder\finalp\finalp\app_integrated.py", line 1157, in detect_bunch_coconuts
    "plotted_image": _draw_bunch_boxes(image, final_boxes),
                     ~~~~~~~~~~~~~~~~~^^^^^^^^^^^^^^^^^^^^
  File "D:\Project\New folder\finalp\finalp\app_integrated.py", line 981, in _draw_bunch_boxes
    draw = ImageDraw.Draw(canvas)
           ^^^^^^^^^
NameError: name 'ImageDraw' is not defined
2026-10-02 15:16:46 - coconut_grading_ai - ERROR - Analysis error for 6_jpg.rf.ae02ac081a2915e3957d00f91e3fa905.jpg
Traceback (most recent call last):
  File "D:\Project\New folder\finalp\finalp\app_integrated.py", line 1996, in app_page
    detection_data = detect_bunch_coconuts(
        detector_fn=detect_coconuts_openvino,
    ...<2 lines>...
        conf_threshold=conf_threshold,
    )
  File "D:\Project\New folder\finalp\finalp\app_integrated.py", line 1157, in detect_bunch_coconuts
    "plotted_image": _draw_bunch_boxes(image, final_boxes),
                     ~~~~~~~~~~~~~~~~~^^^^^^^^^^^^^^^^^^^^
  File "D:\Project\New folder\finalp\finalp\app_integrated.py", line 981, in _draw_bunch_boxes
    draw = ImageDraw.Draw(canvas)
           ^^^^^^^^^
NameError: name 'ImageDraw' is not defined
2026-10-02 15:16:46 - coconut_grading_ai - ERROR - Analysis error for 6_jpg.rf.ae02ac081a2915e3957d00f91e3fa905.jpg
Traceback (most recent call last):
  File "D:\Project\New folder\finalp\finalp\app_integrated.py", line 1996, in app_page
    detection_data = detect_bunch_coconuts(
        detector_fn=detect_coconuts_openvino,
    ...<2 lines>...
        conf_threshold=conf_threshold,
    )
  File "D:\Project\New folder\finalp\finalp\app_integrated.py", line 1157, in detect_bunch_coconuts
    "plotted_image": _draw_bunch_boxes(image, final_boxes),
                     ~~~~~~~~~~~~~~~~~^^^^^^^^^^^^^^^^^^^^
  File "D:\Project\New folder\finalp\finalp\app_integrated.py", line 981, in _draw_bunch_boxes
    draw = ImageDraw.Draw(canvas)
           ^^^^^^^^^
NameError: name 'ImageDraw' is not defined
2026-10-02 15:16:46 - coconut_grading_ai - ERROR - Analysis error for 6_jpg.rf.ae02ac081a2915e3957d00f91e3fa905.jpg
Traceback (most recent call last):
  File "D:\Project\New folder\finalp\finalp\app_integrated.py", line 1996, in app_page
    detection_data = detect_bunch_coconuts(
        detector_fn=detect_coconuts_openvino,
    ...<2 lines>...
        conf_threshold=conf_threshold,
    )
  File "D:\Project\New folder\finalp\finalp\app_integrated.py", line 1157, in detect_bunch_coconuts
    "plotted_image": _draw_bunch_boxes(image, final_boxes),
                     ~~~~~~~~~~~~~~~~~^^^^^^^^^^^^^^^^^^^^
  File "D:\Project\New folder\finalp\finalp\app_integrated.py", line 981, in _draw_bunch_boxes
    draw = ImageDraw.Draw(canvas)
           ^^^^^^^^^
NameError: name 'ImageDraw' is not defined
2026-10-02 15:16:46 - coconut_grading_ai - ERROR - Analysis error for 6_jpg.rf.ae02ac081a2915e3957d00f91e3fa905.jpg
Traceback (most recent call last):
  File "D:\Project\New folder\finalp\finalp\app_integrated.py", line 1996, in app_page
    detection_data = detect_bunch_coconuts(
        detector_fn=detect_coconuts_openvino,
    ...<2 lines>...
        conf_threshold=conf_threshold,
    )
  File "D:\Project\New folder\finalp\finalp\app_integrated.py", line 1157, in detect_bunch_coconuts
    "plotted_image": _draw_bunch_boxes(image, final_boxes),
                     ~~~~~~~~~~~~~~~~~^^^^^^^^^^^^^^^^^^^^
  File "D:\Project\New folder\finalp\finalp\app_integrated.py", line 981, in _draw_bunch_boxes
    draw = ImageDraw.Draw(canvas)
           ^^^^^^^^^
NameError: name 'ImageDraw' is not defined
2026-10-02 15:16:46 - coconut_grading_ai - ERROR - Analysis error for 6_jpg.rf.ae02ac081a2915e3957d00f91e3fa905.jpg
Traceback (most recent call last):
  File "D:\Project\New folder\finalp\finalp\app_integrated.py", line 1996, in app_page
    detection_data = detect_bunch_coconuts(
        detector_fn=detect_coconuts_openvino,
    ...<2 lines>...
        conf_threshold=conf_threshold,
    )
  File "D:\Project\New folder\finalp\finalp\app_integrated.py", line 1157, in detect_bunch_coconuts
    "plotted_image": _draw_bunch_boxes(image, final_boxes),
                     ~~~~~~~~~~~~~~~~~^^^^^^^^^^^^^^^^^^^^
  File "D:\Project\New folder\finalp\finalp\app_integrated.py", line 981, in _draw_bunch_boxes
    draw = ImageDraw.Draw(canvas)
           ^^^^^^^^^
NameError: name 'ImageDraw' is not defined
2026-10-02 15:16:46 - coconut_grading_ai - ERROR - Analysis error for 6_jpg.rf.ae02ac081a2915e3957d00f91e3fa905.jpg
Traceback (most recent call last):
  File "D:\Project\New folder\finalp\finalp\app_integrated.py", line 1996, in app_page
    detection_data = detect_bunch_coconuts(
        detector_fn=detect_coconuts_openvino,
    ...<2 lines>...
        conf_threshold=conf_threshold,
    )
  File "D:\Project\New folder\finalp\finalp\app_integrated.py", line 1157, in detect_bunch_coconuts
    "plotted_image": _draw_bunch_boxes(image, final_boxes),
                     ~~~~~~~~~~~~~~~~~^^^^^^^^^^^^^^^^^^^^
  File "D:\Project\New folder\finalp\finalp\app_integrated.py", line 981, in _draw_bunch_boxes
    draw = ImageDraw.Draw(canvas)
           ^^^^^^^^^
NameError: name 'ImageDraw' is not defined
2026-10-02 15:16:46 - coconut_grading_ai - ERROR - Analysis error for 6_jpg.rf.ae02ac081a2915e3957d00f91e3fa905.jpg
Traceback (most recent call last):
  File "D:\Project\New folder\finalp\finalp\app_integrated.py", line 1996, in app_page
    detection_data = detect_bunch_coconuts(
        detector_fn=detect_coconuts_openvino,
    ...<2 lines>...
        conf_threshold=conf_threshold,
    )
  File "D:\Project\New folder\finalp\finalp\app_integrated.py", line 1157, in detect_bunch_coconuts
    "plotted_image": _draw_bunch_boxes(image, final_boxes),
                     ~~~~~~~~~~~~~~~~~^^^^^^^^^^^^^^^^^^^^
  File "D:\Project\New folder\finalp\finalp\app_integrated.py", line 981, in _draw_bunch_boxes
    draw = ImageDraw.Draw(canvas)
           ^^^^^^^^^
NameError: name 'ImageDraw' is not defined
2026-10-02 15:16:46 - coconut_grading_ai - ERROR - Analysis error for 6_jpg.rf.ae02ac081a2915e3957d00f91e3fa905.jpg
Traceback (most recent call last):
  File "D:\Project\New folder\finalp\finalp\app_integrated.py", line 1996, in app_page
    detection_data = detect_bunch_coconuts(
        detector_fn=detect_coconuts_openvino,
    ...<2 lines>...
        conf_threshold=conf_threshold,
    )
  File "D:\Project\New folder\finalp\finalp\app_integrated.py", line 1157, in detect_bunch_coconuts
    "plotted_image": _draw_bunch_boxes(image, final_boxes),
                     ~~~~~~~~~~~~~~~~~^^^^^^^^^^^^^^^^^^^^
  File "D:\Project\New folder\finalp\finalp\app_integrated.py", line 981, in _draw_bunch_boxes
    draw = ImageDraw.Draw(canvas)
           ^^^^^^^^^
NameError: name 'ImageDraw' is not defined
2026-10-02 15:16:46 - coconut_grading_ai - ERROR - Analysis error for 6_jpg.rf.ae02ac081a2915e3957d00f91e3fa905.jpg
Traceback (most recent call last):
  File "D:\Project\New folder\finalp\finalp\app_integrated.py", line 1996, in app_page
    detection_data = detect_bunch_coconuts(
        detector_fn=detect_coconuts_openvino,
    ...<2 lines>...
        conf_threshold=conf_threshold,
    )
  File "D:\Project\New folder\finalp\finalp\app_integrated.py", line 1157, in detect_bunch_coconuts
    "plotted_image": _draw_bunch_boxes(image, final_boxes),
                     ~~~~~~~~~~~~~~~~~^^^^^^^^^^^^^^^^^^^^
  File "D:\Project\New folder\finalp\finalp\app_integrated.py", line 981, in _draw_bunch_boxes
    draw = ImageDraw.Draw(canvas)
           ^^^^^^^^^
NameError: name 'ImageDraw' is not defined
2026-10-02 15:16:46 - coconut_grading_ai - ERROR - Analysis error for 6_jpg.rf.ae02ac081a2915e3957d00f91e3fa905.jpg
Traceback (most recent call last):
  File "D:\Project\New folder\finalp\finalp\app_integrated.py", line 1996, in app_page
    detection_data = detect_bunch_coconuts(
        detector_fn=detect_coconuts_openvino,
    ...<2 lines>...
        conf_threshold=conf_threshold,
    )
  File "D:\Project\New folder\finalp\finalp\app_integrated.py", line 1157, in detect_bunch_coconuts
    "plotted_image": _draw_bunch_boxes(image, final_boxes),
                     ~~~~~~~~~~~~~~~~~^^^^^^^^^^^^^^^^^^^^
  File "D:\Project\New folder\finalp\finalp\app_integrated.py", line 981, in _draw_bunch_boxes
    draw = ImageDraw.Draw(canvas)
           ^^^^^^^^^
NameError: name 'ImageDraw' is not defined
2026-10-02 15:16:46 - coconut_grading_ai - ERROR - Analysis error for 6_jpg.rf.ae02ac081a2915e3957d00f91e3fa905.jpg
Traceback (most recent call last):
  File "D:\Project\New folder\finalp\finalp\app_integrated.py", line 1996, in app_page
    detection_data = detect_bunch_coconuts(
        detector_fn=detect_coconuts_openvino,
    ...<2 lines>...
        conf_threshold=conf_threshold,
    )
  File "D:\Project\New folder\finalp\finalp\app_integrated.py", line 1157, in detect_bunch_coconuts
    "plotted_image": _draw_bunch_boxes(image, final_boxes),
                     ~~~~~~~~~~~~~~~~~^^^^^^^^^^^^^^^^^^^^
  File "D:\Project\New folder\finalp\finalp\app_integrated.py", line 981, in _draw_bunch_boxes
    draw = ImageDraw.Draw(canvas)
           ^^^^^^^^^
NameError: name 'ImageDraw' is not defined
2026-10-02 15:16:46 - coconut_grading_ai - ERROR - Analysis error for 6_jpg.rf.ae02ac081a2915e3957d00f91e3fa905.jpg
Traceback (most recent call last):
  File "D:\Project\New folder\finalp\finalp\app_integrated.py", line 1996, in app_page
    detection_data = detect_bunch_coconuts(
        detector_fn=detect_coconuts_openvino,
    ...<2 lines>...
        conf_threshold=conf_threshold,
    )
  File "D:\Project\New folder\finalp\finalp\app_integrated.py", line 1157, in detect_bunch_coconuts
    "plotted_image": _draw_bunch_boxes(image, final_boxes),
                     ~~~~~~~~~~~~~~~~~^^^^^^^^^^^^^^^^^^^^
  File "D:\Project\New folder\finalp\finalp\app_integrated.py", line 981, in _draw_bunch_boxes
    draw = ImageDraw.Draw(canvas)
           ^^^^^^^^^
NameError: name 'ImageDraw' is not defined
