2026-09-08 17:56:40 - coconut_grading_ai - INFO - YOLO model loaded successfully
2026-09-08 17:56:59 - coconut_grading_ai - INFO - YOLO model loaded successfully
2026-09-08 17:56:59 - coconut_grading_ai - INFO - YOLO model loaded successfully
2026-09-08 17:57:14 - coconut_grading_ai - INFO - YOLO model loaded successfully
2026-09-08 17:57:14 - coconut_grading_ai - INFO - YOLO model loaded successfully
2026-09-08 17:57:14 - coconut_grading_ai - INFO - YOLO model loaded successfully
2026-09-08 17:57:19 - coconut_grading_ai - INFO - YOLO model loaded successfully
2026-09-08 17:57:19 - coconut_grading_ai - INFO - YOLO model loaded successfully
2026-09-08 17:57:19 - coconut_grading_ai - INFO - YOLO model loaded successfully
2026-09-08 17:57:19 - coconut_grading_ai - INFO - YOLO model loaded successfully
2026-09-08 17:57:23 - coconut_grading_ai - INFO - YOLO model loaded successfully
2026-09-08 17:57:23 - coconut_grading_ai - INFO - YOLO model loaded successfully
2026-09-08 17:57:23 - coconut_grading_ai - INFO - YOLO model loaded successfully
2026-09-08 17:57:23 - coconut_grading_ai - INFO - YOLO model loaded successfully
2026-09-08 17:57:23 - coconut_grading_ai - INFO - YOLO model loaded successfully
2026-09-08 17:57:26 - coconut_grading_ai - INFO - YOLO model loaded successfully
2026-09-08 17:57:26 - coconut_grading_ai - INFO - YOLO model loaded successfully
2026-09-08 17:57:26 - coconut_grading_ai - INFO - YOLO model loaded successfully
2026-09-08 17:57:26 - coconut_grading_ai - INFO - YOLO model loaded successfully
2026-09-08 17:57:26 - coconut_grading_ai - INFO - YOLO model loaded successfully
2026-09-08 17:57:26 - coconut_grading_ai - INFO - YOLO model loaded successfully
2026-09-08 17:57:27 - coconut_grading_ai - INFO - User Action: user=Vishnu, action=register, details=role=farmer
2026-09-08 17:57:27 - coconut_grading_ai - INFO - User Action: user=Vishnu, action=register, details=role=farmer
2026-09-08 17:57:27 - coconut_grading_ai - INFO - User Action: user=Vishnu, action=register, details=role=farmer
2026-09-08 17:57:27 - coconut_grading_ai - INFO - User Action: user=Vishnu, action=register, details=role=farmer
2026-09-08 17:57:27 - coconut_grading_ai - INFO - User Action: user=Vishnu, action=register, details=role=farmer
2026-09-08 17:57:27 - coconut_grading_ai - INFO - User Action: user=Vishnu, action=register, details=role=farmer
2026-09-08 17:57:35 - coconut_grading_ai - INFO - YOLO model loaded successfully
2026-09-08 17:57:35 - coconut_grading_ai - INFO - YOLO model loaded successfully
2026-09-08 17:57:35 - coconut_grading_ai - INFO - YOLO model loaded successfully
2026-09-08 17:57:35 - coconut_grading_ai - INFO - YOLO model loaded successfully
2026-09-08 17:57:35 - coconut_grading_ai - INFO - YOLO model loaded successfully
2026-09-08 17:57:35 - coconut_grading_ai - INFO - YOLO model loaded successfully
2026-09-08 17:57:35 - coconut_grading_ai - INFO - YOLO model loaded successfully
2026-09-08 17:57:38 - coconut_grading_ai - INFO - YOLO model loaded successfully
2026-09-08 17:57:38 - coconut_grading_ai - INFO - YOLO model loaded successfully
2026-09-08 17:57:38 - coconut_grading_ai - INFO - YOLO model loaded successfully
2026-09-08 17:57:38 - coconut_grading_ai - INFO - YOLO model loaded successfully
2026-09-08 17:57:38 - coconut_grading_ai - INFO - YOLO model loaded successfully
2026-09-08 17:57:38 - coconut_grading_ai - INFO - YOLO model loaded successfully
2026-09-08 17:57:38 - coconut_grading_ai - INFO - YOLO model loaded successfully
2026-09-08 17:57:38 - coconut_grading_ai - INFO - YOLO model loaded successfully
2026-09-08 17:57:38 - coconut_grading_ai - INFO - YOLO model loaded successfully
2026-09-08 17:57:38 - coconut_grading_ai - INFO - YOLO model loaded successfully
2026-09-08 17:57:38 - coconut_grading_ai - INFO - YOLO model loaded successfully
2026-09-08 17:57:38 - coconut_grading_ai - INFO - YOLO model loaded successfully
2026-09-08 17:57:38 - coconut_grading_ai - INFO - YOLO model loaded successfully
2026-09-08 17:57:38 - coconut_grading_ai - INFO - YOLO model loaded successfully
2026-09-08 17:57:38 - coconut_grading_ai - INFO - YOLO model loaded successfully
2026-09-08 17:57:38 - coconut_grading_ai - INFO - YOLO model loaded successfully
2026-09-08 17:57:38 - coconut_grading_ai - INFO - YOLO model loaded successfully
2026-09-08 17:57:38 - coconut_grading_ai - INFO - User Action: user=Vishnu, action=login, details=successful
2026-09-08 17:57:38 - coconut_grading_ai - INFO - User Action: user=Vishnu, action=login, details=successful
2026-09-08 17:57:38 - coconut_grading_ai - INFO - User Action: user=Vishnu, action=login, details=successful
2026-09-08 17:57:38 - coconut_grading_ai - INFO - User Action: user=Vishnu, action=login, details=successful
2026-09-08 17:57:38 - coconut_grading_ai - INFO - User Action: user=Vishnu, action=login, details=successful
2026-09-08 17:57:38 - coconut_grading_ai - INFO - User Action: user=Vishnu, action=login, details=successful
2026-09-08 17:57:38 - coconut_grading_ai - INFO - User Action: user=Vishnu, action=login, details=successful
2026-09-08 17:57:38 - coconut_grading_ai - INFO - User Action: user=Vishnu, action=login, details=successful
2026-09-08 17:57:38 - coconut_grading_ai - INFO - User Action: user=Vishnu, action=login, details=successful
2026-09-08 17:57:38 - coconut_grading_ai - INFO - YOLO model loaded successfully
2026-09-08 17:57:38 - coconut_grading_ai - INFO - YOLO model loaded successfully
2026-09-08 17:57:38 - coconut_grading_ai - INFO - YOLO model loaded successfully
2026-09-08 17:57:38 - coconut_grading_ai - INFO - YOLO model loaded successfully
2026-09-08 17:57:38 - coconut_grading_ai - INFO - YOLO model loaded successfully
2026-09-08 17:57:38 - coconut_grading_ai - INFO - YOLO model loaded successfully
2026-09-08 17:57:38 - coconut_grading_ai - INFO - YOLO model loaded successfully
2026-09-08 17:57:38 - coconut_grading_ai - INFO - YOLO model loaded successfully
2026-09-08 17:57:38 - coconut_grading_ai - INFO - YOLO model loaded successfully
2026-09-08 17:57:38 - coconut_grading_ai - INFO - YOLO model loaded successfully
2026-09-08 17:57:46 - coconut_grading_ai - INFO - YOLO model loaded successfully
2026-09-08 17:57:46 - coconut_grading_ai - INFO - YOLO model loaded successfully
2026-09-08 17:57:46 - coconut_grading_ai - INFO - YOLO model loaded successfully
2026-09-08 17:57:46 - coconut_grading_ai - INFO - YOLO model loaded successfully
2026-09-08 17:57:46 - coconut_grading_ai - INFO - YOLO model loaded successfully
2026-09-08 17:57:46 - coconut_grading_ai - INFO - YOLO model loaded successfully
2026-09-08 17:57:46 - coconut_grading_ai - INFO - YOLO model loaded successfully
2026-09-08 17:57:46 - coconut_grading_ai - INFO - YOLO model loaded successfully
2026-09-08 17:57:46 - coconut_grading_ai - INFO - YOLO model loaded successfully
2026-09-08 17:57:46 - coconut_grading_ai - INFO - YOLO model loaded successfully
2026-09-08 17:57:46 - coconut_grading_ai - INFO - YOLO model loaded successfully
2026-09-08 17:57:50 - coconut_grading_ai - INFO - YOLO model loaded successfully
2026-09-08 17:57:50 - coconut_grading_ai - INFO - YOLO model loaded successfully
2026-09-08 17:57:50 - coconut_grading_ai - INFO - YOLO model loaded successfully
2026-09-08 17:57:50 - coconut_grading_ai - INFO - YOLO model loaded successfully
2026-09-08 17:57:50 - coconut_grading_ai - INFO - YOLO model loaded successfully
2026-09-08 17:57:50 - coconut_grading_ai - INFO - YOLO model loaded successfully
2026-09-08 17:57:50 - coconut_grading_ai - INFO - YOLO model loaded successfully
2026-09-08 17:57:50 - coconut_grading_ai - INFO - YOLO model loaded successfully
2026-09-08 17:57:50 - coconut_grading_ai - INFO - YOLO model loaded successfully
2026-09-08 17:57:50 - coconut_grading_ai - INFO - YOLO model loaded successfully
2026-09-08 17:57:50 - coconut_grading_ai - INFO - YOLO model loaded successfully
2026-09-08 17:57:50 - coconut_grading_ai - INFO - YOLO model loaded successfully
2026-09-08 17:57:51 - coconut_grading_ai - INFO - YOLO model loaded successfully
2026-09-08 17:57:51 - coconut_grading_ai - INFO - YOLO model loaded successfully
2026-09-08 17:57:51 - coconut_grading_ai - INFO - YOLO model loaded successfully
2026-09-08 17:57:51 - coconut_grading_ai - INFO - YOLO model loaded successfully
2026-09-08 17:57:51 - coconut_grading_ai - INFO - YOLO model loaded successfully
2026-09-08 17:57:51 - coconut_grading_ai - INFO - YOLO model loaded successfully
2026-09-08 17:57:51 - coconut_grading_ai - INFO - YOLO model loaded successfully
2026-09-08 17:57:51 - coconut_grading_ai - INFO - YOLO model loaded successfully
2026-09-08 17:57:51 - coconut_grading_ai - INFO - YOLO model loaded successfully
2026-09-08 17:57:51 - coconut_grading_ai - INFO - YOLO model loaded successfully
2026-09-08 17:57:51 - coconut_grading_ai - INFO - YOLO model loaded successfully
2026-09-08 17:57:51 - coconut_grading_ai - INFO - YOLO model loaded successfully
2026-09-08 17:57:51 - coconut_grading_ai - INFO - YOLO model loaded successfully
2026-09-08 17:57:53 - coconut_grading_ai - INFO - YOLO model loaded successfully
2026-09-08 17:57:53 - coconut_grading_ai - INFO - YOLO model loaded successfully
2026-09-08 17:57:53 - coconut_grading_ai - INFO - YOLO model loaded successfully
2026-09-08 17:57:53 - coconut_grading_ai - INFO - YOLO model loaded successfully
2026-09-08 17:57:53 - coconut_grading_ai - INFO - YOLO model loaded successfully
2026-09-08 17:57:53 - coconut_grading_ai - INFO - YOLO model loaded successfully
2026-09-08 17:57:53 - coconut_grading_ai - INFO - YOLO model loaded successfully
2026-09-08 17:57:53 - coconut_grading_ai - INFO - YOLO model loaded successfully
2026-09-08 17:57:53 - coconut_grading_ai - INFO - YOLO model loaded successfully
2026-09-08 17:57:53 - coconut_grading_ai - INFO - YOLO model loaded successfully
2026-09-08 17:57:53 - coconut_grading_ai - INFO - YOLO model loaded successfully
2026-09-08 17:57:53 - coconut_grading_ai - INFO - YOLO model loaded successfully
2026-09-08 17:57:53 - coconut_grading_ai - INFO - YOLO model loaded successfully
2026-09-08 17:57:53 - coconut_grading_ai - INFO - YOLO model loaded successfully
2026-09-08 17:58:29 - coconut_grading_ai - INFO - YOLO model loaded successfully
2026-09-08 17:58:29 - coconut_grading_ai - INFO - YOLO model loaded successfully
2026-09-08 17:58:29 - coconut_grading_ai - INFO - YOLO model loaded successfully
2026-09-08 17:58:29 - coconut_grading_ai - INFO - YOLO model loaded successfully
2026-09-08 17:58:29 - coconut_grading_ai - INFO - YOLO model loaded successfully
2026-09-08 17:58:29 - coconut_grading_ai - INFO - YOLO model loaded successfully
2026-09-08 17:58:29 - coconut_grading_ai - INFO - YOLO model loaded successfully
2026-09-08 17:58:29 - coconut_grading_ai - INFO - YOLO model loaded successfully
2026-09-08 17:58:29 - coconut_grading_ai - INFO - YOLO model loaded successfully
2026-09-08 17:58:29 - coconut_grading_ai - INFO - YOLO model loaded successfully
2026-09-08 17:58:29 - coconut_grading_ai - INFO - YOLO model loaded successfully
2026-09-08 17:58:29 - coconut_grading_ai - INFO - YOLO model loaded successfully
2026-09-08 17:58:29 - coconut_grading_ai - INFO - YOLO model loaded successfully
2026-09-08 17:58:29 - coconut_grading_ai - INFO - YOLO model loaded successfully
2026-09-08 17:58:29 - coconut_grading_ai - INFO - YOLO model loaded successfully
2026-09-08 17:58:31 - coconut_grading_ai - INFO - YOLO model loaded successfully
2026-09-08 17:58:31 - coconut_grading_ai - INFO - YOLO model loaded successfully
2026-09-08 17:58:31 - coconut_grading_ai - INFO - YOLO model loaded successfully
2026-09-08 17:58:31 - coconut_grading_ai - INFO - YOLO model loaded successfully
2026-09-08 17:58:31 - coconut_grading_ai - INFO - YOLO model loaded successfully
2026-09-08 17:58:31 - coconut_grading_ai - INFO - YOLO model loaded successfully
2026-09-08 17:58:31 - coconut_grading_ai - INFO - YOLO model loaded successfully
2026-09-08 17:58:31 - coconut_grading_ai - INFO - YOLO model loaded successfully
2026-09-08 17:58:31 - coconut_grading_ai - INFO - YOLO model loaded successfully
2026-09-08 17:58:31 - coconut_grading_ai - INFO - YOLO model loaded successfully
2026-09-08 17:58:31 - coconut_grading_ai - INFO - YOLO model loaded successfully
2026-09-08 17:58:31 - coconut_grading_ai - INFO - YOLO model loaded successfully
2026-09-08 17:58:31 - coconut_grading_ai - INFO - YOLO model loaded successfully
2026-09-08 17:58:31 - coconut_grading_ai - INFO - YOLO model loaded successfully
2026-09-08 17:58:31 - coconut_grading_ai - INFO - YOLO model loaded successfully
2026-09-08 17:58:31 - coconut_grading_ai - INFO - YOLO model loaded successfully
2026-09-08 17:58:37 - coconut_grading_ai - INFO - YOLO model loaded successfully
2026-09-08 17:58:37 - coconut_grading_ai - INFO - YOLO model loaded successfully
2026-09-08 17:58:37 - coconut_grading_ai - INFO - YOLO model loaded successfully
2026-09-08 17:58:37 - coconut_grading_ai - INFO - YOLO model loaded successfully
2026-09-08 17:58:37 - coconut_grading_ai - INFO - YOLO model loaded successfully
2026-09-08 17:58:37 - coconut_grading_ai - INFO - YOLO model loaded successfully
2026-09-08 17:58:37 - coconut_grading_ai - INFO - YOLO model loaded successfully
2026-09-08 17:58:37 - coconut_grading_ai - INFO - YOLO model loaded successfully
2026-09-08 17:58:37 - coconut_grading_ai - INFO - YOLO model loaded successfully
2026-09-08 17:58:37 - coconut_grading_ai - INFO - YOLO model loaded successfully
2026-09-08 17:58:37 - coconut_grading_ai - INFO - YOLO model loaded successfully
2026-09-08 17:58:37 - coconut_grading_ai - INFO - YOLO model loaded successfully
2026-09-08 17:58:37 - coconut_grading_ai - INFO - YOLO model loaded successfully
2026-09-08 17:58:37 - coconut_grading_ai - INFO - YOLO model loaded successfully
2026-09-08 17:58:37 - coconut_grading_ai - INFO - YOLO model loaded successfully
2026-09-08 17:58:37 - coconut_grading_ai - INFO - YOLO model loaded successfully
2026-09-08 17:58:37 - coconut_grading_ai - INFO - YOLO model loaded successfully
2026-09-08 17:58:40 - coconut_grading_ai - INFO - YOLO model loaded successfully
2026-09-08 17:58:40 - coconut_grading_ai - INFO - YOLO model loaded successfully
2026-09-08 17:58:40 - coconut_grading_ai - INFO - YOLO model loaded successfully
2026-09-08 17:58:40 - coconut_grading_ai - INFO - YOLO model loaded successfully
2026-09-08 17:58:40 - coconut_grading_ai - INFO - YOLO model loaded successfully
2026-09-08 17:58:40 - coconut_grading_ai - INFO - YOLO model loaded successfully
2026-09-08 17:58:40 - coconut_grading_ai - INFO - YOLO model loaded successfully
2026-09-08 17:58:40 - coconut_grading_ai - INFO - YOLO model loaded successfully
2026-09-08 17:58:40 - coconut_grading_ai - INFO - YOLO model loaded successfully
2026-09-08 17:58:40 - coconut_grading_ai - INFO - YOLO model loaded successfully
2026-09-08 17:58:40 - coconut_grading_ai - INFO - YOLO model loaded successfully
2026-09-08 17:58:40 - coconut_grading_ai - INFO - YOLO model loaded successfully
2026-09-08 17:58:40 - coconut_grading_ai - INFO - YOLO model loaded successfully
2026-09-08 17:58:40 - coconut_grading_ai - INFO - YOLO model loaded successfully
2026-09-08 17:58:40 - coconut_grading_ai - INFO - YOLO model loaded successfully
2026-09-08 17:58:40 - coconut_grading_ai - INFO - YOLO model loaded successfully
2026-09-08 17:58:40 - coconut_grading_ai - INFO - YOLO model loaded successfully
2026-09-08 17:58:40 - coconut_grading_ai - INFO - YOLO model loaded successfully
2026-09-08 17:58:40 - coconut_grading_ai - INFO - YOLO model loaded successfully
2026-09-08 17:58:40 - coconut_grading_ai - INFO - YOLO model loaded successfully
2026-09-08 17:58:40 - coconut_grading_ai - INFO - YOLO model loaded successfully
2026-09-08 17:58:40 - coconut_grading_ai - INFO - YOLO model loaded successfully
2026-09-08 17:58:40 - coconut_grading_ai - INFO - YOLO model loaded successfully
2026-09-08 17:58:40 - coconut_grading_ai - INFO - YOLO model loaded successfully
2026-09-08 17:58:40 - coconut_grading_ai - INFO - YOLO model loaded successfully
2026-09-08 17:58:40 - coconut_grading_ai - INFO - YOLO model loaded successfully
2026-09-08 17:58:40 - coconut_grading_ai - INFO - YOLO model loaded successfully
2026-09-08 17:58:40 - coconut_grading_ai - INFO - YOLO model loaded successfully
2026-09-08 17:58:40 - coconut_grading_ai - INFO - YOLO model loaded successfully
2026-09-08 17:58:40 - coconut_grading_ai - INFO - YOLO model loaded successfully
2026-09-08 17:58:40 - coconut_grading_ai - INFO - YOLO model loaded successfully
2026-09-08 17:58:40 - coconut_grading_ai - INFO - YOLO model loaded successfully
2026-09-08 17:58:40 - coconut_grading_ai - INFO - YOLO model loaded successfully
2026-09-08 17:58:40 - coconut_grading_ai - INFO - YOLO model loaded successfully
2026-09-08 17:58:40 - coconut_grading_ai - INFO - YOLO model loaded successfully
2026-09-08 17:58:40 - coconut_grading_ai - INFO - YOLO model loaded successfully
2026-09-08 17:58:40 - coconut_grading_ai - INFO - YOLO model loaded successfully
2026-09-08 17:58:40 - coconut_grading_ai - INFO - User Action: user=Vishnu, action=login, details=successful
2026-09-08 17:58:40 - coconut_grading_ai - INFO - User Action: user=Vishnu, action=login, details=successful
2026-09-08 17:58:40 - coconut_grading_ai - INFO - User Action: user=Vishnu, action=login, details=successful
2026-09-08 17:58:40 - coconut_grading_ai - INFO - User Action: user=Vishnu, action=login, details=successful
2026-09-08 17:58:40 - coconut_grading_ai - INFO - User Action: user=Vishnu, action=login, details=successful
2026-09-08 17:58:40 - coconut_grading_ai - INFO - User Action: user=Vishnu, action=login, details=successful
2026-09-08 17:58:40 - coconut_grading_ai - INFO - User Action: user=Vishnu, action=login, details=successful
2026-09-08 17:58:40 - coconut_grading_ai - INFO - User Action: user=Vishnu, action=login, details=successful
2026-09-08 17:58:40 - coconut_grading_ai - INFO - User Action: user=Vishnu, action=login, details=successful
2026-09-08 17:58:40 - coconut_grading_ai - INFO - User Action: user=Vishnu, action=login, details=successful
2026-09-08 17:58:40 - coconut_grading_ai - INFO - User Action: user=Vishnu, action=login, details=successful
2026-09-08 17:58:40 - coconut_grading_ai - INFO - User Action: user=Vishnu, action=login, details=successful
2026-09-08 17:58:40 - coconut_grading_ai - INFO - User Action: user=Vishnu, action=login, details=successful
2026-09-08 17:58:40 - coconut_grading_ai - INFO - User Action: user=Vishnu, action=login, details=successful
2026-09-08 17:58:40 - coconut_grading_ai - INFO - User Action: user=Vishnu, action=login, details=successful
2026-09-08 17:58:40 - coconut_grading_ai - INFO - User Action: user=Vishnu, action=login, details=successful
2026-09-08 17:58:40 - coconut_grading_ai - INFO - User Action: user=Vishnu, action=login, details=successful
2026-09-08 17:58:40 - coconut_grading_ai - INFO - User Action: user=Vishnu, action=login, details=successful
2026-09-08 17:58:40 - coconut_grading_ai - INFO - User Action: user=Vishnu, action=login, details=successful
2026-09-08 17:58:41 - coconut_grading_ai - INFO - YOLO model loaded successfully
2026-09-08 17:58:41 - coconut_grading_ai - INFO - YOLO model loaded successfully
2026-09-08 17:58:41 - coconut_grading_ai - INFO - YOLO model loaded successfully
2026-09-08 17:58:41 - coconut_grading_ai - INFO - YOLO model loaded successfully
2026-09-08 17:58:41 - coconut_grading_ai - INFO - YOLO model loaded successfully
2026-09-08 17:58:41 - coconut_grading_ai - INFO - YOLO model loaded successfully
2026-09-08 17:58:41 - coconut_grading_ai - INFO - YOLO model loaded successfully
2026-09-08 17:58:41 - coconut_grading_ai - INFO - YOLO model loaded successfully
2026-09-08 17:58:41 - coconut_grading_ai - INFO - YOLO model loaded successfully
2026-09-08 17:58:41 - coconut_grading_ai - INFO - YOLO model loaded successfully
2026-09-08 17:58:41 - coconut_grading_ai - INFO - YOLO model loaded successfully
2026-09-08 17:58:41 - coconut_grading_ai - INFO - YOLO model loaded successfully
2026-09-08 17:58:41 - coconut_grading_ai - INFO - YOLO model loaded successfully
2026-09-08 17:58:41 - coconut_grading_ai - INFO - YOLO model loaded successfully
2026-09-08 17:58:41 - coconut_grading_ai - INFO - YOLO model loaded successfully
2026-09-08 17:58:41 - coconut_grading_ai - INFO - YOLO model loaded successfully
2026-09-08 17:58:41 - coconut_grading_ai - INFO - YOLO model loaded successfully
2026-09-08 17:58:41 - coconut_grading_ai - INFO - YOLO model loaded successfully
2026-09-08 17:58:41 - coconut_grading_ai - INFO - YOLO model loaded successfully
2026-09-08 17:58:41 - coconut_grading_ai - INFO - YOLO model loaded successfully
2026-09-08 17:58:44 - coconut_grading_ai - INFO - YOLO model loaded successfully
2026-09-08 17:58:44 - coconut_grading_ai - INFO - YOLO model loaded successfully
2026-09-08 17:58:44 - coconut_grading_ai - INFO - YOLO model loaded successfully
2026-09-08 17:58:44 - coconut_grading_ai - INFO - YOLO model loaded successfully
2026-09-08 17:58:44 - coconut_grading_ai - INFO - YOLO model loaded successfully
2026-09-08 17:58:44 - coconut_grading_ai - INFO - YOLO model loaded successfully
2026-09-08 17:58:44 - coconut_grading_ai - INFO - YOLO model loaded successfully
2026-09-08 17:58:44 - coconut_grading_ai - INFO - YOLO model loaded successfully
2026-09-08 17:58:44 - coconut_grading_ai - INFO - YOLO model loaded successfully
2026-09-08 17:58:44 - coconut_grading_ai - INFO - YOLO model loaded successfully
2026-09-08 17:58:44 - coconut_grading_ai - INFO - YOLO model loaded successfully
2026-09-08 17:58:44 - coconut_grading_ai - INFO - YOLO model loaded successfully
2026-09-08 17:58:44 - coconut_grading_ai - INFO - YOLO model loaded successfully
2026-09-08 17:58:44 - coconut_grading_ai - INFO - YOLO model loaded successfully
2026-09-08 17:58:44 - coconut_grading_ai - INFO - YOLO model loaded successfully
2026-09-08 17:58:44 - coconut_grading_ai - INFO - YOLO model loaded successfully
2026-09-08 17:58:44 - coconut_grading_ai - INFO - YOLO model loaded successfully
2026-09-08 17:58:44 - coconut_grading_ai - INFO - YOLO model loaded successfully
2026-09-08 17:58:44 - coconut_grading_ai - INFO - YOLO model loaded successfully
2026-09-08 17:58:44 - coconut_grading_ai - INFO - YOLO model loaded successfully
2026-09-08 17:58:44 - coconut_grading_ai - INFO - YOLO model loaded successfully
2026-09-08 17:58:55 - coconut_grading_ai - INFO - YOLO model loaded successfully
2026-09-08 17:58:55 - coconut_grading_ai - INFO - YOLO model loaded successfully
2026-09-08 17:58:55 - coconut_grading_ai - INFO - YOLO model loaded successfully
2026-09-08 17:58:55 - coconut_grading_ai - INFO - YOLO model loaded successfully
2026-09-08 17:58:55 - coconut_grading_ai - INFO - YOLO model loaded successfully
2026-09-08 17:58:55 - coconut_grading_ai - INFO - YOLO model loaded successfully
2026-09-08 17:58:55 - coconut_grading_ai - INFO - YOLO model loaded successfully
2026-09-08 17:58:55 - coconut_grading_ai - INFO - YOLO model loaded successfully
2026-09-08 17:58:55 - coconut_grading_ai - INFO - YOLO model loaded successfully
2026-09-08 17:58:55 - coconut_grading_ai - INFO - YOLO model loaded successfully
2026-09-08 17:58:55 - coconut_grading_ai - INFO - YOLO model loaded successfully
2026-09-08 17:58:55 - coconut_grading_ai - INFO - YOLO model loaded successfully
2026-09-08 17:58:55 - coconut_grading_ai - INFO - YOLO model loaded successfully
2026-09-08 17:58:55 - coconut_grading_ai - INFO - YOLO model loaded successfully
2026-09-08 17:58:55 - coconut_grading_ai - INFO - YOLO model loaded successfully
2026-09-08 17:58:55 - coconut_grading_ai - INFO - YOLO model loaded successfully
2026-09-08 17:58:55 - coconut_grading_ai - INFO - YOLO model loaded successfully
2026-09-08 17:58:55 - coconut_grading_ai - INFO - YOLO model loaded successfully
2026-09-08 17:58:55 - coconut_grading_ai - INFO - YOLO model loaded successfully
2026-09-08 17:58:55 - coconut_grading_ai - INFO - YOLO model loaded successfully
2026-09-08 17:58:55 - coconut_grading_ai - INFO - YOLO model loaded successfully
2026-09-08 17:58:55 - coconut_grading_ai - INFO - YOLO model loaded successfully
2026-09-08 17:59:04 - coconut_grading_ai - INFO - YOLO model loaded successfully
2026-09-08 17:59:04 - coconut_grading_ai - INFO - YOLO model loaded successfully
2026-09-08 17:59:04 - coconut_grading_ai - INFO - YOLO model loaded successfully
2026-09-08 17:59:04 - coconut_grading_ai - INFO - YOLO model loaded successfully
2026-09-08 17:59:04 - coconut_grading_ai - INFO - YOLO model loaded successfully
2026-09-08 17:59:04 - coconut_grading_ai - INFO - YOLO model loaded successfully
2026-09-08 17:59:04 - coconut_grading_ai - INFO - YOLO model loaded successfully
2026-09-08 17:59:04 - coconut_grading_ai - INFO - YOLO model loaded successfully
2026-09-08 17:59:04 - coconut_grading_ai - INFO - YOLO model loaded successfully
2026-09-08 17:59:04 - coconut_grading_ai - INFO - YOLO model loaded successfully
2026-09-08 17:59:04 - coconut_grading_ai - INFO - YOLO model loaded successfully
2026-09-08 17:59:04 - coconut_grading_ai - INFO - YOLO model loaded successfully
2026-09-08 17:59:04 - coconut_grading_ai - INFO - YOLO model loaded successfully
2026-09-08 17:59:04 - coconut_grading_ai - INFO - YOLO model loaded successfully
2026-09-08 17:59:04 - coconut_grading_ai - INFO - YOLO model loaded successfully
2026-09-08 17:59:04 - coconut_grading_ai - INFO - YOLO model loaded successfully
2026-09-08 17:59:04 - coconut_grading_ai - INFO - YOLO model loaded successfully
2026-09-08 17:59:04 - coconut_grading_ai - INFO - YOLO model loaded successfully
2026-09-08 17:59:04 - coconut_grading_ai - INFO - YOLO model loaded successfully
2026-09-08 17:59:04 - coconut_grading_ai - INFO - YOLO model loaded successfully
2026-09-08 17:59:04 - coconut_grading_ai - INFO - YOLO model loaded successfully
2026-09-08 17:59:04 - coconut_grading_ai - INFO - YOLO model loaded successfully
2026-09-08 17:59:04 - coconut_grading_ai - INFO - YOLO model loaded successfully
2026-09-08 17:59:11 - coconut_grading_ai - INFO - YOLO model loaded successfully
2026-09-08 17:59:11 - coconut_grading_ai - INFO - YOLO model loaded successfully
2026-09-08 17:59:11 - coconut_grading_ai - INFO - YOLO model loaded successfully
2026-09-08 17:59:11 - coconut_grading_ai - INFO - YOLO model loaded successfully
2026-09-08 17:59:11 - coconut_grading_ai - INFO - YOLO model loaded successfully
2026-09-08 17:59:11 - coconut_grading_ai - INFO - YOLO model loaded successfully
2026-09-08 17:59:11 - coconut_grading_ai - INFO - YOLO model loaded successfully
2026-09-08 17:59:11 - coconut_grading_ai - INFO - YOLO model loaded successfully
2026-09-08 17:59:11 - coconut_grading_ai - INFO - YOLO model loaded successfully
2026-09-08 17:59:11 - coconut_grading_ai - INFO - YOLO model loaded successfully
2026-09-08 17:59:11 - coconut_grading_ai - INFO - YOLO model loaded successfully
2026-09-08 17:59:11 - coconut_grading_ai - INFO - YOLO model loaded successfully
2026-09-08 17:59:11 - coconut_grading_ai - INFO - YOLO model loaded successfully
2026-09-08 17:59:11 - coconut_grading_ai - INFO - YOLO model loaded successfully
2026-09-08 17:59:11 - coconut_grading_ai - INFO - YOLO model loaded successfully
2026-09-08 17:59:11 - coconut_grading_ai - INFO - YOLO model loaded successfully
2026-09-08 17:59:11 - coconut_grading_ai - INFO - YOLO model loaded successfully
2026-09-08 17:59:11 - coconut_grading_ai - INFO - YOLO model loaded successfully
2026-09-08 17:59:11 - coconut_grading_ai - INFO - YOLO model loaded successfully
2026-09-08 17:59:11 - coconut_grading_ai - INFO - YOLO model loaded successfully
2026-09-08 17:59:11 - coconut_grading_ai - INFO - YOLO model loaded successfully
2026-09-08 17:59:11 - coconut_grading_ai - INFO - YOLO model loaded successfully
2026-09-08 17:59:11 - coconut_grading_ai - INFO - YOLO model loaded successfully
2026-09-08 17:59:11 - coconut_grading_ai - INFO - YOLO model loaded successfully
2026-09-08 17:59:16 - coconut_grading_ai - INFO - YOLO model loaded successfully
2026-09-08 17:59:16 - coconut_grading_ai - INFO - YOLO model loaded successfully
2026-09-08 17:59:16 - coconut_grading_ai - INFO - YOLO model loaded successfully
2026-09-08 17:59:16 - coconut_grading_ai - INFO - YOLO model loaded successfully
2026-09-08 17:59:16 - coconut_grading_ai - INFO - YOLO model loaded successfully
2026-09-08 17:59:16 - coconut_grading_ai - INFO - YOLO model loaded successfully
2026-09-08 17:59:16 - coconut_grading_ai - INFO - YOLO model loaded successfully
2026-09-08 17:59:16 - coconut_grading_ai - INFO - YOLO model loaded successfully
2026-09-08 17:59:16 - coconut_grading_ai - INFO - YOLO model loaded successfully
2026-09-08 17:59:16 - coconut_grading_ai - INFO - YOLO model loaded successfully
2026-09-08 17:59:16 - coconut_grading_ai - INFO - YOLO model loaded successfully
2026-09-08 17:59:16 - coconut_grading_ai - INFO - YOLO model loaded successfully
2026-09-08 17:59:16 - coconut_grading_ai - INFO - YOLO model loaded successfully
2026-09-08 17:59:16 - coconut_grading_ai - INFO - YOLO model loaded successfully
2026-09-08 17:59:16 - coconut_grading_ai - INFO - YOLO model loaded successfully
2026-09-08 17:59:16 - coconut_grading_ai - INFO - YOLO model loaded successfully
2026-09-08 17:59:16 - coconut_grading_ai - INFO - YOLO model loaded successfully
2026-09-08 17:59:16 - coconut_grading_ai - INFO - YOLO model loaded successfully
2026-09-08 17:59:16 - coconut_grading_ai - INFO - YOLO model loaded successfully
2026-09-08 17:59:16 - coconut_grading_ai - INFO - YOLO model loaded successfully
2026-09-08 17:59:16 - coconut_grading_ai - INFO - YOLO model loaded successfully
2026-09-08 17:59:16 - coconut_grading_ai - INFO - YOLO model loaded successfully
2026-09-08 17:59:16 - coconut_grading_ai - INFO - YOLO model loaded successfully
2026-09-08 17:59:16 - coconut_grading_ai - INFO - YOLO model loaded successfully
2026-09-08 17:59:16 - coconut_grading_ai - INFO - YOLO model loaded successfully
2026-09-08 17:59:17 - coconut_grading_ai - INFO - User Action: user=testfarmer, action=register, details=role=farmer
2026-09-08 17:59:17 - coconut_grading_ai - INFO - User Action: user=testfarmer, action=register, details=role=farmer
2026-09-08 17:59:17 - coconut_grading_ai - INFO - User Action: user=testfarmer, action=register, details=role=farmer
2026-09-08 17:59:17 - coconut_grading_ai - INFO - User Action: user=testfarmer, action=register, details=role=farmer
2026-09-08 17:59:17 - coconut_grading_ai - INFO - User Action: user=testfarmer, action=register, details=role=farmer
2026-09-08 17:59:17 - coconut_grading_ai - INFO - User Action: user=testfarmer, action=register, details=role=farmer
2026-09-08 17:59:17 - coconut_grading_ai - INFO - User Action: user=testfarmer, action=register, details=role=farmer
2026-09-08 17:59:17 - coconut_grading_ai - INFO - User Action: user=testfarmer, action=register, details=role=farmer
2026-09-08 17:59:17 - coconut_grading_ai - INFO - User Action: user=testfarmer, action=register, details=role=farmer
2026-09-08 17:59:17 - coconut_grading_ai - INFO - User Action: user=testfarmer, action=register, details=role=farmer
2026-09-08 17:59:17 - coconut_grading_ai - INFO - User Action: user=testfarmer, action=register, details=role=farmer
2026-09-08 17:59:17 - coconut_grading_ai - INFO - User Action: user=testfarmer, action=register, details=role=farmer
2026-09-08 17:59:17 - coconut_grading_ai - INFO - User Action: user=testfarmer, action=register, details=role=farmer
2026-09-08 17:59:17 - coconut_grading_ai - INFO - User Action: user=testfarmer, action=register, details=role=farmer
2026-09-08 17:59:17 - coconut_grading_ai - INFO - User Action: user=testfarmer, action=register, details=role=farmer
2026-09-08 17:59:17 - coconut_grading_ai - INFO - User Action: user=testfarmer, action=register, details=role=farmer
2026-09-08 17:59:17 - coconut_grading_ai - INFO - User Action: user=testfarmer, action=register, details=role=farmer
2026-09-08 17:59:17 - coconut_grading_ai - INFO - User Action: user=testfarmer, action=register, details=role=farmer
2026-09-08 17:59:17 - coconut_grading_ai - INFO - User Action: user=testfarmer, action=register, details=role=farmer
2026-09-08 17:59:17 - coconut_grading_ai - INFO - User Action: user=testfarmer, action=register, details=role=farmer
2026-09-08 17:59:17 - coconut_grading_ai - INFO - User Action: user=testfarmer, action=register, details=role=farmer
2026-09-08 17:59:17 - coconut_grading_ai - INFO - User Action: user=testfarmer, action=register, details=role=farmer
2026-09-08 17:59:17 - coconut_grading_ai - INFO - User Action: user=testfarmer, action=register, details=role=farmer
2026-09-08 17:59:17 - coconut_grading_ai - INFO - User Action: user=testfarmer, action=register, details=role=farmer
2026-09-08 17:59:17 - coconut_grading_ai - INFO - User Action: user=testfarmer, action=register, details=role=farmer
2026-09-08 17:59:40 - coconut_grading_ai - INFO - YOLO model loaded successfully
2026-09-08 17:59:40 - coconut_grading_ai - INFO - YOLO model loaded successfully
2026-09-08 17:59:40 - coconut_grading_ai - INFO - YOLO model loaded successfully
2026-09-08 17:59:40 - coconut_grading_ai - INFO - YOLO model loaded successfully
2026-09-08 17:59:40 - coconut_grading_ai - INFO - YOLO model loaded successfully
2026-09-08 17:59:40 - coconut_grading_ai - INFO - YOLO model loaded successfully
2026-09-08 17:59:40 - coconut_grading_ai - INFO - YOLO model loaded successfully
2026-09-08 17:59:40 - coconut_grading_ai - INFO - YOLO model loaded successfully
2026-09-08 17:59:40 - coconut_grading_ai - INFO - YOLO model loaded successfully
2026-09-08 17:59:40 - coconut_grading_ai - INFO - YOLO model loaded successfully
2026-09-08 17:59:40 - coconut_grading_ai - INFO - YOLO model loaded successfully
2026-09-08 17:59:40 - coconut_grading_ai - INFO - YOLO model loaded successfully
2026-09-08 17:59:40 - coconut_grading_ai - INFO - YOLO model loaded successfully
2026-09-08 17:59:40 - coconut_grading_ai - INFO - YOLO model loaded successfully
2026-09-08 17:59:40 - coconut_grading_ai - INFO - YOLO model loaded successfully
2026-09-08 17:59:40 - coconut_grading_ai - INFO - YOLO model loaded successfully
2026-09-08 17:59:40 - coconut_grading_ai - INFO - YOLO model loaded successfully
2026-09-08 17:59:40 - coconut_grading_ai - INFO - YOLO model loaded successfully
2026-09-08 17:59:40 - coconut_grading_ai - INFO - YOLO model loaded successfully
2026-09-08 17:59:40 - coconut_grading_ai - INFO - YOLO model loaded successfully
2026-09-08 17:59:40 - coconut_grading_ai - INFO - YOLO model loaded successfully
2026-09-08 17:59:40 - coconut_grading_ai - INFO - YOLO model loaded successfully
2026-09-08 17:59:40 - coconut_grading_ai - INFO - YOLO model loaded successfully
2026-09-08 17:59:40 - coconut_grading_ai - INFO - YOLO model loaded successfully
2026-09-08 17:59:40 - coconut_grading_ai - INFO - YOLO model loaded successfully
2026-09-08 17:59:40 - coconut_grading_ai - INFO - YOLO model loaded successfully
2026-09-08 17:59:47 - coconut_grading_ai - INFO - YOLO model loaded successfully
2026-09-08 17:59:47 - coconut_grading_ai - INFO - YOLO model loaded successfully
2026-09-08 17:59:47 - coconut_grading_ai - INFO - YOLO model loaded successfully
2026-09-08 17:59:47 - coconut_grading_ai - INFO - YOLO model loaded successfully
2026-09-08 17:59:47 - coconut_grading_ai - INFO - YOLO model loaded successfully
2026-09-08 17:59:47 - coconut_grading_ai - INFO - YOLO model loaded successfully
2026-09-08 17:59:47 - coconut_grading_ai - INFO - YOLO model loaded successfully
2026-09-08 17:59:47 - coconut_grading_ai - INFO - YOLO model loaded successfully
2026-09-08 17:59:47 - coconut_grading_ai - INFO - YOLO model loaded successfully
2026-09-08 17:59:47 - coconut_grading_ai - INFO - YOLO model loaded successfully
2026-09-08 17:59:47 - coconut_grading_ai - INFO - YOLO model loaded successfully
2026-09-08 17:59:47 - coconut_grading_ai - INFO - YOLO model loaded successfully
2026-09-08 17:59:47 - coconut_grading_ai - INFO - YOLO model loaded successfully
2026-09-08 17:59:47 - coconut_grading_ai - INFO - YOLO model loaded successfully
2026-09-08 17:59:47 - coconut_grading_ai - INFO - YOLO model loaded successfully
2026-09-08 17:59:47 - coconut_grading_ai - INFO - YOLO model loaded successfully
2026-09-08 17:59:47 - coconut_grading_ai - INFO - YOLO model loaded successfully
2026-09-08 17:59:47 - coconut_grading_ai - INFO - YOLO model loaded successfully
2026-09-08 17:59:47 - coconut_grading_ai - INFO - YOLO model loaded successfully
2026-09-08 17:59:47 - coconut_grading_ai - INFO - YOLO model loaded successfully
2026-09-08 17:59:47 - coconut_grading_ai - INFO - YOLO model loaded successfully
2026-09-08 17:59:47 - coconut_grading_ai - INFO - YOLO model loaded successfully
2026-09-08 17:59:47 - coconut_grading_ai - INFO - YOLO model loaded successfully
2026-09-08 17:59:47 - coconut_grading_ai - INFO - YOLO model loaded successfully
2026-09-08 17:59:47 - coconut_grading_ai - INFO - YOLO model loaded successfully
2026-09-08 17:59:47 - coconut_grading_ai - INFO - YOLO model loaded successfully
2026-09-08 17:59:47 - coconut_grading_ai - INFO - YOLO model loaded successfully
2026-09-08 17:59:47 - coconut_grading_ai - INFO - User Action: user=testfarmer, action=login, details=successful
2026-09-08 17:59:47 - coconut_grading_ai - INFO - User Action: user=testfarmer, action=login, details=successful
2026-09-08 17:59:47 - coconut_grading_ai - INFO - User Action: user=testfarmer, action=login, details=successful
2026-09-08 17:59:47 - coconut_grading_ai - INFO - User Action: user=testfarmer, action=login, details=successful
2026-09-08 17:59:47 - coconut_grading_ai - INFO - User Action: user=testfarmer, action=login, details=successful
2026-09-08 17:59:47 - coconut_grading_ai - INFO - User Action: user=testfarmer, action=login, details=successful
2026-09-08 17:59:47 - coconut_grading_ai - INFO - User Action: user=testfarmer, action=login, details=successful
2026-09-08 17:59:47 - coconut_grading_ai - INFO - User Action: user=testfarmer, action=login, details=successful
2026-09-08 17:59:47 - coconut_grading_ai - INFO - User Action: user=testfarmer, action=login, details=successful
2026-09-08 17:59:47 - coconut_grading_ai - INFO - User Action: user=testfarmer, action=login, details=successful
2026-09-08 17:59:47 - coconut_grading_ai - INFO - User Action: user=testfarmer, action=login, details=successful
2026-09-08 17:59:47 - coconut_grading_ai - INFO - User Action: user=testfarmer, action=login, details=successful
2026-09-08 17:59:47 - coconut_grading_ai - INFO - User Action: user=testfarmer, action=login, details=successful
2026-09-08 17:59:47 - coconut_grading_ai - INFO - User Action: user=testfarmer, action=login, details=successful
2026-09-08 17:59:47 - coconut_grading_ai - INFO - User Action: user=testfarmer, action=login, details=successful
2026-09-08 17:59:47 - coconut_grading_ai - INFO - User Action: user=testfarmer, action=login, details=successful
2026-09-08 17:59:47 - coconut_grading_ai - INFO - User Action: user=testfarmer, action=login, details=successful
2026-09-08 17:59:47 - coconut_grading_ai - INFO - User Action: user=testfarmer, action=login, details=successful
2026-09-08 17:59:47 - coconut_grading_ai - INFO - User Action: user=testfarmer, action=login, details=successful
2026-09-08 17:59:47 - coconut_grading_ai - INFO - User Action: user=testfarmer, action=login, details=successful
2026-09-08 17:59:47 - coconut_grading_ai - INFO - User Action: user=testfarmer, action=login, details=successful
2026-09-08 17:59:47 - coconut_grading_ai - INFO - User Action: user=testfarmer, action=login, details=successful
2026-09-08 17:59:47 - coconut_grading_ai - INFO - User Action: user=testfarmer, action=login, details=successful
2026-09-08 17:59:47 - coconut_grading_ai - INFO - User Action: user=testfarmer, action=login, details=successful
2026-09-08 17:59:47 - coconut_grading_ai - INFO - User Action: user=testfarmer, action=login, details=successful
2026-09-08 17:59:47 - coconut_grading_ai - INFO - User Action: user=testfarmer, action=login, details=successful
2026-09-08 17:59:47 - coconut_grading_ai - INFO - User Action: user=testfarmer, action=login, details=successful
2026-09-08 17:59:47 - coconut_grading_ai - INFO - YOLO model loaded successfully
2026-09-08 17:59:47 - coconut_grading_ai - INFO - YOLO model loaded successfully
2026-09-08 17:59:47 - coconut_grading_ai - INFO - YOLO model loaded successfully
2026-09-08 17:59:47 - coconut_grading_ai - INFO - YOLO model loaded successfully
2026-09-08 17:59:47 - coconut_grading_ai - INFO - YOLO model loaded successfully
2026-09-08 17:59:47 - coconut_grading_ai - INFO - YOLO model loaded successfully
2026-09-08 17:59:47 - coconut_grading_ai - INFO - YOLO model loaded successfully
2026-09-08 17:59:47 - coconut_grading_ai - INFO - YOLO model loaded successfully
2026-09-08 17:59:47 - coconut_grading_ai - INFO - YOLO model loaded successfully
2026-09-08 17:59:47 - coconut_grading_ai - INFO - YOLO model loaded successfully
2026-09-08 17:59:47 - coconut_grading_ai - INFO - YOLO model loaded successfully
2026-09-08 17:59:47 - coconut_grading_ai - INFO - YOLO model loaded successfully
2026-09-08 17:59:47 - coconut_grading_ai - INFO - YOLO model loaded successfully
2026-09-08 17:59:47 - coconut_grading_ai - INFO - YOLO model loaded successfully
2026-09-08 17:59:47 - coconut_grading_ai - INFO - YOLO model loaded successfully
2026-09-08 17:59:47 - coconut_grading_ai - INFO - YOLO model loaded successfully
2026-09-08 17:59:47 - coconut_grading_ai - INFO - YOLO model loaded successfully
2026-09-08 17:59:47 - coconut_grading_ai - INFO - YOLO model loaded successfully
2026-09-08 17:59:47 - coconut_grading_ai - INFO - YOLO model loaded successfully
2026-09-08 17:59:47 - coconut_grading_ai - INFO - YOLO model loaded successfully
2026-09-08 17:59:47 - coconut_grading_ai - INFO - YOLO model loaded successfully
2026-09-08 17:59:47 - coconut_grading_ai - INFO - YOLO model loaded successfully
2026-09-08 17:59:47 - coconut_grading_ai - INFO - YOLO model loaded successfully
2026-09-08 17:59:47 - coconut_grading_ai - INFO - YOLO model loaded successfully
2026-09-08 17:59:47 - coconut_grading_ai - INFO - YOLO model loaded successfully
2026-09-08 17:59:47 - coconut_grading_ai - INFO - YOLO model loaded successfully
2026-09-08 17:59:47 - coconut_grading_ai - INFO - YOLO model loaded successfully
2026-09-08 17:59:47 - coconut_grading_ai - INFO - YOLO model loaded successfully
2026-09-08 18:00:42 - coconut_grading_ai - INFO - YOLO model loaded successfully
2026-09-08 18:00:42 - coconut_grading_ai - INFO - YOLO model loaded successfully
2026-09-08 18:00:42 - coconut_grading_ai - INFO - YOLO model loaded successfully
2026-09-08 18:00:42 - coconut_grading_ai - INFO - YOLO model loaded successfully
2026-09-08 18:00:42 - coconut_grading_ai - INFO - YOLO model loaded successfully
2026-09-08 18:00:42 - coconut_grading_ai - INFO - YOLO model loaded successfully
2026-09-08 18:00:42 - coconut_grading_ai - INFO - YOLO model loaded successfully
2026-09-08 18:00:42 - coconut_grading_ai - INFO - YOLO model loaded successfully
2026-09-08 18:00:42 - coconut_grading_ai - INFO - YOLO model loaded successfully
2026-09-08 18:00:42 - coconut_grading_ai - INFO - YOLO model loaded successfully
2026-09-08 18:00:42 - coconut_grading_ai - INFO - YOLO model loaded successfully
2026-09-08 18:00:42 - coconut_grading_ai - INFO - YOLO model loaded successfully
2026-09-08 18:00:42 - coconut_grading_ai - INFO - YOLO model loaded successfully
2026-09-08 18:00:42 - coconut_grading_ai - INFO - YOLO model loaded successfully
2026-09-08 18:00:42 - coconut_grading_ai - INFO - YOLO model loaded successfully
2026-09-08 18:00:42 - coconut_grading_ai - INFO - YOLO model loaded successfully
2026-09-08 18:00:42 - coconut_grading_ai - INFO - YOLO model loaded successfully
2026-09-08 18:00:42 - coconut_grading_ai - INFO - YOLO model loaded successfully
2026-09-08 18:00:42 - coconut_grading_ai - INFO - YOLO model loaded successfully
2026-09-08 18:00:42 - coconut_grading_ai - INFO - YOLO model loaded successfully
2026-09-08 18:00:42 - coconut_grading_ai - INFO - YOLO model loaded successfully
2026-09-08 18:00:42 - coconut_grading_ai - INFO - YOLO model loaded successfully
2026-09-08 18:00:42 - coconut_grading_ai - INFO - YOLO model loaded successfully
2026-09-08 18:00:42 - coconut_grading_ai - INFO - YOLO model loaded successfully
2026-09-08 18:00:42 - coconut_grading_ai - INFO - YOLO model loaded successfully
2026-09-08 18:00:42 - coconut_grading_ai - INFO - YOLO model loaded successfully
2026-09-08 18:00:42 - coconut_grading_ai - INFO - YOLO model loaded successfully
2026-09-08 18:00:42 - coconut_grading_ai - INFO - YOLO model loaded successfully
2026-09-08 18:00:42 - coconut_grading_ai - INFO - YOLO model loaded successfully
2026-09-08 18:02:01 - coconut_grading_ai - INFO - YOLO model loaded successfully
2026-09-08 18:02:15 - coconut_grading_ai - INFO - YOLO model loaded successfully
2026-09-08 18:02:15 - coconut_grading_ai - INFO - YOLO model loaded successfully
2026-09-08 18:02:20 - coconut_grading_ai - INFO - YOLO model loaded successfully
2026-09-08 18:02:20 - coconut_grading_ai - INFO - YOLO model loaded successfully
2026-09-08 18:02:20 - coconut_grading_ai - INFO - YOLO model loaded successfully
2026-09-08 18:02:23 - coconut_grading_ai - INFO - YOLO model loaded successfully
2026-09-08 18:02:23 - coconut_grading_ai - INFO - YOLO model loaded successfully
2026-09-08 18:02:23 - coconut_grading_ai - INFO - YOLO model loaded successfully
2026-09-08 18:02:23 - coconut_grading_ai - INFO - YOLO model loaded successfully
2026-09-08 18:02:23 - coconut_grading_ai - INFO - YOLO model loaded successfully
2026-09-08 18:02:23 - coconut_grading_ai - INFO - YOLO model loaded successfully
2026-09-08 18:02:23 - coconut_grading_ai - INFO - YOLO model loaded successfully
2026-09-08 18:02:23 - coconut_grading_ai - INFO - YOLO model loaded successfully
2026-09-08 18:02:23 - coconut_grading_ai - INFO - YOLO model loaded successfully
2026-09-08 18:02:23 - coconut_grading_ai - INFO - YOLO model loaded successfully
2026-09-08 18:02:23 - coconut_grading_ai - INFO - YOLO model loaded successfully
2026-09-08 18:02:23 - coconut_grading_ai - INFO - YOLO model loaded successfully
2026-09-08 18:02:23 - coconut_grading_ai - INFO - YOLO model loaded successfully
2026-09-08 18:02:23 - coconut_grading_ai - INFO - YOLO model loaded successfully
2026-09-08 18:02:23 - coconut_grading_ai - INFO - YOLO model loaded successfully
2026-09-08 18:02:24 - coconut_grading_ai - INFO - User Action: user=Vishnu, action=login, details=successful
2026-09-08 18:02:24 - coconut_grading_ai - INFO - User Action: user=Vishnu, action=login, details=successful
2026-09-08 18:02:24 - coconut_grading_ai - INFO - User Action: user=Vishnu, action=login, details=successful
2026-09-08 18:02:24 - coconut_grading_ai - INFO - User Action: user=Vishnu, action=login, details=successful
2026-09-08 18:02:24 - coconut_grading_ai - INFO - User Action: user=Vishnu, action=login, details=successful
2026-09-08 18:02:24 - coconut_grading_ai - INFO - User Action: user=Vishnu, action=login, details=successful
2026-09-08 18:02:24 - coconut_grading_ai - INFO - YOLO model loaded successfully
2026-09-08 18:02:24 - coconut_grading_ai - INFO - YOLO model loaded successfully
2026-09-08 18:02:24 - coconut_grading_ai - INFO - YOLO model loaded successfully
2026-09-08 18:02:24 - coconut_grading_ai - INFO - YOLO model loaded successfully
2026-09-08 18:02:24 - coconut_grading_ai - INFO - YOLO model loaded successfully
2026-09-08 18:02:24 - coconut_grading_ai - INFO - YOLO model loaded successfully
2026-09-08 18:02:24 - coconut_grading_ai - INFO - YOLO model loaded successfully
2026-09-08 18:02:28 - coconut_grading_ai - INFO - YOLO model loaded successfully
2026-09-08 18:02:28 - coconut_grading_ai - INFO - YOLO model loaded successfully
2026-09-08 18:02:28 - coconut_grading_ai - INFO - YOLO model loaded successfully
2026-09-08 18:02:28 - coconut_grading_ai - INFO - YOLO model loaded successfully
2026-09-08 18:02:28 - coconut_grading_ai - INFO - YOLO model loaded successfully
2026-09-08 18:02:28 - coconut_grading_ai - INFO - YOLO model loaded successfully
2026-09-08 18:02:28 - coconut_grading_ai - INFO - YOLO model loaded successfully
2026-09-08 18:02:28 - coconut_grading_ai - INFO - YOLO model loaded successfully
2026-09-08 18:02:34 - coconut_grading_ai - INFO - YOLO model loaded successfully
2026-09-08 18:02:34 - coconut_grading_ai - INFO - YOLO model loaded successfully
2026-09-08 18:02:34 - coconut_grading_ai - INFO - YOLO model loaded successfully
2026-09-08 18:02:34 - coconut_grading_ai - INFO - YOLO model loaded successfully
2026-09-08 18:02:34 - coconut_grading_ai - INFO - YOLO model loaded successfully
2026-09-08 18:02:34 - coconut_grading_ai - INFO - YOLO model loaded successfully
2026-09-08 18:02:34 - coconut_grading_ai - INFO - YOLO model loaded successfully
2026-09-08 18:02:34 - coconut_grading_ai - INFO - YOLO model loaded successfully
2026-09-08 18:02:34 - coconut_grading_ai - INFO - YOLO model loaded successfully
2026-09-08 18:02:36 - coconut_grading_ai - INFO - YOLO model loaded successfully
2026-09-08 18:02:36 - coconut_grading_ai - INFO - YOLO model loaded successfully
2026-09-08 18:02:36 - coconut_grading_ai - INFO - YOLO model loaded successfully
2026-09-08 18:02:36 - coconut_grading_ai - INFO - YOLO model loaded successfully
2026-09-08 18:02:36 - coconut_grading_ai - INFO - YOLO model loaded successfully
2026-09-08 18:02:36 - coconut_grading_ai - INFO - YOLO model loaded successfully
2026-09-08 18:02:36 - coconut_grading_ai - INFO - YOLO model loaded successfully
2026-09-08 18:02:36 - coconut_grading_ai - INFO - YOLO model loaded successfully
2026-09-08 18:02:36 - coconut_grading_ai - INFO - YOLO model loaded successfully
2026-09-08 18:02:36 - coconut_grading_ai - INFO - YOLO model loaded successfully
2026-09-08 18:04:28 - coconut_grading_ai - INFO - YOLO model loaded successfully
2026-09-08 18:04:28 - coconut_grading_ai - INFO - YOLO model loaded successfully
2026-09-08 18:04:28 - coconut_grading_ai - INFO - YOLO model loaded successfully
2026-09-08 18:04:28 - coconut_grading_ai - INFO - YOLO model loaded successfully
2026-09-08 18:04:28 - coconut_grading_ai - INFO - YOLO model loaded successfully
2026-09-08 18:04:28 - coconut_grading_ai - INFO - YOLO model loaded successfully
2026-09-08 18:04:28 - coconut_grading_ai - INFO - YOLO model loaded successfully
2026-09-08 18:04:28 - coconut_grading_ai - INFO - YOLO model loaded successfully
2026-09-08 18:04:28 - coconut_grading_ai - INFO - YOLO model loaded successfully
2026-09-08 18:04:28 - coconut_grading_ai - INFO - YOLO model loaded successfully
2026-09-08 18:04:28 - coconut_grading_ai - INFO - YOLO model loaded successfully
2026-09-08 18:05:05 - coconut_grading_ai - INFO - YOLO model loaded successfully
2026-09-08 18:05:05 - coconut_grading_ai - INFO - YOLO model loaded successfully
2026-09-08 18:05:05 - coconut_grading_ai - INFO - YOLO model loaded successfully
2026-09-08 18:05:05 - coconut_grading_ai - INFO - YOLO model loaded successfully
2026-09-08 18:05:05 - coconut_grading_ai - INFO - YOLO model loaded successfully
2026-09-08 18:05:05 - coconut_grading_ai - INFO - YOLO model loaded successfully
2026-09-08 18:05:05 - coconut_grading_ai - INFO - YOLO model loaded successfully
2026-09-08 18:05:05 - coconut_grading_ai - INFO - YOLO model loaded successfully
2026-09-08 18:05:05 - coconut_grading_ai - INFO - YOLO model loaded successfully
2026-09-08 18:05:05 - coconut_grading_ai - INFO - YOLO model loaded successfully
2026-09-08 18:05:05 - coconut_grading_ai - INFO - YOLO model loaded successfully
2026-09-08 18:05:05 - coconut_grading_ai - INFO - YOLO model loaded successfully
2026-09-08 18:05:34 - coconut_grading_ai - INFO - YOLO model loaded successfully
2026-09-08 18:05:34 - coconut_grading_ai - INFO - YOLO model loaded successfully
2026-09-08 18:05:34 - coconut_grading_ai - INFO - YOLO model loaded successfully
2026-09-08 18:05:34 - coconut_grading_ai - INFO - YOLO model loaded successfully
2026-09-08 18:05:34 - coconut_grading_ai - INFO - YOLO model loaded successfully
2026-09-08 18:05:34 - coconut_grading_ai - INFO - YOLO model loaded successfully
2026-09-08 18:05:34 - coconut_grading_ai - INFO - YOLO model loaded successfully
2026-09-08 18:05:34 - coconut_grading_ai - INFO - YOLO model loaded successfully
2026-09-08 18:05:34 - coconut_grading_ai - INFO - YOLO model loaded successfully
2026-09-08 18:05:34 - coconut_grading_ai - INFO - YOLO model loaded successfully
2026-09-08 18:05:34 - coconut_grading_ai - INFO - YOLO model loaded successfully
2026-09-08 18:05:34 - coconut_grading_ai - INFO - YOLO model loaded successfully
2026-09-08 18:05:34 - coconut_grading_ai - INFO - YOLO model loaded successfully
2026-09-08 18:05:34 - coconut_grading_ai - INFO - User Action: user=testfarmer, action=login, details=successful
2026-09-08 18:05:34 - coconut_grading_ai - INFO - User Action: user=testfarmer, action=login, details=successful
2026-09-08 18:05:34 - coconut_grading_ai - INFO - User Action: user=testfarmer, action=login, details=successful
2026-09-08 18:05:34 - coconut_grading_ai - INFO - User Action: user=testfarmer, action=login, details=successful
2026-09-08 18:05:34 - coconut_grading_ai - INFO - User Action: user=testfarmer, action=login, details=successful
2026-09-08 18:05:34 - coconut_grading_ai - INFO - User Action: user=testfarmer, action=login, details=successful
2026-09-08 18:05:34 - coconut_grading_ai - INFO - User Action: user=testfarmer, action=login, details=successful
2026-09-08 18:05:34 - coconut_grading_ai - INFO - User Action: user=testfarmer, action=login, details=successful
2026-09-08 18:05:34 - coconut_grading_ai - INFO - User Action: user=testfarmer, action=login, details=successful
2026-09-08 18:05:34 - coconut_grading_ai - INFO - User Action: user=testfarmer, action=login, details=successful
2026-09-08 18:05:34 - coconut_grading_ai - INFO - User Action: user=testfarmer, action=login, details=successful
2026-09-08 18:05:34 - coconut_grading_ai - INFO - User Action: user=testfarmer, action=login, details=successful
2026-09-08 18:05:34 - coconut_grading_ai - INFO - User Action: user=testfarmer, action=login, details=successful
2026-09-08 18:05:34 - coconut_grading_ai - INFO - YOLO model loaded successfully
2026-09-08 18:05:34 - coconut_grading_ai - INFO - YOLO model loaded successfully
2026-09-08 18:05:34 - coconut_grading_ai - INFO - YOLO model loaded successfully
2026-09-08 18:05:34 - coconut_grading_ai - INFO - YOLO model loaded successfully
2026-09-08 18:05:34 - coconut_grading_ai - INFO - YOLO model loaded successfully
2026-09-08 18:05:34 - coconut_grading_ai - INFO - YOLO model loaded successfully
2026-09-08 18:05:34 - coconut_grading_ai - INFO - YOLO model loaded successfully
2026-09-08 18:05:34 - coconut_grading_ai - INFO - YOLO model loaded successfully
2026-09-08 18:05:34 - coconut_grading_ai - INFO - YOLO model loaded successfully
2026-09-08 18:05:34 - coconut_grading_ai - INFO - YOLO model loaded successfully
2026-09-08 18:05:34 - coconut_grading_ai - INFO - YOLO model loaded successfully
2026-09-08 18:05:34 - coconut_grading_ai - INFO - YOLO model loaded successfully
2026-09-08 18:05:34 - coconut_grading_ai - INFO - YOLO model loaded successfully
2026-09-08 18:05:34 - coconut_grading_ai - INFO - YOLO model loaded successfully
2026-09-08 18:06:16 - coconut_grading_ai - INFO - YOLO model loaded successfully
2026-09-08 18:06:16 - coconut_grading_ai - INFO - YOLO model loaded successfully
2026-09-08 18:06:16 - coconut_grading_ai - INFO - YOLO model loaded successfully
2026-09-08 18:06:16 - coconut_grading_ai - INFO - YOLO model loaded successfully
2026-09-08 18:06:16 - coconut_grading_ai - INFO - YOLO model loaded successfully
2026-09-08 18:06:16 - coconut_grading_ai - INFO - YOLO model loaded successfully
2026-09-08 18:06:16 - coconut_grading_ai - INFO - YOLO model loaded successfully
2026-09-08 18:06:16 - coconut_grading_ai - INFO - YOLO model loaded successfully
2026-09-08 18:06:16 - coconut_grading_ai - INFO - YOLO model loaded successfully
2026-09-08 18:06:16 - coconut_grading_ai - INFO - YOLO model loaded successfully
2026-09-08 18:06:16 - coconut_grading_ai - INFO - YOLO model loaded successfully
2026-09-08 18:06:16 - coconut_grading_ai - INFO - YOLO model loaded successfully
2026-09-08 18:06:16 - coconut_grading_ai - INFO - YOLO model loaded successfully
2026-09-08 18:06:16 - coconut_grading_ai - INFO - YOLO model loaded successfully
2026-09-08 18:06:16 - coconut_grading_ai - INFO - YOLO model loaded successfully
2026-09-08 18:06:37 - coconut_grading_ai - INFO - YOLO model loaded successfully
2026-09-08 18:06:37 - coconut_grading_ai - INFO - YOLO model loaded successfully
2026-09-08 18:06:37 - coconut_grading_ai - INFO - YOLO model loaded successfully
2026-09-08 18:06:37 - coconut_grading_ai - INFO - YOLO model loaded successfully
2026-09-08 18:06:37 - coconut_grading_ai - INFO - YOLO model loaded successfully
2026-09-08 18:06:37 - coconut_grading_ai - INFO - YOLO model loaded successfully
2026-09-08 18:06:37 - coconut_grading_ai - INFO - YOLO model loaded successfully
2026-09-08 18:06:37 - coconut_grading_ai - INFO - YOLO model loaded successfully
2026-09-08 18:06:37 - coconut_grading_ai - INFO - YOLO model loaded successfully
2026-09-08 18:06:37 - coconut_grading_ai - INFO - YOLO model loaded successfully
2026-09-08 18:06:37 - coconut_grading_ai - INFO - YOLO model loaded successfully
2026-09-08 18:06:37 - coconut_grading_ai - INFO - YOLO model loaded successfully
2026-09-08 18:06:37 - coconut_grading_ai - INFO - YOLO model loaded successfully
2026-09-08 18:06:37 - coconut_grading_ai - INFO - YOLO model loaded successfully
2026-09-08 18:06:37 - coconut_grading_ai - INFO - YOLO model loaded successfully
2026-09-08 18:06:37 - coconut_grading_ai - INFO - YOLO model loaded successfully
2026-09-08 18:06:45 - coconut_grading_ai - INFO - YOLO model loaded successfully
2026-09-08 18:06:45 - coconut_grading_ai - INFO - YOLO model loaded successfully
2026-09-08 18:06:45 - coconut_grading_ai - INFO - YOLO model loaded successfully
2026-09-08 18:06:45 - coconut_grading_ai - INFO - YOLO model loaded successfully
2026-09-08 18:06:45 - coconut_grading_ai - INFO - YOLO model loaded successfully
2026-09-08 18:06:45 - coconut_grading_ai - INFO - YOLO model loaded successfully
2026-09-08 18:06:45 - coconut_grading_ai - INFO - YOLO model loaded successfully
2026-09-08 18:06:45 - coconut_grading_ai - INFO - YOLO model loaded successfully
2026-09-08 18:06:45 - coconut_grading_ai - INFO - YOLO model loaded successfully
2026-09-08 18:06:45 - coconut_grading_ai - INFO - YOLO model loaded successfully
2026-09-08 18:06:45 - coconut_grading_ai - INFO - YOLO model loaded successfully
2026-09-08 18:06:45 - coconut_grading_ai - INFO - YOLO model loaded successfully
2026-09-08 18:06:45 - coconut_grading_ai - INFO - YOLO model loaded successfully
2026-09-08 18:06:45 - coconut_grading_ai - INFO - YOLO model loaded successfully
2026-09-08 18:06:45 - coconut_grading_ai - INFO - YOLO model loaded successfully
2026-09-08 18:06:45 - coconut_grading_ai - INFO - YOLO model loaded successfully
2026-09-08 18:06:45 - coconut_grading_ai - INFO - YOLO model loaded successfully
2026-09-08 18:06:47 - coconut_grading_ai - INFO - YOLO model loaded successfully
2026-09-08 18:06:47 - coconut_grading_ai - INFO - YOLO model loaded successfully
2026-09-08 18:06:47 - coconut_grading_ai - INFO - YOLO model loaded successfully
2026-09-08 18:06:47 - coconut_grading_ai - INFO - YOLO model loaded successfully
2026-09-08 18:06:47 - coconut_grading_ai - INFO - YOLO model loaded successfully
2026-09-08 18:06:47 - coconut_grading_ai - INFO - YOLO model loaded successfully
2026-09-08 18:06:47 - coconut_grading_ai - INFO - YOLO model loaded successfully
2026-09-08 18:06:47 - coconut_grading_ai - INFO - YOLO model loaded successfully
2026-09-08 18:06:47 - coconut_grading_ai - INFO - YOLO model loaded successfully
2026-09-08 18:06:47 - coconut_grading_ai - INFO - YOLO model loaded successfully
2026-09-08 18:06:47 - coconut_grading_ai - INFO - YOLO model loaded successfully
2026-09-08 18:06:47 - coconut_grading_ai - INFO - YOLO model loaded successfully
2026-09-08 18:06:47 - coconut_grading_ai - INFO - YOLO model loaded successfully
2026-09-08 18:06:47 - coconut_grading_ai - INFO - YOLO model loaded successfully
2026-09-08 18:06:47 - coconut_grading_ai - INFO - YOLO model loaded successfully
2026-09-08 18:06:47 - coconut_grading_ai - INFO - YOLO model loaded successfully
2026-09-08 18:06:47 - coconut_grading_ai - INFO - YOLO model loaded successfully
2026-09-08 18:06:47 - coconut_grading_ai - INFO - YOLO model loaded successfully
2026-09-08 18:06:49 - coconut_grading_ai - INFO - YOLO model loaded successfully
2026-09-08 18:06:49 - coconut_grading_ai - INFO - YOLO model loaded successfully
2026-09-08 18:06:49 - coconut_grading_ai - INFO - YOLO model loaded successfully
2026-09-08 18:06:49 - coconut_grading_ai - INFO - YOLO model loaded successfully
2026-09-08 18:06:49 - coconut_grading_ai - INFO - YOLO model loaded successfully
2026-09-08 18:06:49 - coconut_grading_ai - INFO - YOLO model loaded successfully
2026-09-08 18:06:49 - coconut_grading_ai - INFO - YOLO model loaded successfully
2026-09-08 18:06:49 - coconut_grading_ai - INFO - YOLO model loaded successfully
2026-09-08 18:06:49 - coconut_grading_ai - INFO - YOLO model loaded successfully
2026-09-08 18:06:49 - coconut_grading_ai - INFO - YOLO model loaded successfully
2026-09-08 18:06:49 - coconut_grading_ai - INFO - YOLO model loaded successfully
2026-09-08 18:06:49 - coconut_grading_ai - INFO - YOLO model loaded successfully
2026-09-08 18:06:49 - coconut_grading_ai - INFO - YOLO model loaded successfully
2026-09-08 18:06:49 - coconut_grading_ai - INFO - YOLO model loaded successfully
2026-09-08 18:06:49 - coconut_grading_ai - INFO - YOLO model loaded successfully
2026-09-08 18:06:49 - coconut_grading_ai - INFO - YOLO model loaded successfully
2026-09-08 18:06:49 - coconut_grading_ai - INFO - YOLO model loaded successfully
2026-09-08 18:06:49 - coconut_grading_ai - INFO - YOLO model loaded successfully
2026-09-08 18:06:49 - coconut_grading_ai - INFO - YOLO model loaded successfully
2026-09-08 18:06:49 - coconut_grading_ai - INFO - User Action: user=Vishnu, action=login, details=successful
2026-09-08 18:06:49 - coconut_grading_ai - INFO - User Action: user=Vishnu, action=login, details=successful
2026-09-08 18:06:49 - coconut_grading_ai - INFO - User Action: user=Vishnu, action=login, details=successful
2026-09-08 18:06:49 - coconut_grading_ai - INFO - User Action: user=Vishnu, action=login, details=successful
2026-09-08 18:06:49 - coconut_grading_ai - INFO - User Action: user=Vishnu, action=login, details=successful
2026-09-08 18:06:49 - coconut_grading_ai - INFO - User Action: user=Vishnu, action=login, details=successful
2026-09-08 18:06:49 - coconut_grading_ai - INFO - User Action: user=Vishnu, action=login, details=successful
2026-09-08 18:06:49 - coconut_grading_ai - INFO - User Action: user=Vishnu, action=login, details=successful
2026-09-08 18:06:49 - coconut_grading_ai - INFO - User Action: user=Vishnu, action=login, details=successful
2026-09-08 18:06:49 - coconut_grading_ai - INFO - User Action: user=Vishnu, action=login, details=successful
2026-09-08 18:06:49 - coconut_grading_ai - INFO - User Action: user=Vishnu, action=login, details=successful
2026-09-08 18:06:49 - coconut_grading_ai - INFO - User Action: user=Vishnu, action=login, details=successful
2026-09-08 18:06:49 - coconut_grading_ai - INFO - User Action: user=Vishnu, action=login, details=successful
2026-09-08 18:06:49 - coconut_grading_ai - INFO - User Action: user=Vishnu, action=login, details=successful
2026-09-08 18:06:49 - coconut_grading_ai - INFO - User Action: user=Vishnu, action=login, details=successful
2026-09-08 18:06:49 - coconut_grading_ai - INFO - User Action: user=Vishnu, action=login, details=successful
2026-09-08 18:06:49 - coconut_grading_ai - INFO - User Action: user=Vishnu, action=login, details=successful
2026-09-08 18:06:49 - coconut_grading_ai - INFO - User Action: user=Vishnu, action=login, details=successful
2026-09-08 18:06:49 - coconut_grading_ai - INFO - User Action: user=Vishnu, action=login, details=successful
2026-09-08 18:06:50 - coconut_grading_ai - INFO - YOLO model loaded successfully
2026-09-08 18:06:50 - coconut_grading_ai - INFO - YOLO model loaded successfully
2026-09-08 18:06:50 - coconut_grading_ai - INFO - YOLO model loaded successfully
2026-09-08 18:06:50 - coconut_grading_ai - INFO - YOLO model loaded successfully
2026-09-08 18:06:50 - coconut_grading_ai - INFO - YOLO model loaded successfully
2026-09-08 18:06:50 - coconut_grading_ai - INFO - YOLO model loaded successfully
2026-09-08 18:06:50 - coconut_grading_ai - INFO - YOLO model loaded successfully
2026-09-08 18:06:50 - coconut_grading_ai - INFO - YOLO model loaded successfully
2026-09-08 18:06:50 - coconut_grading_ai - INFO - YOLO model loaded successfully
2026-09-08 18:06:50 - coconut_grading_ai - INFO - YOLO model loaded successfully
2026-09-08 18:06:50 - coconut_grading_ai - INFO - YOLO model loaded successfully
2026-09-08 18:06:50 - coconut_grading_ai - INFO - YOLO model loaded successfully
2026-09-08 18:06:50 - coconut_grading_ai - INFO - YOLO model loaded successfully
2026-09-08 18:06:50 - coconut_grading_ai - INFO - YOLO model loaded successfully
2026-09-08 18:06:50 - coconut_grading_ai - INFO - YOLO model loaded successfully
2026-09-08 18:06:50 - coconut_grading_ai - INFO - YOLO model loaded successfully
2026-09-08 18:06:50 - coconut_grading_ai - INFO - YOLO model loaded successfully
2026-09-08 18:06:50 - coconut_grading_ai - INFO - YOLO model loaded successfully
2026-09-08 18:06:50 - coconut_grading_ai - INFO - YOLO model loaded successfully
2026-09-08 18:06:50 - coconut_grading_ai - INFO - YOLO model loaded successfully
2026-09-08 18:06:54 - coconut_grading_ai - INFO - YOLO model loaded successfully
2026-09-08 18:06:54 - coconut_grading_ai - INFO - YOLO model loaded successfully
2026-09-08 18:06:54 - coconut_grading_ai - INFO - YOLO model loaded successfully
2026-09-08 18:06:54 - coconut_grading_ai - INFO - YOLO model loaded successfully
2026-09-08 18:06:54 - coconut_grading_ai - INFO - YOLO model loaded successfully
2026-09-08 18:06:54 - coconut_grading_ai - INFO - YOLO model loaded successfully
2026-09-08 18:06:54 - coconut_grading_ai - INFO - YOLO model loaded successfully
2026-09-08 18:06:54 - coconut_grading_ai - INFO - YOLO model loaded successfully
2026-09-08 18:06:54 - coconut_grading_ai - INFO - YOLO model loaded successfully
2026-09-08 18:06:54 - coconut_grading_ai - INFO - YOLO model loaded successfully
2026-09-08 18:06:54 - coconut_grading_ai - INFO - YOLO model loaded successfully
2026-09-08 18:06:54 - coconut_grading_ai - INFO - YOLO model loaded successfully
2026-09-08 18:06:54 - coconut_grading_ai - INFO - YOLO model loaded successfully
2026-09-08 18:06:54 - coconut_grading_ai - INFO - YOLO model loaded successfully
2026-09-08 18:06:54 - coconut_grading_ai - INFO - YOLO model loaded successfully
2026-09-08 18:06:54 - coconut_grading_ai - INFO - YOLO model loaded successfully
2026-09-08 18:06:54 - coconut_grading_ai - INFO - YOLO model loaded successfully
2026-09-08 18:06:54 - coconut_grading_ai - INFO - YOLO model loaded successfully
2026-09-08 18:06:54 - coconut_grading_ai - INFO - YOLO model loaded successfully
2026-09-08 18:06:54 - coconut_grading_ai - INFO - YOLO model loaded successfully
2026-09-08 18:06:54 - coconut_grading_ai - INFO - YOLO model loaded successfully
2026-09-08 18:06:58 - coconut_grading_ai - INFO - YOLO model loaded successfully
2026-09-08 18:06:58 - coconut_grading_ai - INFO - YOLO model loaded successfully
2026-09-08 18:06:58 - coconut_grading_ai - INFO - YOLO model loaded successfully
2026-09-08 18:06:58 - coconut_grading_ai - INFO - YOLO model loaded successfully
2026-09-08 18:06:58 - coconut_grading_ai - INFO - YOLO model loaded successfully
2026-09-08 18:06:58 - coconut_grading_ai - INFO - YOLO model loaded successfully
2026-09-08 18:06:58 - coconut_grading_ai - INFO - YOLO model loaded successfully
2026-09-08 18:06:58 - coconut_grading_ai - INFO - YOLO model loaded successfully
2026-09-08 18:06:58 - coconut_grading_ai - INFO - YOLO model loaded successfully
2026-09-08 18:06:58 - coconut_grading_ai - INFO - YOLO model loaded successfully
2026-09-08 18:06:58 - coconut_grading_ai - INFO - YOLO model loaded successfully
2026-09-08 18:06:58 - coconut_grading_ai - INFO - YOLO model loaded successfully
2026-09-08 18:06:58 - coconut_grading_ai - INFO - YOLO model loaded successfully
2026-09-08 18:06:58 - coconut_grading_ai - INFO - YOLO model loaded successfully
2026-09-08 18:06:58 - coconut_grading_ai - INFO - YOLO model loaded successfully
2026-09-08 18:06:58 - coconut_grading_ai - INFO - YOLO model loaded successfully
2026-09-08 18:06:58 - coconut_grading_ai - INFO - YOLO model loaded successfully
2026-09-08 18:06:58 - coconut_grading_ai - INFO - YOLO model loaded successfully
2026-09-08 18:06:58 - coconut_grading_ai - INFO - YOLO model loaded successfully
2026-09-08 18:06:58 - coconut_grading_ai - INFO - YOLO model loaded successfully
2026-09-08 18:06:58 - coconut_grading_ai - INFO - YOLO model loaded successfully
2026-09-08 18:06:58 - coconut_grading_ai - INFO - YOLO model loaded successfully
2026-09-08 18:07:02 - coconut_grading_ai - INFO - YOLO model loaded successfully
2026-09-08 18:07:02 - coconut_grading_ai - INFO - YOLO model loaded successfully
2026-09-08 18:07:02 - coconut_grading_ai - INFO - YOLO model loaded successfully
2026-09-08 18:07:02 - coconut_grading_ai - INFO - YOLO model loaded successfully
2026-09-08 18:07:02 - coconut_grading_ai - INFO - YOLO model loaded successfully
2026-09-08 18:07:02 - coconut_grading_ai - INFO - YOLO model loaded successfully
2026-09-08 18:07:02 - coconut_grading_ai - INFO - YOLO model loaded successfully
2026-09-08 18:07:02 - coconut_grading_ai - INFO - YOLO model loaded successfully
2026-09-08 18:07:02 - coconut_grading_ai - INFO - YOLO model loaded successfully
2026-09-08 18:07:02 - coconut_grading_ai - INFO - YOLO model loaded successfully
2026-09-08 18:07:02 - coconut_grading_ai - INFO - YOLO model loaded successfully
2026-09-08 18:07:02 - coconut_grading_ai - INFO - YOLO model loaded successfully
2026-09-08 18:07:02 - coconut_grading_ai - INFO - YOLO model loaded successfully
2026-09-08 18:07:02 - coconut_grading_ai - INFO - YOLO model loaded successfully
2026-09-08 18:07:02 - coconut_grading_ai - INFO - YOLO model loaded successfully
2026-09-08 18:07:02 - coconut_grading_ai - INFO - YOLO model loaded successfully
2026-09-08 18:07:02 - coconut_grading_ai - INFO - YOLO model loaded successfully
2026-09-08 18:07:02 - coconut_grading_ai - INFO - YOLO model loaded successfully
2026-09-08 18:07:02 - coconut_grading_ai - INFO - YOLO model loaded successfully
2026-09-08 18:07:02 - coconut_grading_ai - INFO - YOLO model loaded successfully
2026-09-08 18:07:02 - coconut_grading_ai - INFO - YOLO model loaded successfully
2026-09-08 18:07:02 - coconut_grading_ai - INFO - YOLO model loaded successfully
2026-09-08 18:07:02 - coconut_grading_ai - INFO - YOLO model loaded successfully
2026-09-08 18:07:08 - coconut_grading_ai - INFO - Batch Processing: user=Vishnu, batch=batch_36, images=36, coconuts=53, time=6.00s
2026-09-08 18:07:08 - coconut_grading_ai - INFO - Batch Processing: user=Vishnu, batch=batch_36, images=36, coconuts=53, time=6.00s
2026-09-08 18:07:08 - coconut_grading_ai - INFO - Batch Processing: user=Vishnu, batch=batch_36, images=36, coconuts=53, time=6.00s
2026-09-08 18:07:08 - coconut_grading_ai - INFO - Batch Processing: user=Vishnu, batch=batch_36, images=36, coconuts=53, time=6.00s
2026-09-08 18:07:08 - coconut_grading_ai - INFO - Batch Processing: user=Vishnu, batch=batch_36, images=36, coconuts=53, time=6.00s
2026-09-08 18:07:08 - coconut_grading_ai - INFO - Batch Processing: user=Vishnu, batch=batch_36, images=36, coconuts=53, time=6.00s
2026-09-08 18:07:08 - coconut_grading_ai - INFO - Batch Processing: user=Vishnu, batch=batch_36, images=36, coconuts=53, time=6.00s
2026-09-08 18:07:08 - coconut_grading_ai - INFO - Batch Processing: user=Vishnu, batch=batch_36, images=36, coconuts=53, time=6.00s
2026-09-08 18:07:08 - coconut_grading_ai - INFO - Batch Processing: user=Vishnu, batch=batch_36, images=36, coconuts=53, time=6.00s
2026-09-08 18:07:08 - coconut_grading_ai - INFO - Batch Processing: user=Vishnu, batch=batch_36, images=36, coconuts=53, time=6.00s
2026-09-08 18:07:08 - coconut_grading_ai - INFO - Batch Processing: user=Vishnu, batch=batch_36, images=36, coconuts=53, time=6.00s
2026-09-08 18:07:08 - coconut_grading_ai - INFO - Batch Processing: user=Vishnu, batch=batch_36, images=36, coconuts=53, time=6.00s
2026-09-08 18:07:08 - coconut_grading_ai - INFO - Batch Processing: user=Vishnu, batch=batch_36, images=36, coconuts=53, time=6.00s
2026-09-08 18:07:08 - coconut_grading_ai - INFO - Batch Processing: user=Vishnu, batch=batch_36, images=36, coconuts=53, time=6.00s
2026-09-08 18:07:08 - coconut_grading_ai - INFO - Batch Processing: user=Vishnu, batch=batch_36, images=36, coconuts=53, time=6.00s
2026-09-08 18:07:08 - coconut_grading_ai - INFO - Batch Processing: user=Vishnu, batch=batch_36, images=36, coconuts=53, time=6.00s
2026-09-08 18:07:08 - coconut_grading_ai - INFO - Batch Processing: user=Vishnu, batch=batch_36, images=36, coconuts=53, time=6.00s
2026-09-08 18:07:08 - coconut_grading_ai - INFO - Batch Processing: user=Vishnu, batch=batch_36, images=36, coconuts=53, time=6.00s
2026-09-08 18:07:08 - coconut_grading_ai - INFO - Batch Processing: user=Vishnu, batch=batch_36, images=36, coconuts=53, time=6.00s
2026-09-08 18:07:08 - coconut_grading_ai - INFO - Batch Processing: user=Vishnu, batch=batch_36, images=36, coconuts=53, time=6.00s
2026-09-08 18:07:08 - coconut_grading_ai - INFO - Batch Processing: user=Vishnu, batch=batch_36, images=36, coconuts=53, time=6.00s
2026-09-08 18:07:08 - coconut_grading_ai - INFO - Batch Processing: user=Vishnu, batch=batch_36, images=36, coconuts=53, time=6.00s
2026-09-08 18:07:08 - coconut_grading_ai - INFO - Batch Processing: user=Vishnu, batch=batch_36, images=36, coconuts=53, time=6.00s
2026-09-08 18:07:22 - coconut_grading_ai - INFO - YOLO model loaded successfully
2026-09-08 18:07:22 - coconut_grading_ai - INFO - YOLO model loaded successfully
2026-09-08 18:07:22 - coconut_grading_ai - INFO - YOLO model loaded successfully
2026-09-08 18:07:22 - coconut_grading_ai - INFO - YOLO model loaded successfully
2026-09-08 18:07:22 - coconut_grading_ai - INFO - YOLO model loaded successfully
2026-09-08 18:07:22 - coconut_grading_ai - INFO - YOLO model loaded successfully
2026-09-08 18:07:22 - coconut_grading_ai - INFO - YOLO model loaded successfully
2026-09-08 18:07:22 - coconut_grading_ai - INFO - YOLO model loaded successfully
2026-09-08 18:07:22 - coconut_grading_ai - INFO - YOLO model loaded successfully
2026-09-08 18:07:22 - coconut_grading_ai - INFO - YOLO model loaded successfully
2026-09-08 18:07:22 - coconut_grading_ai - INFO - YOLO model loaded successfully
2026-09-08 18:07:22 - coconut_grading_ai - INFO - YOLO model loaded successfully
2026-09-08 18:07:22 - coconut_grading_ai - INFO - YOLO model loaded successfully
2026-09-08 18:07:22 - coconut_grading_ai - INFO - YOLO model loaded successfully
2026-09-08 18:07:22 - coconut_grading_ai - INFO - YOLO model loaded successfully
2026-09-08 18:07:22 - coconut_grading_ai - INFO - YOLO model loaded successfully
2026-09-08 18:07:22 - coconut_grading_ai - INFO - YOLO model loaded successfully
2026-09-08 18:07:22 - coconut_grading_ai - INFO - YOLO model loaded successfully
2026-09-08 18:07:22 - coconut_grading_ai - INFO - YOLO model loaded successfully
2026-09-08 18:07:22 - coconut_grading_ai - INFO - YOLO model loaded successfully
2026-09-08 18:07:22 - coconut_grading_ai - INFO - YOLO model loaded successfully
2026-09-08 18:07:22 - coconut_grading_ai - INFO - YOLO model loaded successfully
2026-09-08 18:07:22 - coconut_grading_ai - INFO - YOLO model loaded successfully
2026-09-08 18:07:22 - coconut_grading_ai - INFO - YOLO model loaded successfully
2026-09-08 18:08:00 - coconut_grading_ai - INFO - YOLO model loaded successfully
2026-09-08 18:08:00 - coconut_grading_ai - INFO - YOLO model loaded successfully
2026-09-08 18:08:00 - coconut_grading_ai - INFO - YOLO model loaded successfully
2026-09-08 18:08:00 - coconut_grading_ai - INFO - YOLO model loaded successfully
2026-09-08 18:08:00 - coconut_grading_ai - INFO - YOLO model loaded successfully
2026-09-08 18:08:00 - coconut_grading_ai - INFO - YOLO model loaded successfully
2026-09-08 18:08:00 - coconut_grading_ai - INFO - YOLO model loaded successfully
2026-09-08 18:08:00 - coconut_grading_ai - INFO - YOLO model loaded successfully
2026-09-08 18:08:00 - coconut_grading_ai - INFO - YOLO model loaded successfully
2026-09-08 18:08:00 - coconut_grading_ai - INFO - YOLO model loaded successfully
2026-09-08 18:08:00 - coconut_grading_ai - INFO - YOLO model loaded successfully
2026-09-08 18:08:00 - coconut_grading_ai - INFO - YOLO model loaded successfully
2026-09-08 18:08:00 - coconut_grading_ai - INFO - YOLO model loaded successfully
2026-09-08 18:08:00 - coconut_grading_ai - INFO - YOLO model loaded successfully
2026-09-08 18:08:00 - coconut_grading_ai - INFO - YOLO model loaded successfully
2026-09-08 18:08:00 - coconut_grading_ai - INFO - YOLO model loaded successfully
2026-09-08 18:08:00 - coconut_grading_ai - INFO - YOLO model loaded successfully
2026-09-08 18:08:00 - coconut_grading_ai - INFO - YOLO model loaded successfully
2026-09-08 18:08:00 - coconut_grading_ai - INFO - YOLO model loaded successfully
2026-09-08 18:08:00 - coconut_grading_ai - INFO - YOLO model loaded successfully
2026-09-08 18:08:00 - coconut_grading_ai - INFO - YOLO model loaded successfully
2026-09-08 18:08:00 - coconut_grading_ai - INFO - YOLO model loaded successfully
2026-09-08 18:08:00 - coconut_grading_ai - INFO - YOLO model loaded successfully
2026-09-08 18:08:00 - coconut_grading_ai - INFO - YOLO model loaded successfully
2026-09-08 18:08:00 - coconut_grading_ai - INFO - YOLO model loaded successfully
2026-09-08 18:08:13 - coconut_grading_ai - INFO - YOLO model loaded successfully
2026-09-08 18:08:13 - coconut_grading_ai - INFO - YOLO model loaded successfully
2026-09-08 18:08:13 - coconut_grading_ai - INFO - YOLO model loaded successfully
2026-09-08 18:08:13 - coconut_grading_ai - INFO - YOLO model loaded successfully
2026-09-08 18:08:13 - coconut_grading_ai - INFO - YOLO model loaded successfully
2026-09-08 18:08:13 - coconut_grading_ai - INFO - YOLO model loaded successfully
2026-09-08 18:08:13 - coconut_grading_ai - INFO - YOLO model loaded successfully
2026-09-08 18:08:13 - coconut_grading_ai - INFO - YOLO model loaded successfully
2026-09-08 18:08:13 - coconut_grading_ai - INFO - YOLO model loaded successfully
2026-09-08 18:08:13 - coconut_grading_ai - INFO - YOLO model loaded successfully
2026-09-08 18:08:13 - coconut_grading_ai - INFO - YOLO model loaded successfully
2026-09-08 18:08:13 - coconut_grading_ai - INFO - YOLO model loaded successfully
2026-09-08 18:08:13 - coconut_grading_ai - INFO - YOLO model loaded successfully
2026-09-08 18:08:13 - coconut_grading_ai - INFO - YOLO model loaded successfully
2026-09-08 18:08:13 - coconut_grading_ai - INFO - YOLO model loaded successfully
2026-09-08 18:08:13 - coconut_grading_ai - INFO - YOLO model loaded successfully
2026-09-08 18:08:13 - coconut_grading_ai - INFO - YOLO model loaded successfully
2026-09-08 18:08:13 - coconut_grading_ai - INFO - YOLO model loaded successfully
2026-09-08 18:08:13 - coconut_grading_ai - INFO - YOLO model loaded successfully
2026-09-08 18:08:13 - coconut_grading_ai - INFO - YOLO model loaded successfully
2026-09-08 18:08:13 - coconut_grading_ai - INFO - YOLO model loaded successfully
2026-09-08 18:08:13 - coconut_grading_ai - INFO - YOLO model loaded successfully
2026-09-08 18:08:13 - coconut_grading_ai - INFO - YOLO model loaded successfully
2026-09-08 18:08:13 - coconut_grading_ai - INFO - YOLO model loaded successfully
2026-09-08 18:08:13 - coconut_grading_ai - INFO - YOLO model loaded successfully
2026-09-08 18:08:13 - coconut_grading_ai - INFO - YOLO model loaded successfully
2026-09-08 18:08:15 - coconut_grading_ai - INFO - YOLO model loaded successfully
2026-09-08 18:08:15 - coconut_grading_ai - INFO - YOLO model loaded successfully
2026-09-08 18:08:15 - coconut_grading_ai - INFO - YOLO model loaded successfully
2026-09-08 18:08:15 - coconut_grading_ai - INFO - YOLO model loaded successfully
2026-09-08 18:08:15 - coconut_grading_ai - INFO - YOLO model loaded successfully
2026-09-08 18:08:15 - coconut_grading_ai - INFO - YOLO model loaded successfully
2026-09-08 18:08:15 - coconut_grading_ai - INFO - YOLO model loaded successfully
2026-09-08 18:08:15 - coconut_grading_ai - INFO - YOLO model loaded successfully
2026-09-08 18:08:15 - coconut_grading_ai - INFO - YOLO model loaded successfully
2026-09-08 18:08:15 - coconut_grading_ai - INFO - YOLO model loaded successfully
2026-09-08 18:08:15 - coconut_grading_ai - INFO - YOLO model loaded successfully
2026-09-08 18:08:15 - coconut_grading_ai - INFO - YOLO model loaded successfully
2026-09-08 18:08:15 - coconut_grading_ai - INFO - YOLO model loaded successfully
2026-09-08 18:08:15 - coconut_grading_ai - INFO - YOLO model loaded successfully
2026-09-08 18:08:15 - coconut_grading_ai - INFO - YOLO model loaded successfully
2026-09-08 18:08:15 - coconut_grading_ai - INFO - YOLO model loaded successfully
2026-09-08 18:08:15 - coconut_grading_ai - INFO - YOLO model loaded successfully
2026-09-08 18:08:15 - coconut_grading_ai - INFO - YOLO model loaded successfully
2026-09-08 18:08:15 - coconut_grading_ai - INFO - YOLO model loaded successfully
2026-09-08 18:08:15 - coconut_grading_ai - INFO - YOLO model loaded successfully
2026-09-08 18:08:15 - coconut_grading_ai - INFO - YOLO model loaded successfully
2026-09-08 18:08:15 - coconut_grading_ai - INFO - YOLO model loaded successfully
2026-09-08 18:08:15 - coconut_grading_ai - INFO - YOLO model loaded successfully
2026-09-08 18:08:15 - coconut_grading_ai - INFO - YOLO model loaded successfully
2026-09-08 18:08:15 - coconut_grading_ai - INFO - YOLO model loaded successfully
2026-09-08 18:08:15 - coconut_grading_ai - INFO - YOLO model loaded successfully
2026-09-08 18:08:15 - coconut_grading_ai - INFO - YOLO model loaded successfully
2026-09-08 18:08:18 - coconut_grading_ai - INFO - YOLO model loaded successfully
2026-09-08 18:08:18 - coconut_grading_ai - INFO - YOLO model loaded successfully
2026-09-08 18:08:18 - coconut_grading_ai - INFO - YOLO model loaded successfully
2026-09-08 18:08:18 - coconut_grading_ai - INFO - YOLO model loaded successfully
2026-09-08 18:08:18 - coconut_grading_ai - INFO - YOLO model loaded successfully
2026-09-08 18:08:18 - coconut_grading_ai - INFO - YOLO model loaded successfully
2026-09-08 18:08:18 - coconut_grading_ai - INFO - YOLO model loaded successfully
2026-09-08 18:08:18 - coconut_grading_ai - INFO - YOLO model loaded successfully
2026-09-08 18:08:18 - coconut_grading_ai - INFO - YOLO model loaded successfully
2026-09-08 18:08:18 - coconut_grading_ai - INFO - YOLO model loaded successfully
2026-09-08 18:08:18 - coconut_grading_ai - INFO - YOLO model loaded successfully
2026-09-08 18:08:18 - coconut_grading_ai - INFO - YOLO model loaded successfully
2026-09-08 18:08:18 - coconut_grading_ai - INFO - YOLO model loaded successfully
2026-09-08 18:08:18 - coconut_grading_ai - INFO - YOLO model loaded successfully
2026-09-08 18:08:18 - coconut_grading_ai - INFO - YOLO model loaded successfully
2026-09-08 18:08:18 - coconut_grading_ai - INFO - YOLO model loaded successfully
2026-09-08 18:08:18 - coconut_grading_ai - INFO - YOLO model loaded successfully
2026-09-08 18:08:18 - coconut_grading_ai - INFO - YOLO model loaded successfully
2026-09-08 18:08:18 - coconut_grading_ai - INFO - YOLO model loaded successfully
2026-09-08 18:08:18 - coconut_grading_ai - INFO - YOLO model loaded successfully
2026-09-08 18:08:18 - coconut_grading_ai - INFO - YOLO model loaded successfully
2026-09-08 18:08:18 - coconut_grading_ai - INFO - YOLO model loaded successfully
2026-09-08 18:08:18 - coconut_grading_ai - INFO - YOLO model loaded successfully
2026-09-08 18:08:18 - coconut_grading_ai - INFO - YOLO model loaded successfully
2026-09-08 18:08:18 - coconut_grading_ai - INFO - YOLO model loaded successfully
2026-09-08 18:08:18 - coconut_grading_ai - INFO - YOLO model loaded successfully
2026-09-08 18:08:18 - coconut_grading_ai - INFO - YOLO model loaded successfully
2026-09-08 18:08:18 - coconut_grading_ai - INFO - YOLO model loaded successfully
2026-09-08 18:08:18 - coconut_grading_ai - INFO - YOLO model loaded successfully
2026-09-08 18:08:18 - coconut_grading_ai - INFO - YOLO model loaded successfully
2026-09-08 18:08:18 - coconut_grading_ai - INFO - YOLO model loaded successfully
2026-09-08 18:08:18 - coconut_grading_ai - INFO - YOLO model loaded successfully
2026-09-08 18:08:18 - coconut_grading_ai - INFO - YOLO model loaded successfully
2026-09-08 18:08:18 - coconut_grading_ai - INFO - YOLO model loaded successfully
2026-09-08 18:08:18 - coconut_grading_ai - INFO - YOLO model loaded successfully
2026-09-08 18:08:18 - coconut_grading_ai - INFO - YOLO model loaded successfully
2026-09-08 18:08:18 - coconut_grading_ai - INFO - YOLO model loaded successfully
2026-09-08 18:08:18 - coconut_grading_ai - INFO - YOLO model loaded successfully
2026-09-08 18:08:18 - coconut_grading_ai - INFO - YOLO model loaded successfully
2026-09-08 18:08:18 - coconut_grading_ai - INFO - YOLO model loaded successfully
2026-09-08 18:08:18 - coconut_grading_ai - INFO - YOLO model loaded successfully
2026-09-08 18:08:18 - coconut_grading_ai - INFO - YOLO model loaded successfully
2026-09-08 18:08:18 - coconut_grading_ai - INFO - YOLO model loaded successfully
2026-09-08 18:08:18 - coconut_grading_ai - INFO - YOLO model loaded successfully
2026-09-08 18:08:18 - coconut_grading_ai - INFO - YOLO model loaded successfully
2026-09-08 18:08:18 - coconut_grading_ai - INFO - YOLO model loaded successfully
2026-09-08 18:08:18 - coconut_grading_ai - INFO - YOLO model loaded successfully
2026-09-08 18:08:18 - coconut_grading_ai - INFO - YOLO model loaded successfully
2026-09-08 18:08:18 - coconut_grading_ai - INFO - YOLO model loaded successfully
2026-09-08 18:08:18 - coconut_grading_ai - INFO - YOLO model loaded successfully
2026-09-08 18:08:18 - coconut_grading_ai - INFO - YOLO model loaded successfully
2026-09-08 18:08:18 - coconut_grading_ai - INFO - YOLO model loaded successfully
2026-09-08 18:08:18 - coconut_grading_ai - INFO - YOLO model loaded successfully
2026-09-08 18:08:18 - coconut_grading_ai - INFO - YOLO model loaded successfully
2026-09-08 18:08:18 - coconut_grading_ai - INFO - YOLO model loaded successfully
2026-09-08 18:08:18 - coconut_grading_ai - INFO - YOLO model loaded successfully
2026-09-08 18:08:18 - coconut_grading_ai - INFO - YOLO model loaded successfully
2026-09-08 18:08:22 - coconut_grading_ai - INFO - YOLO model loaded successfully
2026-09-08 18:08:22 - coconut_grading_ai - INFO - YOLO model loaded successfully
2026-09-08 18:08:22 - coconut_grading_ai - INFO - YOLO model loaded successfully
2026-09-08 18:08:22 - coconut_grading_ai - INFO - YOLO model loaded successfully
2026-09-08 18:08:22 - coconut_grading_ai - INFO - YOLO model loaded successfully
2026-09-08 18:08:22 - coconut_grading_ai - INFO - YOLO model loaded successfully
2026-09-08 18:08:22 - coconut_grading_ai - INFO - YOLO model loaded successfully
2026-09-08 18:08:22 - coconut_grading_ai - INFO - YOLO model loaded successfully
2026-09-08 18:08:22 - coconut_grading_ai - INFO - YOLO model loaded successfully
2026-09-08 18:08:22 - coconut_grading_ai - INFO - YOLO model loaded successfully
2026-09-08 18:08:22 - coconut_grading_ai - INFO - YOLO model loaded successfully
2026-09-08 18:08:22 - coconut_grading_ai - INFO - YOLO model loaded successfully
2026-09-08 18:08:22 - coconut_grading_ai - INFO - YOLO model loaded successfully
2026-09-08 18:08:22 - coconut_grading_ai - INFO - YOLO model loaded successfully
2026-09-08 18:08:22 - coconut_grading_ai - INFO - YOLO model loaded successfully
2026-09-08 18:08:22 - coconut_grading_ai - INFO - YOLO model loaded successfully
2026-09-08 18:08:22 - coconut_grading_ai - INFO - YOLO model loaded successfully
2026-09-08 18:08:22 - coconut_grading_ai - INFO - YOLO model loaded successfully
2026-09-08 18:08:22 - coconut_grading_ai - INFO - YOLO model loaded successfully
2026-09-08 18:08:22 - coconut_grading_ai - INFO - YOLO model loaded successfully
2026-09-08 18:08:22 - coconut_grading_ai - INFO - YOLO model loaded successfully
2026-09-08 18:08:22 - coconut_grading_ai - INFO - YOLO model loaded successfully
2026-09-08 18:08:22 - coconut_grading_ai - INFO - YOLO model loaded successfully
2026-09-08 18:08:22 - coconut_grading_ai - INFO - YOLO model loaded successfully
2026-09-08 18:08:22 - coconut_grading_ai - INFO - YOLO model loaded successfully
2026-09-08 18:08:22 - coconut_grading_ai - INFO - YOLO model loaded successfully
2026-09-08 18:08:22 - coconut_grading_ai - INFO - YOLO model loaded successfully
2026-09-08 18:08:22 - coconut_grading_ai - INFO - YOLO model loaded successfully
2026-09-08 18:08:22 - coconut_grading_ai - INFO - YOLO model loaded successfully
2026-09-08 18:08:22 - coconut_grading_ai - INFO - YOLO model loaded successfully
2026-09-08 18:08:24 - coconut_grading_ai - INFO - YOLO model loaded successfully
2026-09-08 18:08:24 - coconut_grading_ai - INFO - YOLO model loaded successfully
2026-09-08 18:08:24 - coconut_grading_ai - INFO - YOLO model loaded successfully
2026-09-08 18:08:24 - coconut_grading_ai - INFO - YOLO model loaded successfully
2026-09-08 18:08:24 - coconut_grading_ai - INFO - YOLO model loaded successfully
2026-09-08 18:08:24 - coconut_grading_ai - INFO - YOLO model loaded successfully
2026-09-08 18:08:24 - coconut_grading_ai - INFO - YOLO model loaded successfully
2026-09-08 18:08:24 - coconut_grading_ai - INFO - YOLO model loaded successfully
2026-09-08 18:08:24 - coconut_grading_ai - INFO - YOLO model loaded successfully
2026-09-08 18:08:24 - coconut_grading_ai - INFO - YOLO model loaded successfully
2026-09-08 18:08:24 - coconut_grading_ai - INFO - YOLO model loaded successfully
2026-09-08 18:08:24 - coconut_grading_ai - INFO - YOLO model loaded successfully
2026-09-08 18:08:24 - coconut_grading_ai - INFO - YOLO model loaded successfully
2026-09-08 18:08:24 - coconut_grading_ai - INFO - YOLO model loaded successfully
2026-09-08 18:08:24 - coconut_grading_ai - INFO - YOLO model loaded successfully
2026-09-08 18:08:24 - coconut_grading_ai - INFO - YOLO model loaded successfully
2026-09-08 18:08:24 - coconut_grading_ai - INFO - YOLO model loaded successfully
2026-09-08 18:08:24 - coconut_grading_ai - INFO - YOLO model loaded successfully
2026-09-08 18:08:24 - coconut_grading_ai - INFO - YOLO model loaded successfully
2026-09-08 18:08:24 - coconut_grading_ai - INFO - YOLO model loaded successfully
2026-09-08 18:08:24 - coconut_grading_ai - INFO - YOLO model loaded successfully
2026-09-08 18:08:24 - coconut_grading_ai - INFO - YOLO model loaded successfully
2026-09-08 18:08:24 - coconut_grading_ai - INFO - YOLO model loaded successfully
2026-09-08 18:08:24 - coconut_grading_ai - INFO - YOLO model loaded successfully
2026-09-08 18:08:24 - coconut_grading_ai - INFO - YOLO model loaded successfully
2026-09-08 18:08:24 - coconut_grading_ai - INFO - YOLO model loaded successfully
2026-09-08 18:08:24 - coconut_grading_ai - INFO - YOLO model loaded successfully
2026-09-08 18:08:24 - coconut_grading_ai - INFO - YOLO model loaded successfully
2026-09-08 18:08:24 - coconut_grading_ai - INFO - YOLO model loaded successfully
2026-09-08 18:08:24 - coconut_grading_ai - INFO - YOLO model loaded successfully
2026-09-08 18:08:24 - coconut_grading_ai - INFO - YOLO model loaded successfully
2026-09-08 18:08:26 - coconut_grading_ai - INFO - YOLO model loaded successfully
2026-09-08 18:08:26 - coconut_grading_ai - INFO - YOLO model loaded successfully
2026-09-08 18:08:26 - coconut_grading_ai - INFO - YOLO model loaded successfully
2026-09-08 18:08:26 - coconut_grading_ai - INFO - YOLO model loaded successfully
2026-09-08 18:08:26 - coconut_grading_ai - INFO - YOLO model loaded successfully
2026-09-08 18:08:26 - coconut_grading_ai - INFO - YOLO model loaded successfully
2026-09-08 18:08:26 - coconut_grading_ai - INFO - YOLO model loaded successfully
2026-09-08 18:08:26 - coconut_grading_ai - INFO - YOLO model loaded successfully
2026-09-08 18:08:26 - coconut_grading_ai - INFO - YOLO model loaded successfully
2026-09-08 18:08:26 - coconut_grading_ai - INFO - YOLO model loaded successfully
2026-09-08 18:08:26 - coconut_grading_ai - INFO - YOLO model loaded successfully
2026-09-08 18:08:26 - coconut_grading_ai - INFO - YOLO model loaded successfully
2026-09-08 18:08:26 - coconut_grading_ai - INFO - YOLO model loaded successfully
2026-09-08 18:08:26 - coconut_grading_ai - INFO - YOLO model loaded successfully
2026-09-08 18:08:26 - coconut_grading_ai - INFO - YOLO model loaded successfully
2026-09-08 18:08:26 - coconut_grading_ai - INFO - YOLO model loaded successfully
2026-09-08 18:08:26 - coconut_grading_ai - INFO - YOLO model loaded successfully
2026-09-08 18:08:26 - coconut_grading_ai - INFO - YOLO model loaded successfully
2026-09-08 18:08:26 - coconut_grading_ai - INFO - YOLO model loaded successfully
2026-09-08 18:08:26 - coconut_grading_ai - INFO - YOLO model loaded successfully
2026-09-08 18:08:26 - coconut_grading_ai - INFO - YOLO model loaded successfully
2026-09-08 18:08:26 - coconut_grading_ai - INFO - YOLO model loaded successfully
2026-09-08 18:08:26 - coconut_grading_ai - INFO - YOLO model loaded successfully
2026-09-08 18:08:26 - coconut_grading_ai - INFO - YOLO model loaded successfully
2026-09-08 18:08:26 - coconut_grading_ai - INFO - YOLO model loaded successfully
2026-09-08 18:08:26 - coconut_grading_ai - INFO - YOLO model loaded successfully
2026-09-08 18:08:26 - coconut_grading_ai - INFO - YOLO model loaded successfully
2026-09-08 18:08:26 - coconut_grading_ai - INFO - YOLO model loaded successfully
2026-09-08 18:08:26 - coconut_grading_ai - INFO - YOLO model loaded successfully
2026-09-08 18:08:26 - coconut_grading_ai - INFO - YOLO model loaded successfully
2026-09-08 18:08:26 - coconut_grading_ai - INFO - YOLO model loaded successfully
2026-09-08 18:08:26 - coconut_grading_ai - INFO - YOLO model loaded successfully
2026-09-08 18:08:26 - coconut_grading_ai - INFO - YOLO model loaded successfully
2026-09-08 18:08:26 - coconut_grading_ai - INFO - YOLO model loaded successfully
2026-09-08 18:08:26 - coconut_grading_ai - INFO - YOLO model loaded successfully
2026-09-08 18:08:26 - coconut_grading_ai - INFO - YOLO model loaded successfully
2026-09-08 18:08:26 - coconut_grading_ai - INFO - YOLO model loaded successfully
2026-09-08 18:08:26 - coconut_grading_ai - INFO - YOLO model loaded successfully
2026-09-08 18:08:26 - coconut_grading_ai - INFO - YOLO model loaded successfully
2026-09-08 18:08:26 - coconut_grading_ai - INFO - YOLO model loaded successfully
2026-09-08 18:08:26 - coconut_grading_ai - INFO - YOLO model loaded successfully
2026-09-08 18:08:26 - coconut_grading_ai - INFO - YOLO model loaded successfully
2026-09-08 18:08:26 - coconut_grading_ai - INFO - YOLO model loaded successfully
2026-09-08 18:08:26 - coconut_grading_ai - INFO - YOLO model loaded successfully
2026-09-08 18:08:26 - coconut_grading_ai - INFO - YOLO model loaded successfully
2026-09-08 18:08:26 - coconut_grading_ai - INFO - YOLO model loaded successfully
2026-09-08 18:08:26 - coconut_grading_ai - INFO - YOLO model loaded successfully
2026-09-08 18:08:26 - coconut_grading_ai - INFO - YOLO model loaded successfully
2026-09-08 18:08:26 - coconut_grading_ai - INFO - YOLO model loaded successfully
2026-09-08 18:08:26 - coconut_grading_ai - INFO - YOLO model loaded successfully
2026-09-08 18:08:26 - coconut_grading_ai - INFO - YOLO model loaded successfully
2026-09-08 18:08:26 - coconut_grading_ai - INFO - YOLO model loaded successfully
2026-09-08 18:08:26 - coconut_grading_ai - INFO - YOLO model loaded successfully
2026-09-08 18:08:26 - coconut_grading_ai - INFO - YOLO model loaded successfully
2026-09-08 18:08:26 - coconut_grading_ai - INFO - YOLO model loaded successfully
2026-09-08 18:08:26 - coconut_grading_ai - INFO - YOLO model loaded successfully
2026-09-08 18:08:26 - coconut_grading_ai - INFO - YOLO model loaded successfully
2026-09-08 18:08:26 - coconut_grading_ai - INFO - YOLO model loaded successfully
2026-09-08 18:08:26 - coconut_grading_ai - INFO - YOLO model loaded successfully
2026-09-08 18:08:26 - coconut_grading_ai - INFO - YOLO model loaded successfully
2026-09-08 18:08:26 - coconut_grading_ai - INFO - YOLO model loaded successfully
2026-09-08 18:08:26 - coconut_grading_ai - INFO - YOLO model loaded successfully
2026-09-08 18:08:26 - coconut_grading_ai - INFO - YOLO model loaded successfully
2026-09-08 18:08:26 - coconut_grading_ai - INFO - YOLO model loaded successfully
2026-09-08 18:08:26 - coconut_grading_ai - INFO - YOLO model loaded successfully
2026-09-08 18:20:33 - coconut_grading_ai - INFO - YOLO model loaded successfully
2026-09-08 18:20:33 - coconut_grading_ai - INFO - YOLO model loaded successfully
2026-09-08 18:20:33 - coconut_grading_ai - INFO - YOLO model loaded successfully
2026-09-08 18:20:33 - coconut_grading_ai - INFO - YOLO model loaded successfully
2026-09-08 18:20:33 - coconut_grading_ai - INFO - YOLO model loaded successfully
2026-09-08 18:20:33 - coconut_grading_ai - INFO - YOLO model loaded successfully
2026-09-08 18:20:33 - coconut_grading_ai - INFO - YOLO model loaded successfully
2026-09-08 18:20:33 - coconut_grading_ai - INFO - YOLO model loaded successfully
2026-09-08 18:20:33 - coconut_grading_ai - INFO - YOLO model loaded successfully
2026-09-08 18:20:33 - coconut_grading_ai - INFO - YOLO model loaded successfully
2026-09-08 18:20:33 - coconut_grading_ai - INFO - YOLO model loaded successfully
2026-09-08 18:20:33 - coconut_grading_ai - INFO - YOLO model loaded successfully
2026-09-08 18:20:33 - coconut_grading_ai - INFO - YOLO model loaded successfully
2026-09-08 18:20:33 - coconut_grading_ai - INFO - YOLO model loaded successfully
2026-09-08 18:20:33 - coconut_grading_ai - INFO - YOLO model loaded successfully
2026-09-08 18:20:33 - coconut_grading_ai - INFO - YOLO model loaded successfully
2026-09-08 18:20:33 - coconut_grading_ai - INFO - YOLO model loaded successfully
2026-09-08 18:20:33 - coconut_grading_ai - INFO - YOLO model loaded successfully
2026-09-08 18:20:33 - coconut_grading_ai - INFO - YOLO model loaded successfully
2026-09-08 18:20:33 - coconut_grading_ai - INFO - YOLO model loaded successfully
2026-09-08 18:20:33 - coconut_grading_ai - INFO - YOLO model loaded successfully
2026-09-08 18:20:33 - coconut_grading_ai - INFO - YOLO model loaded successfully
2026-09-08 18:20:33 - coconut_grading_ai - INFO - YOLO model loaded successfully
2026-09-08 18:20:33 - coconut_grading_ai - INFO - YOLO model loaded successfully
2026-09-08 18:20:33 - coconut_grading_ai - INFO - YOLO model loaded successfully
2026-09-08 18:20:33 - coconut_grading_ai - INFO - YOLO model loaded successfully
2026-09-08 18:20:33 - coconut_grading_ai - INFO - YOLO model loaded successfully
2026-09-08 18:20:33 - coconut_grading_ai - INFO - YOLO model loaded successfully
2026-09-08 18:20:33 - coconut_grading_ai - INFO - YOLO model loaded successfully
2026-09-08 18:20:33 - coconut_grading_ai - INFO - YOLO model loaded successfully
2026-09-08 18:20:33 - coconut_grading_ai - INFO - YOLO model loaded successfully
2026-09-08 18:20:33 - coconut_grading_ai - INFO - YOLO model loaded successfully
2026-09-08 18:20:33 - coconut_grading_ai - INFO - YOLO model loaded successfully
2026-09-08 18:20:33 - coconut_grading_ai - INFO - YOLO model loaded successfully
2026-09-09 09:25:39 - coconut_grading_ai - INFO - YOLO model loaded successfully
2026-09-09 09:25:39 - coconut_grading_ai - INFO - YOLO model loaded successfully
2026-09-09 09:25:39 - coconut_grading_ai - INFO - YOLO model loaded successfully
2026-09-09 09:25:39 - coconut_grading_ai - INFO - YOLO model loaded successfully
2026-09-09 09:25:39 - coconut_grading_ai - INFO - YOLO model loaded successfully
2026-09-09 09:25:39 - coconut_grading_ai - INFO - YOLO model loaded successfully
2026-09-09 09:25:39 - coconut_grading_ai - INFO - YOLO model loaded successfully
2026-09-09 09:25:39 - coconut_grading_ai - INFO - YOLO model loaded successfully
2026-09-09 09:25:39 - coconut_grading_ai - INFO - YOLO model loaded successfully
2026-09-09 09:25:39 - coconut_grading_ai - INFO - YOLO model loaded successfully
2026-09-09 09:25:39 - coconut_grading_ai - INFO - YOLO model loaded successfully
2026-09-09 09:25:39 - coconut_grading_ai - INFO - YOLO model loaded successfully
2026-09-09 09:25:39 - coconut_grading_ai - INFO - YOLO model loaded successfully
2026-09-09 09:25:39 - coconut_grading_ai - INFO - YOLO model loaded successfully
2026-09-09 09:25:39 - coconut_grading_ai - INFO - YOLO model loaded successfully
2026-09-09 09:25:39 - coconut_grading_ai - INFO - YOLO model loaded successfully
2026-09-09 09:25:39 - coconut_grading_ai - INFO - YOLO model loaded successfully
2026-09-09 09:25:39 - coconut_grading_ai - INFO - YOLO model loaded successfully
2026-09-09 09:25:39 - coconut_grading_ai - INFO - YOLO model loaded successfully
2026-09-09 09:25:39 - coconut_grading_ai - INFO - YOLO model loaded successfully
2026-09-09 09:25:39 - coconut_grading_ai - INFO - YOLO model loaded successfully
2026-09-09 09:25:39 - coconut_grading_ai - INFO - YOLO model loaded successfully
2026-09-09 09:25:39 - coconut_grading_ai - INFO - YOLO model loaded successfully
2026-09-09 09:25:39 - coconut_grading_ai - INFO - YOLO model loaded successfully
2026-09-09 09:25:39 - coconut_grading_ai - INFO - YOLO model loaded successfully
2026-09-09 09:25:39 - coconut_grading_ai - INFO - YOLO model loaded successfully
2026-09-09 09:25:39 - coconut_grading_ai - INFO - YOLO model loaded successfully
2026-09-09 09:25:39 - coconut_grading_ai - INFO - YOLO model loaded successfully
2026-09-09 09:25:39 - coconut_grading_ai - INFO - YOLO model loaded successfully
2026-09-09 09:25:39 - coconut_grading_ai - INFO - YOLO model loaded successfully
2026-09-09 09:25:39 - coconut_grading_ai - INFO - YOLO model loaded successfully
2026-09-09 09:25:39 - coconut_grading_ai - INFO - YOLO model loaded successfully
2026-09-09 09:25:39 - coconut_grading_ai - INFO - YOLO model loaded successfully
2026-09-09 09:25:39 - coconut_grading_ai - INFO - YOLO model loaded successfully
2026-09-09 09:25:52 - coconut_grading_ai - INFO - YOLO model loaded successfully
2026-09-09 09:25:52 - coconut_grading_ai - INFO - YOLO model loaded successfully
2026-09-09 09:25:52 - coconut_grading_ai - INFO - YOLO model loaded successfully
2026-09-09 09:25:52 - coconut_grading_ai - INFO - YOLO model loaded successfully
2026-09-09 09:25:52 - coconut_grading_ai - INFO - YOLO model loaded successfully
2026-09-09 09:25:52 - coconut_grading_ai - INFO - YOLO model loaded successfully
2026-09-09 09:25:52 - coconut_grading_ai - INFO - YOLO model loaded successfully
2026-09-09 09:25:52 - coconut_grading_ai - INFO - YOLO model loaded successfully
2026-09-09 09:25:52 - coconut_grading_ai - INFO - YOLO model loaded successfully
2026-09-09 09:25:52 - coconut_grading_ai - INFO - YOLO model loaded successfully
2026-09-09 09:25:52 - coconut_grading_ai - INFO - YOLO model loaded successfully
2026-09-09 09:25:52 - coconut_grading_ai - INFO - YOLO model loaded successfully
2026-09-09 09:25:52 - coconut_grading_ai - INFO - YOLO model loaded successfully
2026-09-09 09:25:52 - coconut_grading_ai - INFO - YOLO model loaded successfully
2026-09-09 09:25:52 - coconut_grading_ai - INFO - YOLO model loaded successfully
2026-09-09 09:25:52 - coconut_grading_ai - INFO - YOLO model loaded successfully
2026-09-09 09:25:52 - coconut_grading_ai - INFO - YOLO model loaded successfully
2026-09-09 09:25:52 - coconut_grading_ai - INFO - YOLO model loaded successfully
2026-09-09 09:25:52 - coconut_grading_ai - INFO - YOLO model loaded successfully
2026-09-09 09:25:52 - coconut_grading_ai - INFO - YOLO model loaded successfully
2026-09-09 09:25:52 - coconut_grading_ai - INFO - YOLO model loaded successfully
2026-09-09 09:25:52 - coconut_grading_ai - INFO - YOLO model loaded successfully
2026-09-09 09:25:52 - coconut_grading_ai - INFO - YOLO model loaded successfully
2026-09-09 09:25:52 - coconut_grading_ai - INFO - YOLO model loaded successfully
2026-09-09 09:25:52 - coconut_grading_ai - INFO - YOLO model loaded successfully
2026-09-09 09:25:52 - coconut_grading_ai - INFO - YOLO model loaded successfully
2026-09-09 09:25:52 - coconut_grading_ai - INFO - YOLO model loaded successfully
2026-09-09 09:25:52 - coconut_grading_ai - INFO - YOLO model loaded successfully
2026-09-09 09:25:52 - coconut_grading_ai - INFO - YOLO model loaded successfully
2026-09-09 09:25:52 - coconut_grading_ai - INFO - YOLO model loaded successfully
2026-09-09 09:25:52 - coconut_grading_ai - INFO - YOLO model loaded successfully
2026-09-09 09:25:52 - coconut_grading_ai - INFO - YOLO model loaded successfully
2026-09-09 09:25:52 - coconut_grading_ai - INFO - YOLO model loaded successfully
2026-09-09 09:25:52 - coconut_grading_ai - INFO - YOLO model loaded successfully
2026-09-09 09:25:55 - coconut_grading_ai - INFO - YOLO model loaded successfully
2026-09-09 09:25:55 - coconut_grading_ai - INFO - YOLO model loaded successfully
2026-09-09 09:25:55 - coconut_grading_ai - INFO - YOLO model loaded successfully
2026-09-09 09:25:55 - coconut_grading_ai - INFO - YOLO model loaded successfully
2026-09-09 09:25:55 - coconut_grading_ai - INFO - YOLO model loaded successfully
2026-09-09 09:25:55 - coconut_grading_ai - INFO - YOLO model loaded successfully
2026-09-09 09:25:55 - coconut_grading_ai - INFO - YOLO model loaded successfully
2026-09-09 09:25:55 - coconut_grading_ai - INFO - YOLO model loaded successfully
2026-09-09 09:25:55 - coconut_grading_ai - INFO - YOLO model loaded successfully
2026-09-09 09:25:55 - coconut_grading_ai - INFO - YOLO model loaded successfully
2026-09-09 09:25:55 - coconut_grading_ai - INFO - YOLO model loaded successfully
2026-09-09 09:25:55 - coconut_grading_ai - INFO - YOLO model loaded successfully
2026-09-09 09:25:55 - coconut_grading_ai - INFO - YOLO model loaded successfully
2026-09-09 09:25:55 - coconut_grading_ai - INFO - YOLO model loaded successfully
2026-09-09 09:25:55 - coconut_grading_ai - INFO - YOLO model loaded successfully
2026-09-09 09:25:55 - coconut_grading_ai - INFO - YOLO model loaded successfully
2026-09-09 09:25:55 - coconut_grading_ai - INFO - YOLO model loaded successfully
2026-09-09 09:25:55 - coconut_grading_ai - INFO - YOLO model loaded successfully
2026-09-09 09:25:55 - coconut_grading_ai - INFO - YOLO model loaded successfully
2026-09-09 09:25:55 - coconut_grading_ai - INFO - YOLO model loaded successfully
2026-09-09 09:25:55 - coconut_grading_ai - INFO - YOLO model loaded successfully
2026-09-09 09:25:55 - coconut_grading_ai - INFO - YOLO model loaded successfully
2026-09-09 09:25:55 - coconut_grading_ai - INFO - YOLO model loaded successfully
2026-09-09 09:25:55 - coconut_grading_ai - INFO - YOLO model loaded successfully
2026-09-09 09:25:55 - coconut_grading_ai - INFO - YOLO model loaded successfully
2026-09-09 09:25:55 - coconut_grading_ai - INFO - YOLO model loaded successfully
2026-09-09 09:25:55 - coconut_grading_ai - INFO - YOLO model loaded successfully
2026-09-09 09:25:55 - coconut_grading_ai - INFO - YOLO model loaded successfully
2026-09-09 09:25:55 - coconut_grading_ai - INFO - YOLO model loaded successfully
2026-09-09 09:25:55 - coconut_grading_ai - INFO - YOLO model loaded successfully
2026-09-09 09:25:55 - coconut_grading_ai - INFO - YOLO model loaded successfully
2026-09-09 09:25:55 - coconut_grading_ai - INFO - YOLO model loaded successfully
2026-09-09 09:25:55 - coconut_grading_ai - INFO - YOLO model loaded successfully
2026-09-09 09:25:55 - coconut_grading_ai - INFO - YOLO model loaded successfully
2026-09-09 09:26:08 - coconut_grading_ai - INFO - YOLO model loaded successfully
2026-09-09 09:26:08 - coconut_grading_ai - INFO - YOLO model loaded successfully
2026-09-09 09:26:08 - coconut_grading_ai - INFO - YOLO model loaded successfully
2026-09-09 09:26:08 - coconut_grading_ai - INFO - YOLO model loaded successfully
2026-09-09 09:26:08 - coconut_grading_ai - INFO - YOLO model loaded successfully
2026-09-09 09:26:08 - coconut_grading_ai - INFO - YOLO model loaded successfully
2026-09-09 09:26:08 - coconut_grading_ai - INFO - YOLO model loaded successfully
2026-09-09 09:26:08 - coconut_grading_ai - INFO - YOLO model loaded successfully
2026-09-09 09:26:08 - coconut_grading_ai - INFO - YOLO model loaded successfully
2026-09-09 09:26:08 - coconut_grading_ai - INFO - YOLO model loaded successfully
2026-09-09 09:26:08 - coconut_grading_ai - INFO - YOLO model loaded successfully
2026-09-09 09:26:08 - coconut_grading_ai - INFO - YOLO model loaded successfully
2026-09-09 09:26:08 - coconut_grading_ai - INFO - YOLO model loaded successfully
2026-09-09 09:26:08 - coconut_grading_ai - INFO - YOLO model loaded successfully
2026-09-09 09:26:08 - coconut_grading_ai - INFO - YOLO model loaded successfully
2026-09-09 09:26:08 - coconut_grading_ai - INFO - YOLO model loaded successfully
2026-09-09 09:26:08 - coconut_grading_ai - INFO - YOLO model loaded successfully
2026-09-09 09:26:08 - coconut_grading_ai - INFO - YOLO model loaded successfully
2026-09-09 09:26:08 - coconut_grading_ai - INFO - YOLO model loaded successfully
2026-09-09 09:26:08 - coconut_grading_ai - INFO - YOLO model loaded successfully
2026-09-09 09:26:08 - coconut_grading_ai - INFO - YOLO model loaded successfully
2026-09-09 09:26:08 - coconut_grading_ai - INFO - YOLO model loaded successfully
2026-09-09 09:26:08 - coconut_grading_ai - INFO - YOLO model loaded successfully
2026-09-09 09:26:08 - coconut_grading_ai - INFO - YOLO model loaded successfully
2026-09-09 09:26:08 - coconut_grading_ai - INFO - YOLO model loaded successfully
2026-09-09 09:26:08 - coconut_grading_ai - INFO - YOLO model loaded successfully
2026-09-09 09:26:08 - coconut_grading_ai - INFO - YOLO model loaded successfully
2026-09-09 09:26:08 - coconut_grading_ai - INFO - YOLO model loaded successfully
2026-09-09 09:26:08 - coconut_grading_ai - INFO - YOLO model loaded successfully
2026-09-09 09:26:08 - coconut_grading_ai - INFO - YOLO model loaded successfully
2026-09-09 09:26:08 - coconut_grading_ai - INFO - YOLO model loaded successfully
2026-09-09 09:26:08 - coconut_grading_ai - INFO - YOLO model loaded successfully
2026-09-09 09:26:08 - coconut_grading_ai - INFO - YOLO model loaded successfully
2026-09-09 09:26:08 - coconut_grading_ai - INFO - YOLO model loaded successfully
2026-09-09 09:26:09 - coconut_grading_ai - INFO - User Action: user=Vishnu, action=login, details=successful
2026-09-09 09:26:09 - coconut_grading_ai - INFO - User Action: user=Vishnu, action=login, details=successful
2026-09-09 09:26:09 - coconut_grading_ai - INFO - User Action: user=Vishnu, action=login, details=successful
2026-09-09 09:26:09 - coconut_grading_ai - INFO - User Action: user=Vishnu, action=login, details=successful
2026-09-09 09:26:09 - coconut_grading_ai - INFO - User Action: user=Vishnu, action=login, details=successful
2026-09-09 09:26:09 - coconut_grading_ai - INFO - User Action: user=Vishnu, action=login, details=successful
2026-09-09 09:26:09 - coconut_grading_ai - INFO - User Action: user=Vishnu, action=login, details=successful
2026-09-09 09:26:09 - coconut_grading_ai - INFO - User Action: user=Vishnu, action=login, details=successful
2026-09-09 09:26:09 - coconut_grading_ai - INFO - User Action: user=Vishnu, action=login, details=successful
2026-09-09 09:26:09 - coconut_grading_ai - INFO - User Action: user=Vishnu, action=login, details=successful
2026-09-09 09:26:09 - coconut_grading_ai - INFO - User Action: user=Vishnu, action=login, details=successful
2026-09-09 09:26:09 - coconut_grading_ai - INFO - User Action: user=Vishnu, action=login, details=successful
2026-09-09 09:26:09 - coconut_grading_ai - INFO - User Action: user=Vishnu, action=login, details=successful
2026-09-09 09:26:09 - coconut_grading_ai - INFO - User Action: user=Vishnu, action=login, details=successful
2026-09-09 09:26:09 - coconut_grading_ai - INFO - User Action: user=Vishnu, action=login, details=successful
2026-09-09 09:26:09 - coconut_grading_ai - INFO - User Action: user=Vishnu, action=login, details=successful
2026-09-09 09:26:09 - coconut_grading_ai - INFO - User Action: user=Vishnu, action=login, details=successful
2026-09-09 09:26:09 - coconut_grading_ai - INFO - User Action: user=Vishnu, action=login, details=successful
2026-09-09 09:26:09 - coconut_grading_ai - INFO - User Action: user=Vishnu, action=login, details=successful
2026-09-09 09:26:09 - coconut_grading_ai - INFO - User Action: user=Vishnu, action=login, details=successful
2026-09-09 09:26:09 - coconut_grading_ai - INFO - User Action: user=Vishnu, action=login, details=successful
2026-09-09 09:26:09 - coconut_grading_ai - INFO - User Action: user=Vishnu, action=login, details=successful
2026-09-09 09:26:09 - coconut_grading_ai - INFO - User Action: user=Vishnu, action=login, details=successful
2026-09-09 09:26:09 - coconut_grading_ai - INFO - User Action: user=Vishnu, action=login, details=successful
2026-09-09 09:26:09 - coconut_grading_ai - INFO - User Action: user=Vishnu, action=login, details=successful
2026-09-09 09:26:09 - coconut_grading_ai - INFO - User Action: user=Vishnu, action=login, details=successful
2026-09-09 09:26:09 - coconut_grading_ai - INFO - User Action: user=Vishnu, action=login, details=successful
2026-09-09 09:26:09 - coconut_grading_ai - INFO - User Action: user=Vishnu, action=login, details=successful
2026-09-09 09:26:09 - coconut_grading_ai - INFO - User Action: user=Vishnu, action=login, details=successful
2026-09-09 09:26:09 - coconut_grading_ai - INFO - User Action: user=Vishnu, action=login, details=successful
2026-09-09 09:26:09 - coconut_grading_ai - INFO - User Action: user=Vishnu, action=login, details=successful
2026-09-09 09:26:09 - coconut_grading_ai - INFO - User Action: user=Vishnu, action=login, details=successful
2026-09-09 09:26:09 - coconut_grading_ai - INFO - User Action: user=Vishnu, action=login, details=successful
2026-09-09 09:26:09 - coconut_grading_ai - INFO - User Action: user=Vishnu, action=login, details=successful
2026-09-09 09:26:09 - coconut_grading_ai - INFO - YOLO model loaded successfully
2026-09-09 09:26:09 - coconut_grading_ai - INFO - YOLO model loaded successfully
2026-09-09 09:26:09 - coconut_grading_ai - INFO - YOLO model loaded successfully
2026-09-09 09:26:09 - coconut_grading_ai - INFO - YOLO model loaded successfully
2026-09-09 09:26:09 - coconut_grading_ai - INFO - YOLO model loaded successfully
2026-09-09 09:26:09 - coconut_grading_ai - INFO - YOLO model loaded successfully
2026-09-09 09:26:09 - coconut_grading_ai - INFO - YOLO model loaded successfully
2026-09-09 09:26:09 - coconut_grading_ai - INFO - YOLO model loaded successfully
2026-09-09 09:26:09 - coconut_grading_ai - INFO - YOLO model loaded successfully
2026-09-09 09:26:09 - coconut_grading_ai - INFO - YOLO model loaded successfully
2026-09-09 09:26:09 - coconut_grading_ai - INFO - YOLO model loaded successfully
2026-09-09 09:26:09 - coconut_grading_ai - INFO - YOLO model loaded successfully
2026-09-09 09:26:09 - coconut_grading_ai - INFO - YOLO model loaded successfully
2026-09-09 09:26:09 - coconut_grading_ai - INFO - YOLO model loaded successfully
2026-09-09 09:26:09 - coconut_grading_ai - INFO - YOLO model loaded successfully
2026-09-09 09:26:09 - coconut_grading_ai - INFO - YOLO model loaded successfully
2026-09-09 09:26:09 - coconut_grading_ai - INFO - YOLO model loaded successfully
2026-09-09 09:26:09 - coconut_grading_ai - INFO - YOLO model loaded successfully
2026-09-09 09:26:09 - coconut_grading_ai - INFO - YOLO model loaded successfully
2026-09-09 09:26:09 - coconut_grading_ai - INFO - YOLO model loaded successfully
2026-09-09 09:26:09 - coconut_grading_ai - INFO - YOLO model loaded successfully
2026-09-09 09:26:09 - coconut_grading_ai - INFO - YOLO model loaded successfully
2026-09-09 09:26:09 - coconut_grading_ai - INFO - YOLO model loaded successfully
2026-09-09 09:26:09 - coconut_grading_ai - INFO - YOLO model loaded successfully
2026-09-09 09:26:09 - coconut_grading_ai - INFO - YOLO model loaded successfully
2026-09-09 09:26:09 - coconut_grading_ai - INFO - YOLO model loaded successfully
2026-09-09 09:26:09 - coconut_grading_ai - INFO - YOLO model loaded successfully
2026-09-09 09:26:09 - coconut_grading_ai - INFO - YOLO model loaded successfully
2026-09-09 09:26:09 - coconut_grading_ai - INFO - YOLO model loaded successfully
2026-09-09 09:26:09 - coconut_grading_ai - INFO - YOLO model loaded successfully
2026-09-09 09:26:09 - coconut_grading_ai - INFO - YOLO model loaded successfully
2026-09-09 09:26:09 - coconut_grading_ai - INFO - YOLO model loaded successfully
2026-09-09 09:26:09 - coconut_grading_ai - INFO - YOLO model loaded successfully
2026-09-09 09:26:09 - coconut_grading_ai - INFO - YOLO model loaded successfully
2026-09-09 09:26:12 - coconut_grading_ai - INFO - YOLO model loaded successfully
2026-09-09 09:26:12 - coconut_grading_ai - INFO - YOLO model loaded successfully
2026-09-09 09:26:12 - coconut_grading_ai - INFO - YOLO model loaded successfully
2026-09-09 09:26:12 - coconut_grading_ai - INFO - YOLO model loaded successfully
2026-09-09 09:26:12 - coconut_grading_ai - INFO - YOLO model loaded successfully
2026-09-09 09:26:12 - coconut_grading_ai - INFO - YOLO model loaded successfully
2026-09-09 09:26:12 - coconut_grading_ai - INFO - YOLO model loaded successfully
2026-09-09 09:26:12 - coconut_grading_ai - INFO - YOLO model loaded successfully
2026-09-09 09:26:12 - coconut_grading_ai - INFO - YOLO model loaded successfully
2026-09-09 09:26:12 - coconut_grading_ai - INFO - YOLO model loaded successfully
2026-09-09 09:26:12 - coconut_grading_ai - INFO - YOLO model loaded successfully
2026-09-09 09:26:12 - coconut_grading_ai - INFO - YOLO model loaded successfully
2026-09-09 09:26:12 - coconut_grading_ai - INFO - YOLO model loaded successfully
2026-09-09 09:26:12 - coconut_grading_ai - INFO - YOLO model loaded successfully
2026-09-09 09:26:12 - coconut_grading_ai - INFO - YOLO model loaded successfully
2026-09-09 09:26:12 - coconut_grading_ai - INFO - YOLO model loaded successfully
2026-09-09 09:26:12 - coconut_grading_ai - INFO - YOLO model loaded successfully
2026-09-09 09:26:12 - coconut_grading_ai - INFO - YOLO model loaded successfully
2026-09-09 09:26:12 - coconut_grading_ai - INFO - YOLO model loaded successfully
2026-09-09 09:26:12 - coconut_grading_ai - INFO - YOLO model loaded successfully
2026-09-09 09:26:12 - coconut_grading_ai - INFO - YOLO model loaded successfully
2026-09-09 09:26:12 - coconut_grading_ai - INFO - YOLO model loaded successfully
2026-09-09 09:26:12 - coconut_grading_ai - INFO - YOLO model loaded successfully
2026-09-09 09:26:12 - coconut_grading_ai - INFO - YOLO model loaded successfully
2026-09-09 09:26:12 - coconut_grading_ai - INFO - YOLO model loaded successfully
2026-09-09 09:26:12 - coconut_grading_ai - INFO - YOLO model loaded successfully
2026-09-09 09:26:12 - coconut_grading_ai - INFO - YOLO model loaded successfully
2026-09-09 09:26:12 - coconut_grading_ai - INFO - YOLO model loaded successfully
2026-09-09 09:26:12 - coconut_grading_ai - INFO - YOLO model loaded successfully
2026-09-09 09:26:12 - coconut_grading_ai - INFO - YOLO model loaded successfully
2026-09-09 09:26:12 - coconut_grading_ai - INFO - YOLO model loaded successfully
2026-09-09 09:26:12 - coconut_grading_ai - INFO - YOLO model loaded successfully
2026-09-09 09:26:12 - coconut_grading_ai - INFO - YOLO model loaded successfully
2026-09-09 09:26:12 - coconut_grading_ai - INFO - YOLO model loaded successfully
2026-09-09 09:26:29 - coconut_grading_ai - INFO - YOLO model loaded successfully
2026-09-09 09:26:29 - coconut_grading_ai - INFO - YOLO model loaded successfully
2026-09-09 09:26:29 - coconut_grading_ai - INFO - YOLO model loaded successfully
2026-09-09 09:26:29 - coconut_grading_ai - INFO - YOLO model loaded successfully
2026-09-09 09:26:29 - coconut_grading_ai - INFO - YOLO model loaded successfully
2026-09-09 09:26:29 - coconut_grading_ai - INFO - YOLO model loaded successfully
2026-09-09 09:26:29 - coconut_grading_ai - INFO - YOLO model loaded successfully
2026-09-09 09:26:29 - coconut_grading_ai - INFO - YOLO model loaded successfully
2026-09-09 09:26:29 - coconut_grading_ai - INFO - YOLO model loaded successfully
2026-09-09 09:26:29 - coconut_grading_ai - INFO - YOLO model loaded successfully
2026-09-09 09:26:29 - coconut_grading_ai - INFO - YOLO model loaded successfully
2026-09-09 09:26:29 - coconut_grading_ai - INFO - YOLO model loaded successfully
2026-09-09 09:26:29 - coconut_grading_ai - INFO - YOLO model loaded successfully
2026-09-09 09:26:29 - coconut_grading_ai - INFO - YOLO model loaded successfully
2026-09-09 09:26:29 - coconut_grading_ai - INFO - YOLO model loaded successfully
2026-09-09 09:26:29 - coconut_grading_ai - INFO - YOLO model loaded successfully
2026-09-09 09:26:29 - coconut_grading_ai - INFO - YOLO model loaded successfully
2026-09-09 09:26:29 - coconut_grading_ai - INFO - YOLO model loaded successfully
2026-09-09 09:26:29 - coconut_grading_ai - INFO - YOLO model loaded successfully
2026-09-09 09:26:29 - coconut_grading_ai - INFO - YOLO model loaded successfully
2026-09-09 09:26:29 - coconut_grading_ai - INFO - YOLO model loaded successfully
2026-09-09 09:26:29 - coconut_grading_ai - INFO - YOLO model loaded successfully
2026-09-09 09:26:29 - coconut_grading_ai - INFO - YOLO model loaded successfully
2026-09-09 09:26:29 - coconut_grading_ai - INFO - YOLO model loaded successfully
2026-09-09 09:26:29 - coconut_grading_ai - INFO - YOLO model loaded successfully
2026-09-09 09:26:29 - coconut_grading_ai - INFO - YOLO model loaded successfully
2026-09-09 09:26:29 - coconut_grading_ai - INFO - YOLO model loaded successfully
2026-09-09 09:26:29 - coconut_grading_ai - INFO - YOLO model loaded successfully
2026-09-09 09:26:29 - coconut_grading_ai - INFO - YOLO model loaded successfully
2026-09-09 09:26:29 - coconut_grading_ai - INFO - YOLO model loaded successfully
2026-09-09 09:26:29 - coconut_grading_ai - INFO - YOLO model loaded successfully
2026-09-09 09:26:29 - coconut_grading_ai - INFO - YOLO model loaded successfully
2026-09-09 09:26:29 - coconut_grading_ai - INFO - YOLO model loaded successfully
2026-09-09 09:26:29 - coconut_grading_ai - INFO - YOLO model loaded successfully
2026-09-09 09:26:31 - coconut_grading_ai - INFO - YOLO model loaded successfully
2026-09-09 09:26:31 - coconut_grading_ai - INFO - YOLO model loaded successfully
2026-09-09 09:26:31 - coconut_grading_ai - INFO - YOLO model loaded successfully
2026-09-09 09:26:31 - coconut_grading_ai - INFO - YOLO model loaded successfully
2026-09-09 09:26:31 - coconut_grading_ai - INFO - YOLO model loaded successfully
2026-09-09 09:26:31 - coconut_grading_ai - INFO - YOLO model loaded successfully
2026-09-09 09:26:31 - coconut_grading_ai - INFO - YOLO model loaded successfully
2026-09-09 09:26:31 - coconut_grading_ai - INFO - YOLO model loaded successfully
2026-09-09 09:26:31 - coconut_grading_ai - INFO - YOLO model loaded successfully
2026-09-09 09:26:31 - coconut_grading_ai - INFO - YOLO model loaded successfully
2026-09-09 09:26:31 - coconut_grading_ai - INFO - YOLO model loaded successfully
2026-09-09 09:26:31 - coconut_grading_ai - INFO - YOLO model loaded successfully
2026-09-09 09:26:31 - coconut_grading_ai - INFO - YOLO model loaded successfully
2026-09-09 09:26:31 - coconut_grading_ai - INFO - YOLO model loaded successfully
2026-09-09 09:26:31 - coconut_grading_ai - INFO - YOLO model loaded successfully
2026-09-09 09:26:31 - coconut_grading_ai - INFO - YOLO model loaded successfully
2026-09-09 09:26:31 - coconut_grading_ai - INFO - YOLO model loaded successfully
2026-09-09 09:26:31 - coconut_grading_ai - INFO - YOLO model loaded successfully
2026-09-09 09:26:31 - coconut_grading_ai - INFO - YOLO model loaded successfully
2026-09-09 09:26:31 - coconut_grading_ai - INFO - YOLO model loaded successfully
2026-09-09 09:26:31 - coconut_grading_ai - INFO - YOLO model loaded successfully
2026-09-09 09:26:31 - coconut_grading_ai - INFO - YOLO model loaded successfully
2026-09-09 09:26:31 - coconut_grading_ai - INFO - YOLO model loaded successfully
2026-09-09 09:26:31 - coconut_grading_ai - INFO - YOLO model loaded successfully
2026-09-09 09:26:31 - coconut_grading_ai - INFO - YOLO model loaded successfully
2026-09-09 09:26:31 - coconut_grading_ai - INFO - YOLO model loaded successfully
2026-09-09 09:26:31 - coconut_grading_ai - INFO - YOLO model loaded successfully
2026-09-09 09:26:31 - coconut_grading_ai - INFO - YOLO model loaded successfully
2026-09-09 09:26:31 - coconut_grading_ai - INFO - YOLO model loaded successfully
2026-09-09 09:26:31 - coconut_grading_ai - INFO - YOLO model loaded successfully
2026-09-09 09:26:31 - coconut_grading_ai - INFO - YOLO model loaded successfully
2026-09-09 09:26:31 - coconut_grading_ai - INFO - YOLO model loaded successfully
2026-09-09 09:26:31 - coconut_grading_ai - INFO - YOLO model loaded successfully
2026-09-09 09:26:31 - coconut_grading_ai - INFO - YOLO model loaded successfully
2026-09-09 09:26:41 - coconut_grading_ai - INFO - Batch Processing: user=Vishnu, batch=batch_36, images=36, coconuts=53, time=10.51s
2026-09-09 09:26:41 - coconut_grading_ai - INFO - Batch Processing: user=Vishnu, batch=batch_36, images=36, coconuts=53, time=10.51s
2026-09-09 09:26:41 - coconut_grading_ai - INFO - Batch Processing: user=Vishnu, batch=batch_36, images=36, coconuts=53, time=10.51s
2026-09-09 09:26:41 - coconut_grading_ai - INFO - Batch Processing: user=Vishnu, batch=batch_36, images=36, coconuts=53, time=10.51s
2026-09-09 09:26:41 - coconut_grading_ai - INFO - Batch Processing: user=Vishnu, batch=batch_36, images=36, coconuts=53, time=10.51s
2026-09-09 09:26:41 - coconut_grading_ai - INFO - Batch Processing: user=Vishnu, batch=batch_36, images=36, coconuts=53, time=10.51s
2026-09-09 09:26:41 - coconut_grading_ai - INFO - Batch Processing: user=Vishnu, batch=batch_36, images=36, coconuts=53, time=10.51s
2026-09-09 09:26:41 - coconut_grading_ai - INFO - Batch Processing: user=Vishnu, batch=batch_36, images=36, coconuts=53, time=10.51s
2026-09-09 09:26:41 - coconut_grading_ai - INFO - Batch Processing: user=Vishnu, batch=batch_36, images=36, coconuts=53, time=10.51s
2026-09-09 09:26:41 - coconut_grading_ai - INFO - Batch Processing: user=Vishnu, batch=batch_36, images=36, coconuts=53, time=10.51s
2026-09-09 09:26:41 - coconut_grading_ai - INFO - Batch Processing: user=Vishnu, batch=batch_36, images=36, coconuts=53, time=10.51s
2026-09-09 09:26:41 - coconut_grading_ai - INFO - Batch Processing: user=Vishnu, batch=batch_36, images=36, coconuts=53, time=10.51s
2026-09-09 09:26:41 - coconut_grading_ai - INFO - Batch Processing: user=Vishnu, batch=batch_36, images=36, coconuts=53, time=10.51s
2026-09-09 09:26:41 - coconut_grading_ai - INFO - Batch Processing: user=Vishnu, batch=batch_36, images=36, coconuts=53, time=10.51s
2026-09-09 09:26:41 - coconut_grading_ai - INFO - Batch Processing: user=Vishnu, batch=batch_36, images=36, coconuts=53, time=10.51s
2026-09-09 09:26:41 - coconut_grading_ai - INFO - Batch Processing: user=Vishnu, batch=batch_36, images=36, coconuts=53, time=10.51s
2026-09-09 09:26:41 - coconut_grading_ai - INFO - Batch Processing: user=Vishnu, batch=batch_36, images=36, coconuts=53, time=10.51s
2026-09-09 09:26:41 - coconut_grading_ai - INFO - Batch Processing: user=Vishnu, batch=batch_36, images=36, coconuts=53, time=10.51s
2026-09-09 09:26:41 - coconut_grading_ai - INFO - Batch Processing: user=Vishnu, batch=batch_36, images=36, coconuts=53, time=10.51s
2026-09-09 09:26:41 - coconut_grading_ai - INFO - Batch Processing: user=Vishnu, batch=batch_36, images=36, coconuts=53, time=10.51s
2026-09-09 09:26:41 - coconut_grading_ai - INFO - Batch Processing: user=Vishnu, batch=batch_36, images=36, coconuts=53, time=10.51s
2026-09-09 09:26:41 - coconut_grading_ai - INFO - Batch Processing: user=Vishnu, batch=batch_36, images=36, coconuts=53, time=10.51s
2026-09-09 09:26:41 - coconut_grading_ai - INFO - Batch Processing: user=Vishnu, batch=batch_36, images=36, coconuts=53, time=10.51s
2026-09-09 09:26:41 - coconut_grading_ai - INFO - Batch Processing: user=Vishnu, batch=batch_36, images=36, coconuts=53, time=10.51s
2026-09-09 09:26:41 - coconut_grading_ai - INFO - Batch Processing: user=Vishnu, batch=batch_36, images=36, coconuts=53, time=10.51s
2026-09-09 09:26:41 - coconut_grading_ai - INFO - Batch Processing: user=Vishnu, batch=batch_36, images=36, coconuts=53, time=10.51s
2026-09-09 09:26:41 - coconut_grading_ai - INFO - Batch Processing: user=Vishnu, batch=batch_36, images=36, coconuts=53, time=10.51s
2026-09-09 09:26:41 - coconut_grading_ai - INFO - Batch Processing: user=Vishnu, batch=batch_36, images=36, coconuts=53, time=10.51s
2026-09-09 09:26:41 - coconut_grading_ai - INFO - Batch Processing: user=Vishnu, batch=batch_36, images=36, coconuts=53, time=10.51s
2026-09-09 09:26:41 - coconut_grading_ai - INFO - Batch Processing: user=Vishnu, batch=batch_36, images=36, coconuts=53, time=10.51s
2026-09-09 09:26:41 - coconut_grading_ai - INFO - Batch Processing: user=Vishnu, batch=batch_36, images=36, coconuts=53, time=10.51s
2026-09-09 09:26:41 - coconut_grading_ai - INFO - Batch Processing: user=Vishnu, batch=batch_36, images=36, coconuts=53, time=10.51s
2026-09-09 09:26:41 - coconut_grading_ai - INFO - Batch Processing: user=Vishnu, batch=batch_36, images=36, coconuts=53, time=10.51s
2026-09-09 09:26:41 - coconut_grading_ai - INFO - Batch Processing: user=Vishnu, batch=batch_36, images=36, coconuts=53, time=10.51s
2026-09-09 11:14:08 - coconut_grading_ai - INFO - YOLO model loaded successfully
2026-09-09 11:14:08 - coconut_grading_ai - INFO - YOLO model loaded successfully
2026-09-09 11:14:08 - coconut_grading_ai - INFO - YOLO model loaded successfully
2026-09-09 11:14:08 - coconut_grading_ai - INFO - YOLO model loaded successfully
2026-09-09 11:14:08 - coconut_grading_ai - INFO - YOLO model loaded successfully
2026-09-09 11:14:08 - coconut_grading_ai - INFO - YOLO model loaded successfully
2026-09-09 11:14:08 - coconut_grading_ai - INFO - YOLO model loaded successfully
2026-09-09 11:14:08 - coconut_grading_ai - INFO - YOLO model loaded successfully
2026-09-09 11:14:08 - coconut_grading_ai - INFO - YOLO model loaded successfully
2026-09-09 11:14:08 - coconut_grading_ai - INFO - YOLO model loaded successfully
2026-09-09 11:14:08 - coconut_grading_ai - INFO - YOLO model loaded successfully
2026-09-09 11:14:08 - coconut_grading_ai - INFO - YOLO model loaded successfully
2026-09-09 11:14:08 - coconut_grading_ai - INFO - YOLO model loaded successfully
2026-09-09 11:14:08 - coconut_grading_ai - INFO - YOLO model loaded successfully
2026-09-09 11:14:08 - coconut_grading_ai - INFO - YOLO model loaded successfully
2026-09-09 11:14:08 - coconut_grading_ai - INFO - YOLO model loaded successfully
2026-09-09 11:14:08 - coconut_grading_ai - INFO - YOLO model loaded successfully
2026-09-09 11:14:08 - coconut_grading_ai - INFO - YOLO model loaded successfully
2026-09-09 11:14:08 - coconut_grading_ai - INFO - YOLO model loaded successfully
2026-09-09 11:14:08 - coconut_grading_ai - INFO - YOLO model loaded successfully
2026-09-09 11:14:08 - coconut_grading_ai - INFO - YOLO model loaded successfully
2026-09-09 11:14:08 - coconut_grading_ai - INFO - YOLO model loaded successfully
2026-09-09 11:14:08 - coconut_grading_ai - INFO - YOLO model loaded successfully
2026-09-09 11:14:08 - coconut_grading_ai - INFO - YOLO model loaded successfully
2026-09-09 11:14:08 - coconut_grading_ai - INFO - YOLO model loaded successfully
2026-09-09 11:14:08 - coconut_grading_ai - INFO - YOLO model loaded successfully
2026-09-09 11:14:08 - coconut_grading_ai - INFO - YOLO model loaded successfully
2026-09-09 11:14:08 - coconut_grading_ai - INFO - YOLO model loaded successfully
2026-09-09 11:14:08 - coconut_grading_ai - INFO - YOLO model loaded successfully
2026-09-09 11:14:08 - coconut_grading_ai - INFO - YOLO model loaded successfully
2026-09-09 11:14:08 - coconut_grading_ai - INFO - YOLO model loaded successfully
2026-09-09 11:14:08 - coconut_grading_ai - INFO - YOLO model loaded successfully
2026-09-09 11:14:08 - coconut_grading_ai - INFO - YOLO model loaded successfully
2026-09-09 11:14:08 - coconut_grading_ai - INFO - YOLO model loaded successfully
